product_id,stratum,hard_type,client_segment,target_jurisdictions,delivery_channel,asset_settlement_type,novelty_to_firm,third_party_dependency,data_privacy_surface,cash_intensity,anonymity_features,cross_border_reach,model_ai_reliance,involves_custody,sanctions_exposed_asset,new_client_segment,new_geography,anonymity_enhanced_instrument,bearer_negotiable_feature
NPA-000000,designed_medium,,RETAIL,JP,ONLINE,SECURITIES,ADJACENT,REGULATED,0.51,0.35,0,0.51,NONE,0,0,0,0,0,0
NPA-000001,designed_medium,,RETAIL,US,ONLINE,PHYSICAL,ADJACENT,REGULATED,0.46,0.32,0,0.45,ASSISTIVE,0,0,0,0,0,0
NPA-000002,designed_low,,INSTITUTIONAL,CA,BRANCH,SECURITIES,EXISTING,NONE,0.07,0.03,0,0.15,NONE,0,0,0,0,0,0
NPA-000003,designed_low,,INSTITUTIONAL,AU,BRANCH,SECURITIES,EXISTING,REGULATED,0.07,0.01,0,0.09,NONE,0,0,0,0,0,0
NPA-000004,designed_low,,INSTITUTIONAL,AU,ONLINE,SECURITIES,EXISTING,REGULATED,0.15,0.13,0,0.12,NONE,0,0,0,0,0,0
NPA-000005,designed_medium,,RETAIL,TR,ONLINE,SECURITIES,ADJACENT,REGULATED,0.55,0.26,0,0.36,ASSISTIVE,0,0,0,0,0,0
NPA-000006,designed_low,,INSTITUTIONAL,NZ,ONLINE,SECURITIES,EXISTING,REGULATED,0.23,0.1,0,0.12,NONE,0,0,0,0,0,0
NPA-000007,designed_low,,RETAIL,NL,BRANCH,SECURITIES,EXISTING,NONE,0.25,0.1,0,0.11,NONE,0,0,0,0,0,0
NPA-000008,designed_medium,,RETAIL,AE,INTERMEDIATED,DERIVATIVES,ADJACENT,REGULATED,0.27,0.42,0,0.4,ASSISTIVE,0,0,0,0,0,0
NPA-000009,designed_low,,INSTITUTIONAL,DE,ONLINE,SECURITIES,EXISTING,NONE,0.07,0.04,0,0.11,NONE,0,0,0,0,0,0
NPA-000010,designed_low,,INSTITUTIONAL,JP,BRANCH,SECURITIES,EXISTING,NONE,0.25,0.02,0,0.1,NONE,0,0,0,0,0,0
NPA-000011,designed_high,,NON_RESIDENT,TR,API,DERIVATIVES,NEW_CAPABILITY,UNREGULATED,0.65,0.59,1,0.71,ASSISTIVE,0,0,0,0,0,0
NPA-000012,designed_medium,,RETAIL,PA,ONLINE,DERIVATIVES,ADJACENT,REGULATED,0.4,0.29,0,0.53,ASSISTIVE,0,0,0,0,0,0
NPA-000013,prohibited,bearer_feature,RETAIL,FR,BRANCH,SECURITIES,EXISTING,NONE,0.19,0.05,0,0.38,NONE,0,0,0,0,0,1
NPA-000014,designed_low,,RETAIL,AU,BRANCH,SECURITIES,EXISTING,NONE,0.01,0.13,0,0.19,NONE,0,0,0,0,0,0
NPA-000015,designed_low,,INSTITUTIONAL,AU,ONLINE,FIAT,EXISTING,NONE,0.16,0.14,0,0.03,NONE,0,0,0,0,0,0
NPA-000016,designed_medium,,HNW,SG,INTERMEDIATED,DERIVATIVES,ADJACENT,REGULATED,0.6,0.34,0,0.35,ASSISTIVE,0,0,0,0,0,0
NPA-000017,designed_low,,RETAIL,AU,BRANCH,FIAT,EXISTING,REGULATED,0.14,0.09,0,0.0,NONE,0,0,0,0,0,0
NPA-000018,designed_medium,,RETAIL,GB,INTERMEDIATED,SECURITIES,ADJACENT,REGULATED,0.43,0.23,0,0.37,NONE,0,0,0,0,0,0
NPA-000019,designed_high,,UNREGULATED_ENTITY,TR,INTERMEDIATED,DERIVATIVES,NEW_CAPABILITY,UNREGULATED,0.54,0.61,1,0.67,AUTONOMOUS_DECISIONING,0,0,0,0,0,0
NPA-000020,hard_high,sanctions_asset,RETAIL,AU,BRANCH,SECURITIES,ADJACENT,NONE,0.12,0.06,0,0.18,ASSISTIVE,0,1,0,0,0,0
NPA-000021,designed_low,,RETAIL,AU,BRANCH,FIAT,EXISTING,NONE,0.16,0.08,0,0.0,NONE,0,0,0,0,0,0
NPA-000022,designed_low,,RETAIL,NL,BRANCH,SECURITIES,EXISTING,NONE,0.05,0.06,0,0.01,NONE,0,0,0,0,0,0
NPA-000023,designed_low,,INSTITUTIONAL,US,BRANCH,SECURITIES,EXISTING,NONE,0.17,0.11,0,0.16,NONE,0,0,0,0,0,0
NPA-000024,designed_medium,,INSTITUTIONAL,TR,ONLINE,SECURITIES,ADJACENT,REGULATED,0.45,0.31,0,0.46,NONE,0,0,0,0,0,0
NPA-000025,designed_low,,INSTITUTIONAL,FR,ONLINE,FIAT,EXISTING,NONE,0.24,0.01,0,0.04,NONE,0,0,0,0,0,0
NPA-000026,designed_medium,,HNW,GB,ONLINE,PHYSICAL,ADJACENT,REGULATED,0.46,0.34,0,0.35,ASSISTIVE,0,0,0,0,0,0
NPA-000027,hard_high,sanctions_geo,RETAIL,GB|MM,BRANCH,SECURITIES,ADJACENT,NONE,0.34,0.09,0,0.13,NONE,0,0,0,0,0,0
NPA-000028,designed_medium,,HNW,US,INTERMEDIATED,SECURITIES,ADJACENT,REGULATED,0.58,0.41,0,0.51,ASSISTIVE,0,0,0,0,0,0
NPA-000029,designed_low,,INSTITUTIONAL,FR,ONLINE,SECURITIES,EXISTING,REGULATED,0.25,0.12,0,0.11,NONE,0,0,0,0,0,0
NPA-000030,designed_medium,,HNW,DE,INTERMEDIATED,SECURITIES,ADJACENT,REGULATED,0.56,0.37,0,0.25,ASSISTIVE,0,0,0,0,0,0
NPA-000031,designed_medium,,HNW,TR,INTERMEDIATED,DERIVATIVES,ADJACENT,REGULATED,0.57,0.4,0,0.23,ASSISTIVE,0,0,0,0,0,0
NPA-000032,designed_high,,NON_RESIDENT,AE,INTERMEDIATED,DIGITAL_ASSET,ADJACENT,UNREGULATED,0.56,0.53,1,0.72,ASSISTIVE,0,0,0,0,0,0
NPA-000033,designed_low,,RETAIL,FR,BRANCH,SECURITIES,EXISTING,REGULATED,0.14,0.06,0,0.01,NONE,0,0,0,0,0,0
NPA-000034,designed_low,,RETAIL,GB,BRANCH,FIAT,EXISTING,REGULATED,0.03,0.12,0,0.18,NONE,0,0,0,0,0,0
NPA-000035,designed_low,,RETAIL,NZ,BRANCH,FIAT,EXISTING,NONE,0.01,0.11,0,0.07,NONE,0,0,0,0,0,0
NPA-000036,hard_high,da_custody_novelty,HNW,NZ,ONLINE,DIGITAL_ASSET,NEW_CAPABILITY,REGULATED,0.44,0.26,0,0.09,ASSISTIVE,1,0,0,0,0,0
NPA-000037,designed_low,,RETAIL,NZ,BRANCH,FIAT,EXISTING,NONE,0.08,0.13,0,0.19,NONE,0,0,0,0,0,0
NPA-000038,designed_low,,INSTITUTIONAL,FR,BRANCH,FIAT,EXISTING,NONE,0.22,0.04,0,0.12,NONE,0,0,0,0,0,0
NPA-000039,prohibited,anonymity_instrument,RETAIL,AU,ONLINE,DIGITAL_ASSET,ADJACENT,REGULATED,0.3,0.15,0,0.15,NONE,0,0,0,0,1,0
NPA-000040,designed_low,,INSTITUTIONAL,CA,ONLINE,FIAT,EXISTING,NONE,0.11,0.14,0,0.18,NONE,0,0,0,0,0,0
NPA-000041,designed_medium,,HNW,PA,INTERMEDIATED,DERIVATIVES,ADJACENT,REGULATED,0.39,0.24,0,0.24,ASSISTIVE,0,0,0,0,0,0
NPA-000042,designed_medium,,INSTITUTIONAL,TR,INTERMEDIATED,PHYSICAL,ADJACENT,REGULATED,0.54,0.24,0,0.27,ASSISTIVE,0,0,0,0,0,0
NPA-000043,designed_medium,,INSTITUTIONAL,TR,ONLINE,PHYSICAL,ADJACENT,REGULATED,0.28,0.3,0,0.42,ASSISTIVE,0,0,0,0,0,0
NPA-000044,designed_low,,RETAIL,US,BRANCH,FIAT,EXISTING,NONE,0.01,0.04,0,0.1,NONE,0,0,0,0,0,0
NPA-000045,hard_high,segment_geo_combo,RETAIL,SG,ONLINE,FIAT,ADJACENT,REGULATED,0.2,0.04,0,0.28,NONE,0,0,1,1,0,0
NPA-000046,designed_low,,INSTITUTIONAL,CA,ONLINE,FIAT,EXISTING,NONE,0.11,0.12,0,0.13,NONE,0,0,0,0,0,0
NPA-000047,prohibited,bearer_feature,HNW,GB,ONLINE,SECURITIES,ADJACENT,NONE,0.37,0.14,0,0.1,NONE,0,0,0,0,0,1
NPA-000048,designed_low,,INSTITUTIONAL,NZ,BRANCH,SECURITIES,EXISTING,NONE,0.18,0.04,0,0.07,NONE,0,0,0,0,0,0
NPA-000049,hard_high,segment_geo_combo,RETAIL,NL,BRANCH,FIAT,ADJACENT,NONE,0.35,0.02,0,0.16,ASSISTIVE,0,0,1,1,0,0
NPA-000050,designed_low,,INSTITUTIONAL,DE,ONLINE,FIAT,EXISTING,REGULATED,0.1,0.0,0,0.07,NONE,0,0,0,0,0,0
NPA-000051,designed_high,,UNREGULATED_ENTITY,TR,INTERMEDIATED,DIGITAL_ASSET,ADJACENT,UNREGULATED,0.67,0.36,1,0.77,AUTONOMOUS_DECISIONING,0,0,0,0,0,0
NPA-000052,designed_high,,UNREGULATED_ENTITY,TR,API,DERIVATIVES,NEW_CAPABILITY,UNREGULATED,0.53,0.52,1,0.57,AUTONOMOUS_DECISIONING,0,0,0,0,0,0
NPA-000053,designed_low,,RETAIL,SG,BRANCH,SECURITIES,EXISTING,NONE,0.07,0.14,0,0.08,NONE,0,0,0,0,0,0
NPA-000054,designed_high,,UNREGULATED_ENTITY,AE,API,DERIVATIVES,NEW_CAPABILITY,UNREGULATED,0.76,0.66,0,0.8,ASSISTIVE,0,0,0,0,0,0
NPA-000055,designed_low,,RETAIL,JP,BRANCH,FIAT,EXISTING,NONE,0.12,0.02,0,0.19,NONE,0,0,0,0,0,0
NPA-000056,designed_medium,,INSTITUTIONAL,DE,ONLINE,DERIVATIVES,ADJACENT,REGULATED,0.29,0.16,0,0.31,ASSISTIVE,0,0,0,0,0,0
NPA-000057,designed_low,,RETAIL,AU,ONLINE,FIAT,EXISTING,NONE,0.17,0.05,0,0.14,NONE,0,0,0,0,0,0
NPA-000058,designed_high,,NON_RESIDENT,PA,INTERMEDIATED,DERIVATIVES,NEW_CAPABILITY,UNREGULATED,0.7,0.49,1,0.83,ASSISTIVE,0,0,0,0,0,0
NPA-000059,designed_low,,INSTITUTIONAL,SG,ONLINE,FIAT,EXISTING,NONE,0.04,0.08,0,0.13,NONE,0,0,0,0,0,0
NPA-000060,designed_medium,,HNW,HK,INTERMEDIATED,DERIVATIVES,ADJACENT,REGULATED,0.55,0.4,0,0.23,ASSISTIVE,0,0,0,0,0,0
NPA-000061,designed_low,,INSTITUTIONAL,JP,ONLINE,SECURITIES,EXISTING,NONE,0.01,0.13,0,0.04,NONE,0,0,0,0,0,0
NPA-000062,designed_low,,INSTITUTIONAL,GB,BRANCH,SECURITIES,EXISTING,REGULATED,0.0,0.14,0,0.02,NONE,0,0,0,0,0,0
NPA-000063,designed_high,,UNREGULATED_ENTITY,TR,INTERMEDIATED,DERIVATIVES,ADJACENT,UNREGULATED,0.82,0.39,0,0.66,ASSISTIVE,0,0,0,0,0,0
NPA-000064,designed_low,,INSTITUTIONAL,SG,ONLINE,SECURITIES,EXISTING,NONE,0.25,0.08,0,0.07,NONE,0,0,0,0,0,0
NPA-000065,designed_medium,,INSTITUTIONAL,DE,ONLINE,DERIVATIVES,ADJACENT,REGULATED,0.29,0.31,0,0.47,NONE,0,0,0,0,0,0
NPA-000066,designed_low,,INSTITUTIONAL,US,ONLINE,SECURITIES,EXISTING,NONE,0.21,0.04,0,0.07,NONE,0,0,0,0,0,0
NPA-000067,designed_low,,RETAIL,US,BRANCH,FIAT,EXISTING,REGULATED,0.07,0.14,0,0.13,NONE,0,0,0,0,0,0
NPA-000068,designed_high,,NON_RESIDENT,AE,INTERMEDIATED,DERIVATIVES,ADJACENT,UNREGULATED,0.68,0.42,0,0.6,AUTONOMOUS_DECISIONING,0,0,0,0,0,0
NPA-000069,designed_low,,RETAIL,DE,BRANCH,FIAT,EXISTING,REGULATED,0.16,0.01,0,0.03,NONE,0,0,0,0,0,0
NPA-000070,designed_medium,,INSTITUTIONAL,US,INTERMEDIATED,PHYSICAL,ADJACENT,REGULATED,0.46,0.34,0,0.47,ASSISTIVE,0,0,0,0,0,0
NPA-000071,designed_medium,,INSTITUTIONAL,HK,ONLINE,PHYSICAL,ADJACENT,REGULATED,0.59,0.18,0,0.47,NONE,0,0,0,0,0,0
NPA-000072,designed_low,,RETAIL,NL,BRANCH,FIAT,EXISTING,REGULATED,0.02,0.0,0,0.09,NONE,0,0,0,0,0,0
NPA-000073,designed_medium,,INSTITUTIONAL,TR,INTERMEDIATED,PHYSICAL,ADJACENT,REGULATED,0.55,0.17,0,0.28,ASSISTIVE,0,0,0,0,0,0
NPA-000074,designed_high,,NON_RESIDENT,HK,API,DIGITAL_ASSET,NEW_CAPABILITY,UNREGULATED,0.86,0.68,0,0.52,AUTONOMOUS_DECISIONING,0,0,0,0,0,0
NPA-000075,designed_medium,,HNW,DE,INTERMEDIATED,PHYSICAL,ADJACENT,REGULATED,0.36,0.27,0,0.3,ASSISTIVE,0,0,0,0,0,0
NPA-000076,designed_low,,RETAIL,DE,ONLINE,SECURITIES,EXISTING,REGULATED,0.06,0.01,0,0.19,NONE,0,0,0,0,0,0
NPA-000077,designed_high,,NON_RESIDENT,PA,API,DIGITAL_ASSET,ADJACENT,UNREGULATED,0.71,0.53,1,0.57,AUTONOMOUS_DECISIONING,0,0,0,0,0,0
NPA-000078,designed_medium,,INSTITUTIONAL,HK,INTERMEDIATED,DERIVATIVES,ADJACENT,REGULATED,0.36,0.18,0,0.26,ASSISTIVE,0,0,0,0,0,0
NPA-000079,designed_medium,,INSTITUTIONAL,JP,INTERMEDIATED,SECURITIES,ADJACENT,REGULATED,0.36,0.25,0,0.54,ASSISTIVE,0,0,0,0,0,0
NPA-000080,hard_high,sanctions_geo,RETAIL,FR|BY,ONLINE,SECURITIES,EXISTING,NONE,0.26,0.19,0,0.2,ASSISTIVE,0,0,0,0,0,0
NPA-000081,designed_low,,RETAIL,US,BRANCH,SECURITIES,EXISTING,NONE,0.01,0.09,0,0.16,NONE,0,0,0,0,0,0
NPA-000082,designed_medium,,INSTITUTIONAL,AE,ONLINE,SECURITIES,ADJACENT,REGULATED,0.6,0.42,0,0.36,NONE,0,0,0,0,0,0
NPA-000083,designed_medium,,RETAIL,PA,INTERMEDIATED,DERIVATIVES,ADJACENT,REGULATED,0.59,0.22,0,0.39,ASSISTIVE,0,0,0,0,0,0
NPA-000084,designed_low,,RETAIL,AU,BRANCH,SECURITIES,EXISTING,NONE,0.23,0.08,0,0.16,NONE,0,0,0,0,0,0
NPA-000085,designed_low,,INSTITUTIONAL,JP,ONLINE,SECURITIES,EXISTING,NONE,0.11,0.07,0,0.07,NONE,0,0,0,0,0,0
NPA-000086,designed_high,,UNREGULATED_ENTITY,HK,INTERMEDIATED,DIGITAL_ASSET,NEW_CAPABILITY,UNREGULATED,0.73,0.44,1,0.52,AUTONOMOUS_DECISIONING,0,0,0,0,0,0
NPA-000087,designed_medium,,INSTITUTIONAL,TR,ONLINE,SECURITIES,ADJACENT,REGULATED,0.43,0.33,0,0.5,ASSISTIVE,0,0,0,0,0,0
NPA-000088,designed_low,,INSTITUTIONAL,CA,ONLINE,FIAT,EXISTING,NONE,0.22,0.15,0,0.01,NONE,0,0,0,0,0,0
NPA-000089,designed_high,,UNREGULATED_ENTITY,PA,INTERMEDIATED,DIGITAL_ASSET,ADJACENT,UNREGULATED,0.84,0.69,1,0.88,AUTONOMOUS_DECISIONING,0,0,0,0,0,0
NPA-000090,hard_high,segment_geo_combo,RETAIL,JP,BRANCH,FIAT,ADJACENT,NONE,0.37,0.13,0,0.04,NONE,0,0,1,1,0,0
NPA-000091,designed_low,,INSTITUTIONAL,CA,BRANCH,SECURITIES,EXISTING,NONE,0.07,0.06,0,0.03,NONE,0,0,0,0,0,0
NPA-000092,designed_medium,,HNW,JP,ONLINE,SECURITIES,ADJACENT,REGULATED,0.46,0.26,0,0.44,ASSISTIVE,0,0,0,0,0,0
NPA-000093,hard_high,sanctions_asset,RETAIL,NZ,ONLINE,SECURITIES,ADJACENT,REGULATED,0.33,0.27,0,0.19,ASSISTIVE,0,1,0,0,0,0
NPA-000094,designed_low,,INSTITUTIONAL,JP,BRANCH,SECURITIES,EXISTING,REGULATED,0.06,0.13,0,0.04,NONE,0,0,0,0,0,0
NPA-000095,designed_low,,INSTITUTIONAL,AU,BRANCH,SECURITIES,EXISTING,REGULATED,0.09,0.04,0,0.14,NONE,0,0,0,0,0,0
NPA-000096,designed_low,,INSTITUTIONAL,US,BRANCH,FIAT,EXISTING,REGULATED,0.19,0.12,0,0.18,NONE,0,0,0,0,0,0
NPA-000097,designed_high,,NON_RESIDENT,PA,API,DIGITAL_ASSET,ADJACENT,UNREGULATED,0.77,0.64,0,0.75,ASSISTIVE,0,0,0,0,0,0
NPA-000098,designed_low,,INSTITUTIONAL,CA,ONLINE,SECURITIES,EXISTING,REGULATED,0.03,0.14,0,0.07,NONE,0,0,0,0,0,0
NPA-000099,designed_low,,RETAIL,NL,ONLINE,SECURITIES,EXISTING,REGULATED,0.13,0.04,0,0.03,NONE,0,0,0,0,0,0
NPA-000100,hard_high,da_custody_novelty,INSTITUTIONAL,US,ONLINE,DIGITAL_ASSET,NEW_CAPABILITY,NONE,0.07,0.29,0,0.34,ASSISTIVE,1,0,0,0,0,0
NPA-000101,designed_low,,INSTITUTIONAL,CA,BRANCH,FIAT,EXISTING,NONE,0.09,0.11,0,0.05,NONE,0,0,0,0,0,0
NPA-000102,designed_low,,INSTITUTIONAL,AU,ONLINE,FIAT,EXISTING,NONE,0.01,0.13,0,0.11,NONE,0,0,0,0,0,0
NPA-000103,hard_high,sanctions_geo,RETAIL,AU|RU,ONLINE,SECURITIES,ADJACENT,NONE,0.07,0.28,0,0.12,ASSISTIVE,0,0,0,0,0,0
NPA-000104,designed_low,,RETAIL,DE,BRANCH,SECURITIES,EXISTING,REGULATED,0.24,0.1,0,0.11,NONE,0,0,0,0,0,0
NPA-000105,designed_medium,,HNW,GB,INTERMEDIATED,PHYSICAL,ADJACENT,REGULATED,0.39,0.44,0,0.21,ASSISTIVE,0,0,0,0,0,0
NPA-000106,designed_low,,INSTITUTIONAL,NZ,BRANCH,FIAT,EXISTING,REGULATED,0.09,0.14,0,0.13,NONE,0,0,0,0,0,0
NPA-000107,designed_low,,INSTITUTIONAL,NZ,BRANCH,SECURITIES,EXISTING,NONE,0.17,0.1,0,0.12,NONE,0,0,0,0,0,0
NPA-000108,designed_low,,INSTITUTIONAL,NZ,BRANCH,FIAT,EXISTING,NONE,0.21,0.08,0,0.12,NONE,0,0,0,0,0,0
NPA-000109,designed_high,,NON_RESIDENT,PA,API,DIGITAL_ASSET,ADJACENT,UNREGULATED,0.84,0.41,0,0.72,ASSISTIVE,0,0,0,0,0,0
NPA-000110,designed_low,,RETAIL,NL,BRANCH,SECURITIES,EXISTING,NONE,0.15,0.0,0,0.05,NONE,0,0,0,0,0,0
NPA-000111,designed_low,,INSTITUTIONAL,FR,BRANCH,FIAT,EXISTING,NONE,0.11,0.05,0,0.12,NONE,0,0,0,0,0,0
NPA-000112,designed_medium,,RETAIL,AE,INTERMEDIATED,PHYSICAL,ADJACENT,REGULATED,0.59,0.17,0,0.37,ASSISTIVE,0,0,0,0,0,0
NPA-000113,designed_low,,RETAIL,SG,ONLINE,SECURITIES,EXISTING,NONE,0.22,0.05,0,0.03,NONE,0,0,0,0,0,0
NPA-000114,designed_low,,INSTITUTIONAL,DE,ONLINE,SECURITIES,EXISTING,NONE,0.13,0.06,0,0.16,NONE,0,0,0,0,0,0
NPA-000115,designed_low,,RETAIL,DE,BRANCH,FIAT,EXISTING,NONE,0.08,0.07,0,0.08,NONE,0,0,0,0,0,0
NPA-000116,designed_low,,INSTITUTIONAL,GB,ONLINE,SECURITIES,EXISTING,NONE,0.24,0.1,0,0.09,NONE,0,0,0,0,0,0
NPA-000117,designed_low,,RETAIL,AU,BRANCH,FIAT,EXISTING,REGULATED,0.18,0.12,0,0.11,NONE,0,0,0,0,0,0
NPA-000118,designed_medium,,HNW,FR,INTERMEDIATED,DERIVATIVES,ADJACENT,REGULATED,0.56,0.43,0,0.35,NONE,0,0,0,0,0,0
NPA-000119,prohibited,prohibited_jurisdiction,HNW,US|SY,ONLINE,FIAT,EXISTING,NONE,0.33,0.07,0,0.04,ASSISTIVE,0,0,0,0,0,0
NPA-000120,designed_medium,,INSTITUTIONAL,AE,ONLINE,SECURITIES,ADJACENT,REGULATED,0.35,0.38,0,0.52,ASSISTIVE,0,0,0,0,0,0
NPA-000121,designed_low,,RETAIL,JP,ONLINE,SECURITIES,EXISTING,NONE,0.04,0.09,0,0.01,NONE,0,0,0,0,0,0
NPA-000122,designed_high,,NON_RESIDENT,HK,INTERMEDIATED,DERIVATIVES,ADJACENT,UNREGULATED,0.56,0.47,1,0.81,ASSISTIVE,0,0,0,0,0,0
NPA-000123,hard_high,sanctions_asset,RETAIL,NL,BRANCH,FIAT,ADJACENT,REGULATED,0.33,0.15,0,0.18,ASSISTIVE,0,1,0,0,0,0
NPA-000124,designed_high,,NON_RESIDENT,PA,INTERMEDIATED,DIGITAL_ASSET,ADJACENT,UNREGULATED,0.77,0.59,1,0.52,AUTONOMOUS_DECISIONING,0,0,0,0,0,0
NPA-000125,prohibited,bearer_feature,RETAIL,CA,BRANCH,SECURITIES,EXISTING,NONE,0.38,0.09,0,0.05,ASSISTIVE,0,0,0,0,0,1
NPA-000126,designed_low,,RETAIL,DE,ONLINE,FIAT,EXISTING,REGULATED,0.14,0.1,0,0.07,NONE,0,0,0,0,0,0
NPA-000127,designed_low,,RETAIL,DE,BRANCH,SECURITIES,EXISTING,NONE,0.22,0.09,0,0.11,NONE,0,0,0,0,0,0
NPA-000128,designed_medium,,INSTITUTIONAL,AE,ONLINE,DERIVATIVES,ADJACENT,REGULATED,0.31,0.43,0,0.36,ASSISTIVE,0,0,0,0,0,0
NPA-000129,designed_low,,RETAIL,NZ,BRANCH,SECURITIES,EXISTING,REGULATED,0.02,0.13,0,0.15,NONE,0,0,0,0,0,0
NPA-000130,designed_low,,RETAIL,AU,ONLINE,FIAT,EXISTING,REGULATED,0.13,0.14,0,0.07,NONE,0,0,0,0,0,0
NPA-000131,designed_high,,NON_RESIDENT,TR,API,DIGITAL_ASSET,ADJACENT,UNREGULATED,0.58,0.59,0,0.57,AUTONOMOUS_DECISIONING,0,0,0,0,0,0
NPA-000132,designed_medium,,HNW,HK,INTERMEDIATED,SECURITIES,ADJACENT,REGULATED,0.4,0.29,0,0.42,ASSISTIVE,0,0,0,0,0,0
NPA-000133,designed_medium,,INSTITUTIONAL,AE,INTERMEDIATED,DERIVATIVES,ADJACENT,REGULATED,0.26,0.26,0,0.3,NONE,0,0,0,0,0,0
NPA-000134,designed_medium,,HNW,SG,INTERMEDIATED,PHYSICAL,ADJACENT,REGULATED,0.48,0.25,0,0.37,NONE,0,0,0,0,0,0
NPA-000135,prohibited,anonymity_instrument,INSTITUTIONAL,AU,ONLINE,DIGITAL_ASSET,EXISTING,NONE,0.12,0.13,0,0.18,NONE,0,0,0,0,1,0
NPA-000136,designed_low,,INSTITUTIONAL,DE,BRANCH,SECURITIES,EXISTING,REGULATED,0.15,0.12,0,0.13,NONE,0,0,0,0,0,0
NPA-000137,designed_low,,RETAIL,FR,ONLINE,SECURITIES,EXISTING,NONE,0.06,0.13,0,0.19,NONE,0,0,0,0,0,0
NPA-000138,designed_medium,,RETAIL,DE,INTERMEDIATED,DERIVATIVES,ADJACENT,REGULATED,0.59,0.36,0,0.34,NONE,0,0,0,0,0,0
NPA-000139,designed_low,,INSTITUTIONAL,GB,BRANCH,FIAT,EXISTING,REGULATED,0.17,0.08,0,0.0,NONE,0,0,0,0,0,0
NPA-000140,designed_low,,RETAIL,GB,BRANCH,FIAT,EXISTING,NONE,0.25,0.02,0,0.06,NONE,0,0,0,0,0,0
NPA-000141,designed_high,,NON_RESIDENT,PA,API,DERIVATIVES,NEW_CAPABILITY,UNREGULATED,0.56,0.68,0,0.79,ASSISTIVE,0,0,0,0,0,0
NPA-000142,designed_low,,RETAIL,SG,ONLINE,SECURITIES,EXISTING,REGULATED,0.2,0.04,0,0.05,NONE,0,0,0,0,0,0
NPA-000143,prohibited,prohibited_jurisdiction,INSTITUTIONAL,NZ|IR,ONLINE,SECURITIES,ADJACENT,REGULATED,0.39,0.15,0,0.17,NONE,0,0,0,0,0,0
NPA-000144,hard_high,segment_geo_combo,RETAIL,SG,ONLINE,FIAT,EXISTING,REGULATED,0.04,0.05,0,0.18,NONE,0,0,1,1,0,0
NPA-000145,designed_low,,RETAIL,SG,BRANCH,FIAT,EXISTING,NONE,0.01,0.08,0,0.05,NONE,0,0,0,0,0,0
NPA-000146,prohibited,bearer_feature,INSTITUTIONAL,NZ,BRANCH,SECURITIES,EXISTING,REGULATED,0.4,0.04,0,0.11,ASSISTIVE,0,0,0,0,0,1
NPA-000147,designed_high,,UNREGULATED_ENTITY,HK,API,DIGITAL_ASSET,NEW_CAPABILITY,UNREGULATED,0.6,0.68,1,0.54,AUTONOMOUS_DECISIONING,0,0,0,0,0,0
NPA-000148,designed_low,,RETAIL,CA,BRANCH,SECURITIES,EXISTING,REGULATED,0.2,0.07,0,0.02,NONE,0,0,0,0,0,0
NPA-000149,hard_high,sanctions_asset,HNW,FR,BRANCH,FIAT,EXISTING,REGULATED,0.21,0.18,0,0.1,ASSISTIVE,0,1,0,0,0,0
NPA-000150,designed_medium,,RETAIL,FR,ONLINE,DERIVATIVES,ADJACENT,REGULATED,0.56,0.16,0,0.34,ASSISTIVE,0,0,0,0,0,0
NPA-000151,designed_low,,RETAIL,GB,BRANCH,SECURITIES,EXISTING,NONE,0.18,0.09,0,0.15,NONE,0,0,0,0,0,0
NPA-000152,designed_high,,UNREGULATED_ENTITY,TR,API,DERIVATIVES,ADJACENT,UNREGULATED,0.83,0.42,1,0.89,AUTONOMOUS_DECISIONING,0,0,0,0,0,0
NPA-000153,designed_medium,,RETAIL,US,INTERMEDIATED,SECURITIES,ADJACENT,REGULATED,0.27,0.21,0,0.21,ASSISTIVE,0,0,0,0,0,0
NPA-000154,designed_medium,,HNW,SG,ONLINE,DERIVATIVES,ADJACENT,REGULATED,0.37,0.38,0,0.5,ASSISTIVE,0,0,0,0,0,0
NPA-000155,designed_low,,INSTITUTIONAL,DE,BRANCH,SECURITIES,EXISTING,NONE,0.08,0.03,0,0.14,NONE,0,0,0,0,0,0
NPA-000156,designed_low,,INSTITUTIONAL,AU,ONLINE,SECURITIES,EXISTING,NONE,0.11,0.15,0,0.04,NONE,0,0,0,0,0,0
NPA-000157,designed_low,,RETAIL,AU,BRANCH,SECURITIES,EXISTING,NONE,0.11,0.11,0,0.03,NONE,0,0,0,0,0,0
NPA-000158,designed_low,,INSTITUTIONAL,CA,ONLINE,SECURITIES,EXISTING,REGULATED,0.25,0.04,0,0.2,NONE,0,0,0,0,0,0
NPA-000159,prohibited,prohibited_jurisdiction,RETAIL,DE|IR,ONLINE,FIAT,EXISTING,NONE,0.42,0.2,0,0.18,NONE,0,0,0,0,0,0
NPA-000160,designed_high,,UNREGULATED_ENTITY,PA,INTERMEDIATED,DIGITAL_ASSET,NEW_CAPABILITY,UNREGULATED,0.77,0.73,1,0.68,ASSISTIVE,0,0,0,0,0,0
NPA-000161,designed_medium,,HNW,HK,INTERMEDIATED,SECURITIES,ADJACENT,REGULATED,0.59,0.16,0,0.27,ASSISTIVE,0,0,0,0,0,0
NPA-000162,hard_high,sanctions_geo,RETAIL,US|MM,ONLINE,SECURITIES,EXISTING,REGULATED,0.35,0.3,0,0.08,NONE,0,0,0,0,0,0
NPA-000163,designed_low,,INSTITUTIONAL,AU,ONLINE,SECURITIES,EXISTING,REGULATED,0.09,0.01,0,0.11,NONE,0,0,0,0,0,0
NPA-000164,hard_high,da_custody_novelty,RETAIL,NL,ONLINE,DIGITAL_ASSET,NEW_CAPABILITY,NONE,0.4,0.07,0,0.2,ASSISTIVE,1,0,0,0,0,0
NPA-000165,designed_medium,,HNW,GB,INTERMEDIATED,DERIVATIVES,ADJACENT,REGULATED,0.6,0.37,0,0.38,ASSISTIVE,0,0,0,0,0,0
NPA-000166,designed_high,,NON_RESIDENT,TR,INTERMEDIATED,DIGITAL_ASSET,ADJACENT,UNREGULATED,0.69,0.56,0,0.85,ASSISTIVE,0,0,0,0,0,0
NPA-000167,designed_high,,NON_RESIDENT,HK,API,DIGITAL_ASSET,NEW_CAPABILITY,UNREGULATED,0.62,0.41,0,0.64,AUTONOMOUS_DECISIONING,0,0,0,0,0,0
NPA-000168,hard_high,sanctions_asset,INSTITUTIONAL,NZ,ONLINE,FIAT,ADJACENT,NONE,0.25,0.05,0,0.38,NONE,0,1,0,0,0,0
NPA-000169,designed_medium,,HNW,FR,ONLINE,SECURITIES,ADJACENT,REGULATED,0.27,0.34,0,0.4,NONE,0,0,0,0,0,0
NPA-000170,designed_high,,UNREGULATED_ENTITY,AE,INTERMEDIATED,DERIVATIVES,ADJACENT,UNREGULATED,0.69,0.67,1,0.62,ASSISTIVE,0,0,0,0,0,0
NPA-000171,designed_medium,,RETAIL,HK,INTERMEDIATED,SECURITIES,ADJACENT,REGULATED,0.37,0.19,0,0.5,ASSISTIVE,0,0,0,0,0,0
NPA-000172,designed_high,,UNREGULATED_ENTITY,HK,API,DERIVATIVES,NEW_CAPABILITY,UNREGULATED,0.63,0.54,1,0.68,ASSISTIVE,0,0,0,0,0,0
NPA-000173,designed_low,,INSTITUTIONAL,DE,ONLINE,SECURITIES,EXISTING,NONE,0.24,0.14,0,0.16,NONE,0,0,0,0,0,0
NPA-000174,hard_high,segment_geo_combo,HNW,GB,BRANCH,FIAT,ADJACENT,REGULATED,0.25,0.09,0,0.01,ASSISTIVE,0,0,1,1,0,0
NPA-000175,prohibited,anonymity_instrument,RETAIL,JP,ONLINE,DIGITAL_ASSET,EXISTING,REGULATED,0.25,0.26,0,0.26,ASSISTIVE,0,0,0,0,1,0
NPA-000176,designed_medium,,RETAIL,TR,INTERMEDIATED,DERIVATIVES,ADJACENT,REGULATED,0.38,0.27,0,0.4,NONE,0,0,0,0,0,0
NPA-000177,designed_low,,INSTITUTIONAL,AU,BRANCH,SECURITIES,EXISTING,REGULATED,0.07,0.15,0,0.14,NONE,0,0,0,0,0,0
NPA-000178,designed_low,,RETAIL,DE,BRANCH,SECURITIES,EXISTING,REGULATED,0.23,0.11,0,0.04,NONE,0,0,0,0,0,0
NPA-000179,designed_medium,,HNW,US,ONLINE,PHYSICAL,ADJACENT,REGULATED,0.37,0.29,0,0.36,NONE,0,0,0,0,0,0
NPA-000180,designed_low,,INSTITUTIONAL,NL,BRANCH,SECURITIES,EXISTING,REGULATED,0.08,0.12,0,0.11,NONE,0,0,0,0,0,0
NPA-000181,designed_medium,,INSTITUTIONAL,AE,INTERMEDIATED,PHYSICAL,ADJACENT,REGULATED,0.29,0.27,0,0.31,NONE,0,0,0,0,0,0
NPA-000182,designed_medium,,INSTITUTIONAL,JP,INTERMEDIATED,SECURITIES,ADJACENT,REGULATED,0.43,0.37,0,0.47,ASSISTIVE,0,0,0,0,0,0
NPA-000183,designed_low,,RETAIL,CA,ONLINE,FIAT,EXISTING,NONE,0.0,0.05,0,0.03,NONE,0,0,0,0,0,0
NPA-000184,designed_medium,,INSTITUTIONAL,FR,ONLINE,PHYSICAL,ADJACENT,REGULATED,0.32,0.25,0,0.43,ASSISTIVE,0,0,0,0,0,0
NPA-000185,designed_low,,RETAIL,SG,ONLINE,SECURITIES,EXISTING,REGULATED,0.09,0.12,0,0.14,NONE,0,0,0,0,0,0
NPA-000186,designed_medium,,HNW,DE,ONLINE,DERIVATIVES,ADJACENT,REGULATED,0.45,0.22,0,0.54,ASSISTIVE,0,0,0,0,0,0
NPA-000187,designed_high,,NON_RESIDENT,HK,INTERMEDIATED,DERIVATIVES,ADJACENT,UNREGULATED,0.72,0.72,1,0.62,AUTONOMOUS_DECISIONING,0,0,0,0,0,0
NPA-000188,hard_high,segment_geo_combo,INSTITUTIONAL,GB,BRANCH,SECURITIES,EXISTING,REGULATED,0.48,0.02,0,0.37,ASSISTIVE,0,0,1,1,0,0
NPA-000189,designed_low,,INSTITUTIONAL,FR,ONLINE,SECURITIES,EXISTING,NONE,0.03,0.11,0,0.05,NONE,0,0,0,0,0,0
NPA-000190,designed_low,,RETAIL,NZ,BRANCH,FIAT,EXISTING,NONE,0.08,0.07,0,0.14,NONE,0,0,0,0,0,0
NPA-000191,designed_low,,RETAIL,DE,ONLINE,SECURITIES,EXISTING,NONE,0.16,0.11,0,0.06,NONE,0,0,0,0,0,0
NPA-000192,designed_low,,RETAIL,AU,ONLINE,FIAT,EXISTING,REGULATED,0.18,0.13,0,0.01,NONE,0,0,0,0,0,0
NPA-000193,hard_high,sanctions_geo,INSTITUTIONAL,NL|VE,BRANCH,SECURITIES,ADJACENT,NONE,0.47,0.29,0,0.37,NONE,0,0,0,0,0,0
NPA-000194,designed_medium,,RETAIL,PA,INTERMEDIATED,SECURITIES,ADJACENT,REGULATED,0.55,0.29,0,0.27,NONE,0,0,0,0,0,0
NPA-000195,designed_low,,INSTITUTIONAL,US,ONLINE,FIAT,EXISTING,NONE,0.18,0.12,0,0.11,NONE,0,0,0,0,0,0
NPA-000196,designed_high,,NON_RESIDENT,HK,INTERMEDIATED,DERIVATIVES,NEW_CAPABILITY,UNREGULATED,0.66,0.39,0,0.69,ASSISTIVE,0,0,0,0,0,0
NPA-000197,designed_low,,INSTITUTIONAL,NZ,BRANCH,SECURITIES,EXISTING,NONE,0.08,0.11,0,0.0,NONE,0,0,0,0,0,0
NPA-000198,designed_medium,,HNW,GB,INTERMEDIATED,DERIVATIVES,ADJACENT,REGULATED,0.31,0.36,0,0.52,ASSISTIVE,0,0,0,0,0,0
NPA-000199,designed_medium,,HNW,DE,ONLINE,SECURITIES,ADJACENT,REGULATED,0.42,0.29,0,0.55,ASSISTIVE,0,0,0,0,0,0
NPA-000200,designed_low,,INSTITUTIONAL,FR,ONLINE,FIAT,EXISTING,NONE,0.17,0.09,0,0.16,NONE,0,0,0,0,0,0
NPA-000201,designed_medium,,HNW,JP,ONLINE,SECURITIES,ADJACENT,REGULATED,0.54,0.42,0,0.27,NONE,0,0,0,0,0,0
NPA-000202,designed_low,,INSTITUTIONAL,AU,ONLINE,FIAT,EXISTING,REGULATED,0.15,0.01,0,0.1,NONE,0,0,0,0,0,0
NPA-000203,designed_high,,UNREGULATED_ENTITY,TR,INTERMEDIATED,DERIVATIVES,NEW_CAPABILITY,UNREGULATED,0.72,0.62,1,0.79,AUTONOMOUS_DECISIONING,0,0,0,0,0,0
NPA-000204,designed_low,,RETAIL,NZ,ONLINE,FIAT,EXISTING,NONE,0.11,0.11,0,0.11,NONE,0,0,0,0,0,0
NPA-000205,designed_low,,RETAIL,SG,BRANCH,SECURITIES,EXISTING,NONE,0.04,0.02,0,0.13,NONE,0,0,0,0,0,0
NPA-000206,designed_high,,UNREGULATED_ENTITY,PA,INTERMEDIATED,DERIVATIVES,ADJACENT,UNREGULATED,0.65,0.62,0,0.76,AUTONOMOUS_DECISIONING,0,0,0,0,0,0
NPA-000207,designed_low,,INSTITUTIONAL,FR,BRANCH,FIAT,EXISTING,NONE,0.19,0.15,0,0.09,NONE,0,0,0,0,0,0
NPA-000208,designed_medium,,INSTITUTIONAL,FR,ONLINE,DERIVATIVES,ADJACENT,REGULATED,0.37,0.23,0,0.53,NONE,0,0,0,0,0,0
NPA-000209,designed_low,,INSTITUTIONAL,JP,BRANCH,FIAT,EXISTING,NONE,0.02,0.09,0,0.09,NONE,0,0,0,0,0,0
NPA-000210,designed_medium,,RETAIL,AE,INTERMEDIATED,SECURITIES,ADJACENT,REGULATED,0.44,0.38,0,0.47,NONE,0,0,0,0,0,0
NPA-000211,designed_medium,,INSTITUTIONAL,PA,ONLINE,DERIVATIVES,ADJACENT,REGULATED,0.56,0.45,0,0.38,ASSISTIVE,0,0,0,0,0,0
NPA-000212,designed_low,,RETAIL,FR,ONLINE,FIAT,EXISTING,REGULATED,0.17,0.08,0,0.01,NONE,0,0,0,0,0,0
NPA-000213,designed_low,,INSTITUTIONAL,FR,BRANCH,SECURITIES,EXISTING,NONE,0.04,0.06,0,0.15,NONE,0,0,0,0,0,0
NPA-000214,designed_medium,,RETAIL,TR,ONLINE,PHYSICAL,ADJACENT,REGULATED,0.39,0.27,0,0.39,ASSISTIVE,0,0,0,0,0,0
NPA-000215,designed_low,,RETAIL,GB,ONLINE,FIAT,EXISTING,NONE,0.21,0.01,0,0.14,NONE,0,0,0,0,0,0
NPA-000216,designed_low,,INSTITUTIONAL,DE,ONLINE,FIAT,EXISTING,NONE,0.05,0.11,0,0.14,NONE,0,0,0,0,0,0
NPA-000217,designed_medium,,INSTITUTIONAL,PA,ONLINE,SECURITIES,ADJACENT,REGULATED,0.58,0.44,0,0.24,ASSISTIVE,0,0,0,0,0,0
NPA-000218,hard_high,da_custody_novelty,HNW,JP,BRANCH,DIGITAL_ASSET,NEW_CAPABILITY,REGULATED,0.39,0.11,0,0.21,ASSISTIVE,1,0,0,0,0,0
NPA-000219,designed_low,,INSTITUTIONAL,SG,BRANCH,SECURITIES,EXISTING,NONE,0.23,0.06,0,0.08,NONE,0,0,0,0,0,0
NPA-000220,designed_medium,,RETAIL,JP,INTERMEDIATED,PHYSICAL,ADJACENT,REGULATED,0.58,0.32,0,0.35,NONE,0,0,0,0,0,0
NPA-000221,designed_low,,RETAIL,DE,ONLINE,FIAT,EXISTING,NONE,0.14,0.14,0,0.07,NONE,0,0,0,0,0,0
NPA-000222,designed_high,,UNREGULATED_ENTITY,HK,INTERMEDIATED,DIGITAL_ASSET,ADJACENT,UNREGULATED,0.57,0.64,1,0.57,ASSISTIVE,0,0,0,0,0,0
NPA-000223,designed_medium,,RETAIL,JP,INTERMEDIATED,SECURITIES,ADJACENT,REGULATED,0.54,0.22,0,0.45,NONE,0,0,0,0,0,0
NPA-000224,designed_low,,INSTITUTIONAL,GB,BRANCH,SECURITIES,EXISTING,REGULATED,0.12,0.0,0,0.11,NONE,0,0,0,0,0,0
NPA-000225,designed_low,,INSTITUTIONAL,FR,BRANCH,FIAT,EXISTING,REGULATED,0.2,0.1,0,0.16,NONE,0,0,0,0,0,0
NPA-000226,hard_high,segment_geo_combo,RETAIL,AU,BRANCH,FIAT,EXISTING,REGULATED,0.41,0.08,0,0.16,ASSISTIVE,0,0,1,1,0,0
NPA-000227,designed_medium,,RETAIL,TR,ONLINE,PHYSICAL,ADJACENT,REGULATED,0.6,0.34,0,0.21,ASSISTIVE,0,0,0,0,0,0
NPA-000228,designed_low,,INSTITUTIONAL,CA,ONLINE,FIAT,EXISTING,REGULATED,0.04,0.07,0,0.09,NONE,0,0,0,0,0,0
NPA-000229,designed_high,,NON_RESIDENT,AE,API,DIGITAL_ASSET,ADJACENT,UNREGULATED,0.61,0.72,1,0.86,ASSISTIVE,0,0,0,0,0,0
NPA-000230,designed_low,,INSTITUTIONAL,CA,BRANCH,FIAT,EXISTING,REGULATED,0.21,0.14,0,0.06,NONE,0,0,0,0,0,0
NPA-000231,designed_medium,,HNW,PA,ONLINE,PHYSICAL,ADJACENT,REGULATED,0.5,0.3,0,0.54,NONE,0,0,0,0,0,0
NPA-000232,designed_low,,RETAIL,AU,BRANCH,SECURITIES,EXISTING,NONE,0.01,0.04,0,0.2,NONE,0,0,0,0,0,0
NPA-000233,designed_medium,,INSTITUTIONAL,HK,ONLINE,PHYSICAL,ADJACENT,REGULATED,0.46,0.26,0,0.47,ASSISTIVE,0,0,0,0,0,0
NPA-000234,designed_high,,NON_RESIDENT,AE,INTERMEDIATED,DIGITAL_ASSET,ADJACENT,UNREGULATED,0.78,0.6,1,0.63,ASSISTIVE,0,0,0,0,0,0
NPA-000235,designed_low,,INSTITUTIONAL,SG,BRANCH,SECURITIES,EXISTING,NONE,0.03,0.03,0,0.09,NONE,0,0,0,0,0,0
NPA-000236,designed_medium,,INSTITUTIONAL,US,INTERMEDIATED,PHYSICAL,ADJACENT,REGULATED,0.28,0.33,0,0.31,ASSISTIVE,0,0,0,0,0,0
NPA-000237,designed_low,,INSTITUTIONAL,DE,BRANCH,FIAT,EXISTING,REGULATED,0.13,0.1,0,0.03,NONE,0,0,0,0,0,0
NPA-000238,designed_low,,INSTITUTIONAL,SG,BRANCH,FIAT,EXISTING,NONE,0.11,0.06,0,0.1,NONE,0,0,0,0,0,0
NPA-000239,designed_low,,INSTITUTIONAL,NZ,ONLINE,SECURITIES,EXISTING,REGULATED,0.15,0.07,0,0.03,NONE,0,0,0,0,0,0
NPA-000240,designed_low,,INSTITUTIONAL,GB,ONLINE,SECURITIES,EXISTING,NONE,0.11,0.06,0,0.16,NONE,0,0,0,0,0,0
NPA-000241,designed_medium,,HNW,PA,ONLINE,DERIVATIVES,ADJACENT,REGULATED,0.36,0.44,0,0.54,ASSISTIVE,0,0,0,0,0,0
NPA-000242,designed_high,,UNREGULATED_ENTITY,TR,INTERMEDIATED,DERIVATIVES,ADJACENT,UNREGULATED,0.83,0.51,0,0.87,ASSISTIVE,0,0,0,0,0,0
NPA-000243,designed_medium,,HNW,AE,ONLINE,DERIVATIVES,ADJACENT,REGULATED,0.53,0.4,0,0.22,ASSISTIVE,0,0,0,0,0,0
NPA-000244,designed_medium,,RETAIL,JP,INTERMEDIATED,PHYSICAL,ADJACENT,REGULATED,0.3,0.28,0,0.33,ASSISTIVE,0,0,0,0,0,0
NPA-000245,prohibited,prohibited_jurisdiction,INSTITUTIONAL,JP|IR,ONLINE,SECURITIES,EXISTING,REGULATED,0.35,0.24,0,0.24,NONE,0,0,0,0,0,0
NPA-000246,designed_medium,,INSTITUTIONAL,AE,INTERMEDIATED,DERIVATIVES,ADJACENT,REGULATED,0.29,0.18,0,0.28,NONE,0,0,0,0,0,0
NPA-000247,designed_low,,INSTITUTIONAL,SG,ONLINE,FIAT,EXISTING,NONE,0.25,0.07,0,0.06,NONE,0,0,0,0,0,0
NPA-000248,hard_high,sanctions_geo,RETAIL,AU|MM,BRANCH,SECURITIES,ADJACENT,REGULATED,0.23,0.06,0,0.19,ASSISTIVE,0,0,0,0,0,0
NPA-000249,designed_high,,UNREGULATED_ENTITY,PA,API,DERIVATIVES,NEW_CAPABILITY,UNREGULATED,0.82,0.4,1,0.76,ASSISTIVE,0,0,0,0,0,0
NPA-000250,hard_high,sanctions_asset,HNW,NZ,BRANCH,FIAT,ADJACENT,REGULATED,0.48,0.07,0,0.16,NONE,0,1,0,0,0,0
NPA-000251,designed_medium,,INSTITUTIONAL,SG,INTERMEDIATED,PHYSICAL,ADJACENT,REGULATED,0.4,0.15,0,0.28,ASSISTIVE,0,0,0,0,0,0
NPA-000252,designed_high,,NON_RESIDENT,AE,API,DERIVATIVES,ADJACENT,UNREGULATED,0.58,0.4,1,0.71,AUTONOMOUS_DECISIONING,0,0,0,0,0,0
NPA-000253,designed_medium,,HNW,AE,INTERMEDIATED,DERIVATIVES,ADJACENT,REGULATED,0.47,0.39,0,0.45,ASSISTIVE,0,0,0,0,0,0
NPA-000254,hard_high,segment_geo_combo,HNW,AU,BRANCH,SECURITIES,EXISTING,NONE,0.15,0.05,0,0.28,ASSISTIVE,0,0,1,1,0,0
NPA-000255,designed_medium,,HNW,SG,INTERMEDIATED,PHYSICAL,ADJACENT,REGULATED,0.44,0.43,0,0.53,NONE,0,0,0,0,0,0
NPA-000256,designed_medium,,INSTITUTIONAL,DE,INTERMEDIATED,DERIVATIVES,ADJACENT,REGULATED,0.47,0.41,0,0.53,ASSISTIVE,0,0,0,0,0,0
NPA-000257,designed_low,,INSTITUTIONAL,FR,ONLINE,SECURITIES,EXISTING,NONE,0.17,0.06,0,0.17,NONE,0,0,0,0,0,0
NPA-000258,designed_medium,,RETAIL,FR,INTERMEDIATED,SECURITIES,ADJACENT,REGULATED,0.35,0.31,0,0.26,ASSISTIVE,0,0,0,0,0,0
NPA-000259,designed_medium,,INSTITUTIONAL,FR,INTERMEDIATED,PHYSICAL,ADJACENT,REGULATED,0.54,0.26,0,0.49,NONE,0,0,0,0,0,0
NPA-000260,designed_high,,UNREGULATED_ENTITY,TR,INTERMEDIATED,DIGITAL_ASSET,NEW_CAPABILITY,UNREGULATED,0.62,0.75,1,0.61,ASSISTIVE,0,0,0,0,0,0
NPA-000261,designed_low,,RETAIL,NZ,BRANCH,SECURITIES,EXISTING,REGULATED,0.15,0.06,0,0.12,NONE,0,0,0,0,0,0
NPA-000262,designed_high,,NON_RESIDENT,AE,INTERMEDIATED,DERIVATIVES,NEW_CAPABILITY,UNREGULATED,0.63,0.63,1,0.73,ASSISTIVE,0,0,0,0,0,0
NPA-000263,designed_low,,INSTITUTIONAL,CA,BRANCH,FIAT,EXISTING,REGULATED,0.22,0.04,0,0.14,NONE,0,0,0,0,0,0
NPA-000264,designed_high,,UNREGULATED_ENTITY,HK,API,DERIVATIVES,ADJACENT,UNREGULATED,0.65,0.38,0,0.66,AUTONOMOUS_DECISIONING,0,0,0,0,0,0
NPA-000265,designed_medium,,INSTITUTIONAL,HK,ONLINE,PHYSICAL,ADJACENT,REGULATED,0.28,0.44,0,0.42,ASSISTIVE,0,0,0,0,0,0
NPA-000266,hard_high,segment_geo_combo,HNW,DE,BRANCH,SECURITIES,EXISTING,REGULATED,0.13,0.25,0,0.14,NONE,0,0,1,1,0,0
NPA-000267,designed_high,,NON_RESIDENT,AE,API,DERIVATIVES,NEW_CAPABILITY,UNREGULATED,0.55,0.69,1,0.68,AUTONOMOUS_DECISIONING,0,0,0,0,0,0
NPA-000268,designed_low,,RETAIL,US,BRANCH,SECURITIES,EXISTING,NONE,0.16,0.04,0,0.07,NONE,0,0,0,0,0,0
NPA-000269,hard_high,sanctions_geo,RETAIL,CA|BY,ONLINE,SECURITIES,EXISTING,REGULATED,0.33,0.21,0,0.0,ASSISTIVE,0,0,0,0,0,0
NPA-000270,designed_medium,,HNW,JP,ONLINE,PHYSICAL,ADJACENT,REGULATED,0.37,0.19,0,0.5,NONE,0,0,0,0,0,0
NPA-000271,designed_medium,,RETAIL,SG,ONLINE,DERIVATIVES,ADJACENT,REGULATED,0.38,0.24,0,0.33,NONE,0,0,0,0,0,0
NPA-000272,designed_medium,,HNW,GB,ONLINE,DERIVATIVES,ADJACENT,REGULATED,0.37,0.21,0,0.46,ASSISTIVE,0,0,0,0,0,0
NPA-000273,designed_medium,,INSTITUTIONAL,GB,ONLINE,SECURITIES,ADJACENT,REGULATED,0.46,0.27,0,0.54,ASSISTIVE,0,0,0,0,0,0
NPA-000274,designed_high,,NON_RESIDENT,PA,API,DIGITAL_ASSET,ADJACENT,UNREGULATED,0.81,0.63,1,0.58,ASSISTIVE,0,0,0,0,0,0
NPA-000275,designed_high,,UNREGULATED_ENTITY,AE,API,DERIVATIVES,ADJACENT,UNREGULATED,0.55,0.55,0,0.71,ASSISTIVE,0,0,0,0,0,0
NPA-000276,prohibited,bearer_feature,INSTITUTIONAL,NL,ONLINE,SECURITIES,ADJACENT,NONE,0.38,0.29,0,0.31,NONE,0,0,0,0,0,1
NPA-000277,designed_low,,INSTITUTIONAL,NZ,BRANCH,FIAT,EXISTING,NONE,0.13,0.09,0,0.1,NONE,0,0,0,0,0,0
NPA-000278,designed_low,,INSTITUTIONAL,AU,ONLINE,FIAT,EXISTING,NONE,0.02,0.01,0,0.18,NONE,0,0,0,0,0,0
NPA-000279,prohibited,prohibited_jurisdiction,RETAIL,FR|KP,ONLINE,SECURITIES,EXISTING,REGULATED,0.35,0.22,0,0.34,NONE,0,0,0,0,0,0
NPA-000280,hard_high,da_custody_novelty,RETAIL,SG,BRANCH,DIGITAL_ASSET,NEW_CAPABILITY,NONE,0.01,0.04,0,0.0,ASSISTIVE,1,0,0,0,0,0
NPA-000281,designed_medium,,HNW,TR,ONLINE,PHYSICAL,ADJACENT,REGULATED,0.52,0.23,0,0.51,NONE,0,0,0,0,0,0
NPA-000282,designed_low,,INSTITUTIONAL,US,ONLINE,FIAT,EXISTING,NONE,0.18,0.09,0,0.02,NONE,0,0,0,0,0,0
NPA-000283,designed_medium,,INSTITUTIONAL,US,INTERMEDIATED,SECURITIES,ADJACENT,REGULATED,0.34,0.18,0,0.4,NONE,0,0,0,0,0,0
NPA-000284,designed_low,,RETAIL,CA,BRANCH,FIAT,EXISTING,NONE,0.12,0.06,0,0.03,NONE,0,0,0,0,0,0
NPA-000285,hard_high,da_custody_novelty,RETAIL,FR,ONLINE,DIGITAL_ASSET,NEW_CAPABILITY,NONE,0.21,0.22,0,0.11,NONE,1,0,0,0,0,0
NPA-000286,designed_low,,RETAIL,NL,BRANCH,FIAT,EXISTING,NONE,0.02,0.07,0,0.06,NONE,0,0,0,0,0,0
NPA-000287,hard_high,segment_geo_combo,INSTITUTIONAL,AU,ONLINE,FIAT,ADJACENT,NONE,0.15,0.24,0,0.3,NONE,0,0,1,1,0,0
NPA-000288,designed_low,,INSTITUTIONAL,NZ,ONLINE,FIAT,EXISTING,NONE,0.0,0.06,0,0.05,NONE,0,0,0,0,0,0
NPA-000289,designed_low,,RETAIL,GB,BRANCH,SECURITIES,EXISTING,REGULATED,0.18,0.02,0,0.11,NONE,0,0,0,0,0,0
NPA-000290,designed_low,,INSTITUTIONAL,CA,BRANCH,SECURITIES,EXISTING,NONE,0.01,0.03,0,0.17,NONE,0,0,0,0,0,0
NPA-000291,designed_low,,INSTITUTIONAL,SG,ONLINE,FIAT,EXISTING,REGULATED,0.02,0.02,0,0.16,NONE,0,0,0,0,0,0
NPA-000292,designed_low,,RETAIL,DE,ONLINE,FIAT,EXISTING,NONE,0.07,0.13,0,0.19,NONE,0,0,0,0,0,0
NPA-000293,designed_low,,INSTITUTIONAL,GB,BRANCH,SECURITIES,EXISTING,NONE,0.02,0.03,0,0.16,NONE,0,0,0,0,0,0
NPA-000294,designed_medium,,RETAIL,TR,INTERMEDIATED,DERIVATIVES,ADJACENT,REGULATED,0.39,0.31,0,0.54,NONE,0,0,0,0,0,0
NPA-000295,designed_medium,,INSTITUTIONAL,DE,ONLINE,PHYSICAL,ADJACENT,REGULATED,0.36,0.36,0,0.41,NONE,0,0,0,0,0,0
NPA-000296,designed_high,,UNREGULATED_ENTITY,TR,API,DIGITAL_ASSET,ADJACENT,UNREGULATED,0.66,0.37,1,0.6,ASSISTIVE,0,0,0,0,0,0
NPA-000297,designed_low,,INSTITUTIONAL,SG,ONLINE,FIAT,EXISTING,NONE,0.12,0.12,0,0.03,NONE,0,0,0,0,0,0
NPA-000298,designed_low,,RETAIL,NL,BRANCH,SECURITIES,EXISTING,NONE,0.17,0.14,0,0.02,NONE,0,0,0,0,0,0
NPA-000299,designed_medium,,RETAIL,US,INTERMEDIATED,SECURITIES,ADJACENT,REGULATED,0.28,0.4,0,0.48,NONE,0,0,0,0,0,0
NPA-000300,designed_low,,INSTITUTIONAL,CA,BRANCH,SECURITIES,EXISTING,REGULATED,0.1,0.0,0,0.14,NONE,0,0,0,0,0,0
NPA-000301,designed_low,,RETAIL,NL,BRANCH,SECURITIES,EXISTING,NONE,0.22,0.01,0,0.12,NONE,0,0,0,0,0,0
NPA-000302,designed_low,,INSTITUTIONAL,SG,BRANCH,SECURITIES,EXISTING,NONE,0.02,0.06,0,0.08,NONE,0,0,0,0,0,0
NPA-000303,designed_medium,,HNW,AE,INTERMEDIATED,DERIVATIVES,ADJACENT,REGULATED,0.44,0.3,0,0.52,ASSISTIVE,0,0,0,0,0,0
NPA-000304,designed_low,,RETAIL,CA,BRANCH,FIAT,EXISTING,NONE,0.22,0.12,0,0.01,NONE,0,0,0,0,0,0
NPA-000305,prohibited,prohibited_jurisdiction,HNW,GB|CU,BRANCH,FIAT,EXISTING,NONE,0.33,0.08,0,0.33,NONE,0,0,0,0,0,0
NPA-000306,designed_low,,RETAIL,NL,BRANCH,SECURITIES,EXISTING,REGULATED,0.17,0.14,0,0.01,NONE,0,0,0,0,0,0
NPA-000307,designed_medium,,HNW,FR,INTERMEDIATED,PHYSICAL,ADJACENT,REGULATED,0.36,0.3,0,0.23,NONE,0,0,0,0,0,0
NPA-000308,designed_medium,,RETAIL,FR,INTERMEDIATED,PHYSICAL,ADJACENT,REGULATED,0.32,0.19,0,0.45,ASSISTIVE,0,0,0,0,0,0
NPA-000309,designed_low,,RETAIL,JP,ONLINE,FIAT,EXISTING,NONE,0.21,0.13,0,0.19,NONE,0,0,0,0,0,0
NPA-000310,designed_low,,INSTITUTIONAL,JP,BRANCH,SECURITIES,EXISTING,NONE,0.08,0.15,0,0.15,NONE,0,0,0,0,0,0
NPA-000311,designed_low,,INSTITUTIONAL,GB,BRANCH,SECURITIES,EXISTING,NONE,0.17,0.12,0,0.08,NONE,0,0,0,0,0,0
NPA-000312,designed_high,,UNREGULATED_ENTITY,TR,API,DIGITAL_ASSET,ADJACENT,UNREGULATED,0.84,0.66,0,0.57,AUTONOMOUS_DECISIONING,0,0,0,0,0,0
NPA-000313,hard_high,sanctions_geo,HNW,NZ|VE,BRANCH,SECURITIES,EXISTING,REGULATED,0.37,0.07,0,0.39,NONE,0,0,0,0,0,0
NPA-000314,designed_low,,INSTITUTIONAL,NZ,BRANCH,FIAT,EXISTING,NONE,0.06,0.02,0,0.0,NONE,0,0,0,0,0,0
NPA-000315,designed_low,,INSTITUTIONAL,NL,BRANCH,SECURITIES,EXISTING,NONE,0.09,0.06,0,0.17,NONE,0,0,0,0,0,0
NPA-000316,designed_high,,NON_RESIDENT,TR,INTERMEDIATED,DIGITAL_ASSET,NEW_CAPABILITY,UNREGULATED,0.62,0.48,0,0.53,ASSISTIVE,0,0,0,0,0,0
NPA-000317,hard_high,sanctions_asset,RETAIL,AU,BRANCH,SECURITIES,ADJACENT,NONE,0.22,0.2,0,0.24,ASSISTIVE,0,1,0,0,0,0
NPA-000318,designed_low,,INSTITUTIONAL,NZ,BRANCH,SECURITIES,EXISTING,REGULATED,0.14,0.14,0,0.11,NONE,0,0,0,0,0,0
NPA-000319,designed_medium,,INSTITUTIONAL,GB,INTERMEDIATED,PHYSICAL,ADJACENT,REGULATED,0.44,0.3,0,0.22,NONE,0,0,0,0,0,0
NPA-000320,designed_low,,INSTITUTIONAL,JP,BRANCH,FIAT,EXISTING,NONE,0.01,0.03,0,0.06,NONE,0,0,0,0,0,0
NPA-000321,designed_low,,RETAIL,US,BRANCH,SECURITIES,EXISTING,NONE,0.22,0.04,0,0.13,NONE,0,0,0,0,0,0
NPA-000322,designed_low,,INSTITUTIONAL,DE,BRANCH,FIAT,EXISTING,NONE,0.01,0.07,0,0.05,NONE,0,0,0,0,0,0
NPA-000323,designed_high,,NON_RESIDENT,TR,API,DIGITAL_ASSET,ADJACENT,UNREGULATED,0.82,0.52,0,0.72,AUTONOMOUS_DECISIONING,0,0,0,0,0,0
NPA-000324,designed_high,,UNREGULATED_ENTITY,HK,API,DERIVATIVES,ADJACENT,UNREGULATED,0.53,0.71,0,0.7,ASSISTIVE,0,0,0,0,0,0
NPA-000325,designed_low,,INSTITUTIONAL,NL,BRANCH,FIAT,EXISTING,NONE,0.03,0.06,0,0.2,NONE,0,0,0,0,0,0
NPA-000326,designed_low,,RETAIL,JP,BRANCH,SECURITIES,EXISTING,REGULATED,0.23,0.01,0,0.08,NONE,0,0,0,0,0,0
NPA-000327,designed_low,,INSTITUTIONAL,US,ONLINE,SECURITIES,EXISTING,NONE,0.2,0.09,0,0.1,NONE,0,0,0,0,0,0
NPA-000328,designed_low,,INSTITUTIONAL,NL,BRANCH,FIAT,EXISTING,NONE,0.14,0.02,0,0.06,NONE,0,0,0,0,0,0
NPA-000329,designed_medium,,INSTITUTIONAL,PA,INTERMEDIATED,PHYSICAL,ADJACENT,REGULATED,0.46,0.16,0,0.3,NONE,0,0,0,0,0,0
NPA-000330,designed_medium,,HNW,JP,INTERMEDIATED,DERIVATIVES,ADJACENT,REGULATED,0.49,0.16,0,0.37,ASSISTIVE,0,0,0,0,0,0
NPA-000331,hard_high,sanctions_asset,RETAIL,GB,ONLINE,SECURITIES,ADJACENT,REGULATED,0.43,0.21,0,0.39,NONE,0,1,0,0,0,0
NPA-000332,designed_low,,INSTITUTIONAL,GB,BRANCH,SECURITIES,EXISTING,REGULATED,0.16,0.03,0,0.04,NONE,0,0,0,0,0,0
NPA-000333,designed_high,,UNREGULATED_ENTITY,PA,API,DIGITAL_ASSET,NEW_CAPABILITY,UNREGULATED,0.62,0.55,0,0.81,ASSISTIVE,0,0,0,0,0,0
NPA-000334,designed_low,,RETAIL,CA,BRANCH,FIAT,EXISTING,NONE,0.01,0.05,0,0.04,NONE,0,0,0,0,0,0
NPA-000335,designed_low,,INSTITUTIONAL,FR,BRANCH,FIAT,EXISTING,REGULATED,0.01,0.06,0,0.12,NONE,0,0,0,0,0,0
NPA-000336,designed_low,,INSTITUTIONAL,JP,ONLINE,SECURITIES,EXISTING,NONE,0.04,0.13,0,0.15,NONE,0,0,0,0,0,0
NPA-000337,designed_medium,,INSTITUTIONAL,US,ONLINE,PHYSICAL,ADJACENT,REGULATED,0.52,0.21,0,0.28,NONE,0,0,0,0,0,0
NPA-000338,designed_medium,,INSTITUTIONAL,JP,ONLINE,DERIVATIVES,ADJACENT,REGULATED,0.57,0.34,0,0.41,NONE,0,0,0,0,0,0
NPA-000339,designed_low,,INSTITUTIONAL,US,BRANCH,SECURITIES,EXISTING,NONE,0.11,0.03,0,0.06,NONE,0,0,0,0,0,0
NPA-000340,designed_medium,,HNW,SG,INTERMEDIATED,PHYSICAL,ADJACENT,REGULATED,0.48,0.33,0,0.3,NONE,0,0,0,0,0,0
NPA-000341,designed_medium,,INSTITUTIONAL,PA,INTERMEDIATED,PHYSICAL,ADJACENT,REGULATED,0.5,0.42,0,0.3,NONE,0,0,0,0,0,0
NPA-000342,designed_medium,,RETAIL,HK,ONLINE,PHYSICAL,ADJACENT,REGULATED,0.26,0.3,0,0.3,ASSISTIVE,0,0,0,0,0,0
NPA-000343,designed_low,,RETAIL,JP,ONLINE,FIAT,EXISTING,NONE,0.18,0.03,0,0.11,NONE,0,0,0,0,0,0
NPA-000344,designed_high,,UNREGULATED_ENTITY,PA,API,DIGITAL_ASSET,ADJACENT,UNREGULATED,0.54,0.4,1,0.79,ASSISTIVE,0,0,0,0,0,0
NPA-000345,prohibited,anonymity_instrument,INSTITUTIONAL,AU,BRANCH,DIGITAL_ASSET,EXISTING,REGULATED,0.21,0.27,0,0.15,ASSISTIVE,0,0,0,0,1,0
NPA-000346,hard_high,sanctions_asset,INSTITUTIONAL,CA,BRANCH,SECURITIES,EXISTING,NONE,0.43,0.11,0,0.12,NONE,0,1,0,0,0,0
NPA-000347,designed_low,,RETAIL,GB,BRANCH,SECURITIES,EXISTING,NONE,0.08,0.11,0,0.16,NONE,0,0,0,0,0,0
NPA-000348,designed_medium,,HNW,GB,ONLINE,DERIVATIVES,ADJACENT,REGULATED,0.35,0.38,0,0.26,NONE,0,0,0,0,0,0
NPA-000349,designed_medium,,RETAIL,HK,INTERMEDIATED,DERIVATIVES,ADJACENT,REGULATED,0.59,0.26,0,0.21,NONE,0,0,0,0,0,0
NPA-000350,designed_high,,NON_RESIDENT,PA,API,DIGITAL_ASSET,NEW_CAPABILITY,UNREGULATED,0.75,0.45,1,0.62,ASSISTIVE,0,0,0,0,0,0
NPA-000351,designed_low,,INSTITUTIONAL,NL,BRANCH,FIAT,EXISTING,NONE,0.24,0.07,0,0.1,NONE,0,0,0,0,0,0
NPA-000352,designed_medium,,INSTITUTIONAL,TR,INTERMEDIATED,DERIVATIVES,ADJACENT,REGULATED,0.51,0.2,0,0.52,ASSISTIVE,0,0,0,0,0,0
NPA-000353,designed_low,,RETAIL,NL,BRANCH,FIAT,EXISTING,REGULATED,0.13,0.02,0,0.14,NONE,0,0,0,0,0,0
NPA-000354,designed_high,,UNREGULATED_ENTITY,PA,API,DIGITAL_ASSET,NEW_CAPABILITY,UNREGULATED,0.76,0.36,0,0.67,AUTONOMOUS_DECISIONING,0,0,0,0,0,0
NPA-000355,designed_low,,INSTITUTIONAL,SG,ONLINE,FIAT,EXISTING,NONE,0.17,0.09,0,0.06,NONE,0,0,0,0,0,0
NPA-000356,designed_medium,,HNW,FR,INTERMEDIATED,SECURITIES,ADJACENT,REGULATED,0.43,0.34,0,0.3,NONE,0,0,0,0,0,0
NPA-000357,designed_medium,,HNW,GB,INTERMEDIATED,PHYSICAL,ADJACENT,REGULATED,0.39,0.2,0,0.39,NONE,0,0,0,0,0,0
NPA-000358,designed_medium,,INSTITUTIONAL,DE,ONLINE,PHYSICAL,ADJACENT,REGULATED,0.28,0.18,0,0.4,ASSISTIVE,0,0,0,0,0,0
NPA-000359,designed_low,,RETAIL,FR,BRANCH,FIAT,EXISTING,NONE,0.16,0.07,0,0.2,NONE,0,0,0,0,0,0
NPA-000360,designed_low,,RETAIL,AU,BRANCH,FIAT,EXISTING,NONE,0.09,0.1,0,0.09,NONE,0,0,0,0,0,0
NPA-000361,designed_low,,RETAIL,CA,BRANCH,FIAT,EXISTING,NONE,0.09,0.07,0,0.12,NONE,0,0,0,0,0,0
NPA-000362,hard_high,segment_geo_combo,RETAIL,GB,ONLINE,FIAT,EXISTING,REGULATED,0.2,0.14,0,0.33,ASSISTIVE,0,0,1,1,0,0
NPA-000363,designed_medium,,RETAIL,US,ONLINE,SECURITIES,ADJACENT,REGULATED,0.4,0.33,0,0.48,ASSISTIVE,0,0,0,0,0,0
NPA-000364,designed_low,,INSTITUTIONAL,GB,ONLINE,FIAT,EXISTING,REGULATED,0.22,0.11,0,0.18,NONE,0,0,0,0,0,0
NPA-000365,designed_medium,,INSTITUTIONAL,HK,ONLINE,SECURITIES,ADJACENT,REGULATED,0.34,0.24,0,0.45,NONE,0,0,0,0,0,0
NPA-000366,prohibited,prohibited_jurisdiction,HNW,GB|IR,BRANCH,SECURITIES,EXISTING,REGULATED,0.17,0.2,0,0.15,NONE,0,0,0,0,0,0
NPA-000367,designed_medium,,INSTITUTIONAL,SG,INTERMEDIATED,DERIVATIVES,ADJACENT,REGULATED,0.33,0.44,0,0.22,NONE,0,0,0,0,0,0
NPA-000368,designed_medium,,INSTITUTIONAL,SG,INTERMEDIATED,DERIVATIVES,ADJACENT,REGULATED,0.53,0.28,0,0.5,ASSISTIVE,0,0,0,0,0,0
NPA-000369,designed_low,,INSTITUTIONAL,CA,BRANCH,SECURITIES,EXISTING,NONE,0.01,0.08,0,0.17,NONE,0,0,0,0,0,0
NPA-000370,designed_high,,UNREGULATED_ENTITY,TR,INTERMEDIATED,DERIVATIVES,ADJACENT,UNREGULATED,0.83,0.68,1,0.63,AUTONOMOUS_DECISIONING,0,0,0,0,0,0
NPA-000371,designed_medium,,INSTITUTIONAL,JP,ONLINE,PHYSICAL,ADJACENT,REGULATED,0.33,0.25,0,0.49,ASSISTIVE,0,0,0,0,0,0
NPA-000372,designed_medium,,INSTITUTIONAL,JP,ONLINE,DERIVATIVES,ADJACENT,REGULATED,0.3,0.37,0,0.45,NONE,0,0,0,0,0,0
NPA-000373,designed_low,,RETAIL,NZ,BRANCH,SECURITIES,EXISTING,NONE,0.11,0.12,0,0.14,NONE,0,0,0,0,0,0
NPA-000374,designed_low,,INSTITUTIONAL,CA,ONLINE,FIAT,EXISTING,NONE,0.11,0.09,0,0.1,NONE,0,0,0,0,0,0
NPA-000375,prohibited,anonymity_instrument,RETAIL,FR,BRANCH,DIGITAL_ASSET,ADJACENT,NONE,0.35,0.05,0,0.33,NONE,0,0,0,0,1,0
NPA-000376,designed_medium,,HNW,HK,ONLINE,DERIVATIVES,ADJACENT,REGULATED,0.39,0.25,0,0.3,NONE,0,0,0,0,0,0
NPA-000377,designed_low,,INSTITUTIONAL,FR,BRANCH,FIAT,EXISTING,NONE,0.05,0.11,0,0.14,NONE,0,0,0,0,0,0
NPA-000378,hard_high,segment_geo_combo,RETAIL,NL,ONLINE,FIAT,ADJACENT,REGULATED,0.29,0.28,0,0.28,ASSISTIVE,0,0,1,1,0,0
NPA-000379,designed_high,,NON_RESIDENT,AE,INTERMEDIATED,DIGITAL_ASSET,NEW_CAPABILITY,UNREGULATED,0.77,0.43,0,0.89,AUTONOMOUS_DECISIONING,0,0,0,0,0,0
NPA-000380,designed_low,,RETAIL,US,BRANCH,FIAT,EXISTING,NONE,0.2,0.02,0,0.17,NONE,0,0,0,0,0,0
NPA-000381,designed_high,,NON_RESIDENT,HK,API,DERIVATIVES,NEW_CAPABILITY,UNREGULATED,0.87,0.51,1,0.89,ASSISTIVE,0,0,0,0,0,0
NPA-000382,designed_low,,INSTITUTIONAL,NZ,ONLINE,SECURITIES,EXISTING,NONE,0.23,0.11,0,0.13,NONE,0,0,0,0,0,0
NPA-000383,designed_high,,NON_RESIDENT,TR,INTERMEDIATED,DERIVATIVES,NEW_CAPABILITY,UNREGULATED,0.89,0.38,0,0.79,ASSISTIVE,0,0,0,0,0,0
NPA-000384,designed_low,,INSTITUTIONAL,US,ONLINE,SECURITIES,EXISTING,NONE,0.04,0.13,0,0.0,NONE,0,0,0,0,0,0
NPA-000385,designed_medium,,RETAIL,TR,ONLINE,PHYSICAL,ADJACENT,REGULATED,0.47,0.35,0,0.37,ASSISTIVE,0,0,0,0,0,0
NPA-000386,designed_low,,INSTITUTIONAL,FR,BRANCH,FIAT,EXISTING,REGULATED,0.02,0.08,0,0.08,NONE,0,0,0,0,0,0
NPA-000387,designed_medium,,RETAIL,DE,INTERMEDIATED,DERIVATIVES,ADJACENT,REGULATED,0.38,0.22,0,0.46,ASSISTIVE,0,0,0,0,0,0
NPA-000388,prohibited,bearer_feature,HNW,CA,BRANCH,SECURITIES,ADJACENT,NONE,0.45,0.18,0,0.25,NONE,0,0,0,0,0,1
NPA-000389,hard_high,segment_geo_combo,INSTITUTIONAL,AU,ONLINE,SECURITIES,ADJACENT,NONE,0.46,0.25,0,0.15,ASSISTIVE,0,0,1,1,0,0
NPA-000390,designed_low,,RETAIL,GB,ONLINE,FIAT,EXISTING,NONE,0.04,0.14,0,0.11,NONE,0,0,0,0,0,0
NPA-000391,designed_low,,RETAIL,NZ,ONLINE,FIAT,EXISTING,REGULATED,0.11,0.02,0,0.11,NONE,0,0,0,0,0,0
NPA-000392,designed_medium,,HNW,SG,ONLINE,DERIVATIVES,ADJACENT,REGULATED,0.5,0.16,0,0.23,NONE,0,0,0,0,0,0
NPA-000393,designed_high,,NON_RESIDENT,TR,INTERMEDIATED,DERIVATIVES,ADJACENT,UNREGULATED,0.68,0.51,1,0.51,ASSISTIVE,0,0,0,0,0,0
NPA-000394,designed_medium,,HNW,JP,ONLINE,DERIVATIVES,ADJACENT,REGULATED,0.57,0.18,0,0.48,ASSISTIVE,0,0,0,0,0,0
NPA-000395,designed_medium,,INSTITUTIONAL,HK,ONLINE,DERIVATIVES,ADJACENT,REGULATED,0.3,0.22,0,0.46,ASSISTIVE,0,0,0,0,0,0
NPA-000396,prohibited,anonymity_instrument,RETAIL,US,ONLINE,DIGITAL_ASSET,EXISTING,NONE,0.02,0.17,0,0.16,NONE,0,0,0,0,1,0
NPA-000397,designed_low,,INSTITUTIONAL,NZ,BRANCH,FIAT,EXISTING,NONE,0.05,0.09,0,0.05,NONE,0,0,0,0,0,0
NPA-000398,designed_low,,RETAIL,FR,BRANCH,FIAT,EXISTING,NONE,0.17,0.04,0,0.04,NONE,0,0,0,0,0,0
NPA-000399,designed_medium,,INSTITUTIONAL,DE,ONLINE,DERIVATIVES,ADJACENT,REGULATED,0.47,0.42,0,0.31,ASSISTIVE,0,0,0,0,0,0
NPA-000400,designed_low,,INSTITUTIONAL,JP,BRANCH,SECURITIES,EXISTING,NONE,0.24,0.03,0,0.06,NONE,0,0,0,0,0,0
NPA-000401,designed_high,,UNREGULATED_ENTITY,PA,INTERMEDIATED,DIGITAL_ASSET,ADJACENT,UNREGULATED,0.85,0.54,1,0.81,AUTONOMOUS_DECISIONING,0,0,0,0,0,0
NPA-000402,designed_medium,,RETAIL,AE,ONLINE,PHYSICAL,ADJACENT,REGULATED,0.32,0.37,0,0.42,NONE,0,0,0,0,0,0
NPA-000403,hard_high,da_custody_novelty,HNW,CA,ONLINE,DIGITAL_ASSET,NEW_CAPABILITY,REGULATED,0.27,0.3,0,0.19,NONE,1,0,0,0,0,0
NPA-000404,designed_low,,INSTITUTIONAL,NL,BRANCH,FIAT,EXISTING,NONE,0.09,0.0,0,0.05,NONE,0,0,0,0,0,0
NPA-000405,prohibited,bearer_feature,HNW,NL,BRANCH,SECURITIES,EXISTING,NONE,0.28,0.17,0,0.35,NONE,0,0,0,0,0,1
NPA-000406,designed_high,,UNREGULATED_ENTITY,AE,API,DERIVATIVES,NEW_CAPABILITY,UNREGULATED,0.53,0.5,0,0.77,AUTONOMOUS_DECISIONING,0,0,0,0,0,0
NPA-000407,designed_low,,INSTITUTIONAL,CA,BRANCH,SECURITIES,EXISTING,NONE,0.18,0.08,0,0.17,NONE,0,0,0,0,0,0
NPA-000408,designed_high,,UNREGULATED_ENTITY,TR,INTERMEDIATED,DERIVATIVES,ADJACENT,UNREGULATED,0.74,0.71,0,0.71,AUTONOMOUS_DECISIONING,0,0,0,0,0,0
NPA-000409,prohibited,anonymity_instrument,RETAIL,FR,ONLINE,DIGITAL_ASSET,ADJACENT,REGULATED,0.4,0.27,0,0.0,NONE,0,0,0,0,1,0
NPA-000410,designed_low,,RETAIL,FR,ONLINE,SECURITIES,EXISTING,NONE,0.04,0.02,0,0.12,NONE,0,0,0,0,0,0
NPA-000411,designed_high,,NON_RESIDENT,HK,INTERMEDIATED,DIGITAL_ASSET,ADJACENT,UNREGULATED,0.77,0.54,0,0.76,AUTONOMOUS_DECISIONING,0,0,0,0,0,0
NPA-000412,designed_low,,RETAIL,NL,ONLINE,FIAT,EXISTING,NONE,0.16,0.01,0,0.11,NONE,0,0,0,0,0,0
NPA-000413,designed_low,,INSTITUTIONAL,NL,ONLINE,SECURITIES,EXISTING,REGULATED,0.24,0.1,0,0.18,NONE,0,0,0,0,0,0
NPA-000414,designed_high,,UNREGULATED_ENTITY,AE,API,DERIVATIVES,ADJACENT,UNREGULATED,0.85,0.42,1,0.74,ASSISTIVE,0,0,0,0,0,0
NPA-000415,designed_medium,,HNW,TR,INTERMEDIATED,PHYSICAL,ADJACENT,REGULATED,0.46,0.22,0,0.33,NONE,0,0,0,0,0,0
NPA-000416,designed_low,,INSTITUTIONAL,NL,ONLINE,FIAT,EXISTING,NONE,0.12,0.09,0,0.01,NONE,0,0,0,0,0,0
NPA-000417,designed_high,,NON_RESIDENT,AE,INTERMEDIATED,DIGITAL_ASSET,NEW_CAPABILITY,UNREGULATED,0.86,0.66,1,0.71,AUTONOMOUS_DECISIONING,0,0,0,0,0,0
NPA-000418,hard_high,segment_geo_combo,HNW,FR,ONLINE,FIAT,ADJACENT,REGULATED,0.18,0.24,0,0.36,NONE,0,0,1,1,0,0
NPA-000419,designed_low,,INSTITUTIONAL,NZ,BRANCH,SECURITIES,EXISTING,REGULATED,0.22,0.06,0,0.04,NONE,0,0,0,0,0,0
NPA-000420,designed_medium,,RETAIL,FR,INTERMEDIATED,PHYSICAL,ADJACENT,REGULATED,0.32,0.39,0,0.34,NONE,0,0,0,0,0,0
NPA-000421,designed_low,,INSTITUTIONAL,US,ONLINE,SECURITIES,EXISTING,REGULATED,0.09,0.04,0,0.14,NONE,0,0,0,0,0,0
NPA-000422,designed_high,,UNREGULATED_ENTITY,HK,API,DERIVATIVES,ADJACENT,UNREGULATED,0.6,0.47,1,0.81,AUTONOMOUS_DECISIONING,0,0,0,0,0,0
NPA-000423,designed_high,,NON_RESIDENT,TR,INTERMEDIATED,DIGITAL_ASSET,NEW_CAPABILITY,UNREGULATED,0.59,0.51,1,0.82,ASSISTIVE,0,0,0,0,0,0
NPA-000424,designed_low,,RETAIL,AU,BRANCH,SECURITIES,EXISTING,REGULATED,0.11,0.01,0,0.04,NONE,0,0,0,0,0,0
NPA-000425,designed_low,,RETAIL,DE,BRANCH,SECURITIES,EXISTING,REGULATED,0.24,0.01,0,0.15,NONE,0,0,0,0,0,0
NPA-000426,designed_low,,INSTITUTIONAL,SG,BRANCH,FIAT,EXISTING,REGULATED,0.23,0.08,0,0.04,NONE,0,0,0,0,0,0
NPA-000427,designed_high,,NON_RESIDENT,TR,API,DERIVATIVES,NEW_CAPABILITY,UNREGULATED,0.76,0.74,0,0.9,AUTONOMOUS_DECISIONING,0,0,0,0,0,0
NPA-000428,designed_low,,INSTITUTIONAL,DE,ONLINE,FIAT,EXISTING,REGULATED,0.0,0.11,0,0.18,NONE,0,0,0,0,0,0
NPA-000429,designed_medium,,HNW,PA,INTERMEDIATED,SECURITIES,ADJACENT,REGULATED,0.46,0.21,0,0.53,NONE,0,0,0,0,0,0
NPA-000430,designed_low,,INSTITUTIONAL,FR,BRANCH,FIAT,EXISTING,REGULATED,0.07,0.14,0,0.16,NONE,0,0,0,0,0,0
NPA-000431,prohibited,bearer_feature,HNW,JP,ONLINE,SECURITIES,ADJACENT,REGULATED,0.38,0.23,0,0.38,ASSISTIVE,0,0,0,0,0,1
NPA-000432,designed_medium,,HNW,US,INTERMEDIATED,SECURITIES,ADJACENT,REGULATED,0.38,0.39,0,0.28,NONE,0,0,0,0,0,0
NPA-000433,designed_high,,UNREGULATED_ENTITY,PA,API,DERIVATIVES,NEW_CAPABILITY,UNREGULATED,0.61,0.51,1,0.53,ASSISTIVE,0,0,0,0,0,0
NPA-000434,designed_medium,,INSTITUTIONAL,GB,ONLINE,DERIVATIVES,ADJACENT,REGULATED,0.51,0.22,0,0.28,ASSISTIVE,0,0,0,0,0,0
NPA-000435,designed_low,,RETAIL,NZ,ONLINE,SECURITIES,EXISTING,NONE,0.19,0.02,0,0.02,NONE,0,0,0,0,0,0
NPA-000436,prohibited,anonymity_instrument,INSTITUTIONAL,JP,BRANCH,DIGITAL_ASSET,ADJACENT,REGULATED,0.31,0.15,0,0.39,ASSISTIVE,0,0,0,0,1,0
NPA-000437,designed_low,,INSTITUTIONAL,DE,BRANCH,FIAT,EXISTING,NONE,0.13,0.06,0,0.19,NONE,0,0,0,0,0,0
NPA-000438,designed_low,,INSTITUTIONAL,DE,ONLINE,FIAT,EXISTING,NONE,0.24,0.1,0,0.09,NONE,0,0,0,0,0,0
NPA-000439,designed_medium,,RETAIL,TR,ONLINE,DERIVATIVES,ADJACENT,REGULATED,0.38,0.41,0,0.27,ASSISTIVE,0,0,0,0,0,0
NPA-000440,designed_low,,INSTITUTIONAL,JP,BRANCH,SECURITIES,EXISTING,NONE,0.12,0.03,0,0.14,NONE,0,0,0,0,0,0
NPA-000441,designed_low,,INSTITUTIONAL,US,BRANCH,FIAT,EXISTING,REGULATED,0.03,0.09,0,0.05,NONE,0,0,0,0,0,0
NPA-000442,designed_low,,INSTITUTIONAL,NZ,ONLINE,SECURITIES,EXISTING,NONE,0.05,0.12,0,0.15,NONE,0,0,0,0,0,0
NPA-000443,designed_medium,,RETAIL,HK,ONLINE,PHYSICAL,ADJACENT,REGULATED,0.43,0.37,0,0.47,ASSISTIVE,0,0,0,0,0,0
NPA-000444,designed_low,,RETAIL,DE,BRANCH,FIAT,EXISTING,NONE,0.05,0.04,0,0.17,NONE,0,0,0,0,0,0
NPA-000445,designed_low,,INSTITUTIONAL,US,BRANCH,SECURITIES,EXISTING,REGULATED,0.14,0.12,0,0.07,NONE,0,0,0,0,0,0
NPA-000446,designed_low,,INSTITUTIONAL,JP,BRANCH,FIAT,EXISTING,NONE,0.09,0.1,0,0.1,NONE,0,0,0,0,0,0
NPA-000447,designed_high,,NON_RESIDENT,HK,INTERMEDIATED,DERIVATIVES,NEW_CAPABILITY,UNREGULATED,0.85,0.61,1,0.67,AUTONOMOUS_DECISIONING,0,0,0,0,0,0
NPA-000448,hard_high,da_custody_novelty,RETAIL,AU,BRANCH,DIGITAL_ASSET,NEW_CAPABILITY,REGULATED,0.16,0.09,0,0.11,ASSISTIVE,1,0,0,0,0,0
NPA-000449,hard_high,sanctions_geo,INSTITUTIONAL,JP|BY,ONLINE,SECURITIES,EXISTING,NONE,0.43,0.04,0,0.09,ASSISTIVE,0,0,0,0,0,0
NPA-000450,designed_low,,RETAIL,AU,BRANCH,SECURITIES,EXISTING,REGULATED,0.01,0.12,0,0.1,NONE,0,0,0,0,0,0
NPA-000451,prohibited,prohibited_jurisdiction,RETAIL,US|IR,BRANCH,FIAT,ADJACENT,REGULATED,0.11,0.22,0,0.18,NONE,0,0,0,0,0,0
NPA-000452,designed_low,,INSTITUTIONAL,GB,BRANCH,SECURITIES,EXISTING,REGULATED,0.23,0.08,0,0.03,NONE,0,0,0,0,0,0
NPA-000453,prohibited,anonymity_instrument,HNW,NL,ONLINE,DIGITAL_ASSET,ADJACENT,REGULATED,0.24,0.07,0,0.04,ASSISTIVE,0,0,0,0,1,0
NPA-000454,designed_low,,RETAIL,US,BRANCH,FIAT,EXISTING,REGULATED,0.2,0.13,0,0.07,NONE,0,0,0,0,0,0
NPA-000455,designed_medium,,RETAIL,HK,INTERMEDIATED,SECURITIES,ADJACENT,REGULATED,0.52,0.39,0,0.41,NONE,0,0,0,0,0,0
NPA-000456,designed_medium,,RETAIL,HK,ONLINE,SECURITIES,ADJACENT,REGULATED,0.5,0.34,0,0.49,NONE,0,0,0,0,0,0
NPA-000457,designed_low,,INSTITUTIONAL,NZ,ONLINE,SECURITIES,EXISTING,NONE,0.16,0.08,0,0.05,NONE,0,0,0,0,0,0
NPA-000458,designed_low,,RETAIL,NL,BRANCH,SECURITIES,EXISTING,NONE,0.16,0.09,0,0.05,NONE,0,0,0,0,0,0
NPA-000459,designed_medium,,RETAIL,DE,ONLINE,PHYSICAL,ADJACENT,REGULATED,0.26,0.44,0,0.3,NONE,0,0,0,0,0,0
NPA-000460,designed_medium,,HNW,US,ONLINE,SECURITIES,ADJACENT,REGULATED,0.42,0.25,0,0.31,ASSISTIVE,0,0,0,0,0,0
NPA-000461,prohibited,prohibited_jurisdiction,INSTITUTIONAL,CA|SY,ONLINE,FIAT,EXISTING,NONE,0.13,0.12,0,0.22,NONE,0,0,0,0,0,0
NPA-000462,designed_high,,NON_RESIDENT,AE,API,DERIVATIVES,ADJACENT,UNREGULATED,0.6,0.75,0,0.68,ASSISTIVE,0,0,0,0,0,0
NPA-000463,designed_medium,,RETAIL,HK,INTERMEDIATED,SECURITIES,ADJACENT,REGULATED,0.47,0.16,0,0.53,NONE,0,0,0,0,0,0
NPA-000464,designed_low,,INSTITUTIONAL,NZ,BRANCH,FIAT,EXISTING,REGULATED,0.05,0.02,0,0.13,NONE,0,0,0,0,0,0
NPA-000465,designed_low,,RETAIL,US,ONLINE,FIAT,EXISTING,NONE,0.2,0.0,0,0.01,NONE,0,0,0,0,0,0
NPA-000466,designed_high,,UNREGULATED_ENTITY,TR,INTERMEDIATED,DIGITAL_ASSET,NEW_CAPABILITY,UNREGULATED,0.56,0.39,1,0.87,ASSISTIVE,0,0,0,0,0,0
NPA-000467,designed_low,,RETAIL,FR,BRANCH,FIAT,EXISTING,NONE,0.06,0.15,0,0.16,NONE,0,0,0,0,0,0
NPA-000468,designed_high,,UNREGULATED_ENTITY,TR,API,DERIVATIVES,ADJACENT,UNREGULATED,0.79,0.45,0,0.69,AUTONOMOUS_DECISIONING,0,0,0,0,0,0
NPA-000469,designed_medium,,HNW,JP,ONLINE,PHYSICAL,ADJACENT,REGULATED,0.37,0.37,0,0.3,NONE,0,0,0,0,0,0
NPA-000470,designed_low,,RETAIL,SG,BRANCH,SECURITIES,EXISTING,REGULATED,0.09,0.0,0,0.13,NONE,0,0,0,0,0,0
NPA-000471,designed_low,,RETAIL,CA,ONLINE,SECURITIES,EXISTING,REGULATED,0.06,0.11,0,0.13,NONE,0,0,0,0,0,0
NPA-000472,designed_medium,,INSTITUTIONAL,GB,INTERMEDIATED,DERIVATIVES,ADJACENT,REGULATED,0.39,0.25,0,0.23,NONE,0,0,0,0,0,0
NPA-000473,designed_low,,RETAIL,NL,BRANCH,FIAT,EXISTING,NONE,0.12,0.01,0,0.11,NONE,0,0,0,0,0,0
NPA-000474,designed_high,,UNREGULATED_ENTITY,PA,API,DERIVATIVES,NEW_CAPABILITY,UNREGULATED,0.74,0.38,0,0.76,ASSISTIVE,0,0,0,0,0,0
NPA-000475,designed_medium,,HNW,PA,INTERMEDIATED,PHYSICAL,ADJACENT,REGULATED,0.27,0.34,0,0.39,NONE,0,0,0,0,0,0
NPA-000476,designed_high,,NON_RESIDENT,TR,API,DIGITAL_ASSET,NEW_CAPABILITY,UNREGULATED,0.71,0.43,0,0.73,ASSISTIVE,0,0,0,0,0,0
NPA-000477,designed_medium,,HNW,AE,INTERMEDIATED,PHYSICAL,ADJACENT,REGULATED,0.48,0.41,0,0.26,NONE,0,0,0,0,0,0
NPA-000478,designed_medium,,HNW,TR,INTERMEDIATED,DERIVATIVES,ADJACENT,REGULATED,0.44,0.45,0,0.5,ASSISTIVE,0,0,0,0,0,0
NPA-000479,designed_high,,UNREGULATED_ENTITY,PA,API,DIGITAL_ASSET,ADJACENT,UNREGULATED,0.81,0.72,1,0.64,AUTONOMOUS_DECISIONING,0,0,0,0,0,0
NPA-000480,designed_low,,INSTITUTIONAL,CA,ONLINE,FIAT,EXISTING,NONE,0.15,0.08,0,0.2,NONE,0,0,0,0,0,0
NPA-000481,designed_low,,INSTITUTIONAL,NZ,BRANCH,SECURITIES,EXISTING,NONE,0.19,0.14,0,0.16,NONE,0,0,0,0,0,0
NPA-000482,hard_high,sanctions_asset,HNW,FR,BRANCH,FIAT,EXISTING,REGULATED,0.18,0.04,0,0.15,NONE,0,1,0,0,0,0
NPA-000483,designed_low,,INSTITUTIONAL,AU,ONLINE,SECURITIES,EXISTING,REGULATED,0.23,0.11,0,0.14,NONE,0,0,0,0,0,0
NPA-000484,designed_high,,NON_RESIDENT,HK,API,DERIVATIVES,NEW_CAPABILITY,UNREGULATED,0.79,0.58,0,0.81,AUTONOMOUS_DECISIONING,0,0,0,0,0,0
NPA-000485,designed_low,,INSTITUTIONAL,DE,BRANCH,FIAT,EXISTING,REGULATED,0.16,0.09,0,0.0,NONE,0,0,0,0,0,0
NPA-000486,designed_high,,UNREGULATED_ENTITY,AE,INTERMEDIATED,DIGITAL_ASSET,ADJACENT,UNREGULATED,0.72,0.41,0,0.56,AUTONOMOUS_DECISIONING,0,0,0,0,0,0
NPA-000487,prohibited,bearer_feature,HNW,JP,BRANCH,FIAT,ADJACENT,REGULATED,0.39,0.04,0,0.13,ASSISTIVE,0,0,0,0,0,1
NPA-000488,designed_high,,UNREGULATED_ENTITY,PA,API,DERIVATIVES,ADJACENT,UNREGULATED,0.81,0.4,0,0.69,ASSISTIVE,0,0,0,0,0,0
NPA-000489,designed_medium,,HNW,FR,ONLINE,SECURITIES,ADJACENT,REGULATED,0.34,0.28,0,0.44,NONE,0,0,0,0,0,0
NPA-000490,designed_low,,INSTITUTIONAL,DE,BRANCH,SECURITIES,EXISTING,NONE,0.08,0.09,0,0.0,NONE,0,0,0,0,0,0
NPA-000491,designed_low,,INSTITUTIONAL,JP,BRANCH,FIAT,EXISTING,NONE,0.01,0.12,0,0.04,NONE,0,0,0,0,0,0
NPA-000492,designed_low,,RETAIL,AU,ONLINE,FIAT,EXISTING,NONE,0.24,0.14,0,0.17,NONE,0,0,0,0,0,0
NPA-000493,designed_high,,NON_RESIDENT,PA,API,DERIVATIVES,ADJACENT,UNREGULATED,0.69,0.48,0,0.58,AUTONOMOUS_DECISIONING,0,0,0,0,0,0
NPA-000494,designed_medium,,HNW,JP,INTERMEDIATED,PHYSICAL,ADJACENT,REGULATED,0.57,0.31,0,0.29,NONE,0,0,0,0,0,0
NPA-000495,designed_low,,INSTITUTIONAL,CA,BRANCH,FIAT,EXISTING,NONE,0.1,0.04,0,0.17,NONE,0,0,0,0,0,0
NPA-000496,designed_medium,,RETAIL,PA,ONLINE,DERIVATIVES,ADJACENT,REGULATED,0.43,0.36,0,0.52,ASSISTIVE,0,0,0,0,0,0
NPA-000497,hard_high,segment_geo_combo,HNW,AU,BRANCH,FIAT,ADJACENT,NONE,0.02,0.28,0,0.12,ASSISTIVE,0,0,1,1,0,0
NPA-000498,designed_high,,NON_RESIDENT,PA,INTERMEDIATED,DERIVATIVES,ADJACENT,UNREGULATED,0.59,0.74,1,0.82,AUTONOMOUS_DECISIONING,0,0,0,0,0,0
NPA-000499,hard_high,sanctions_asset,RETAIL,FR,ONLINE,FIAT,EXISTING,REGULATED,0.45,0.2,0,0.04,ASSISTIVE,0,1,0,0,0,0
NPA-000500,designed_low,,RETAIL,DE,BRANCH,SECURITIES,EXISTING,NONE,0.14,0.03,0,0.03,NONE,0,0,0,0,0,0
NPA-000501,designed_medium,,RETAIL,GB,INTERMEDIATED,SECURITIES,ADJACENT,REGULATED,0.48,0.32,0,0.26,NONE,0,0,0,0,0,0
NPA-000502,designed_medium,,HNW,TR,ONLINE,PHYSICAL,ADJACENT,REGULATED,0.26,0.25,0,0.54,ASSISTIVE,0,0,0,0,0,0
NPA-000503,designed_low,,INSTITUTIONAL,NL,BRANCH,FIAT,EXISTING,NONE,0.05,0.11,0,0.12,NONE,0,0,0,0,0,0
NPA-000504,designed_low,,RETAIL,JP,BRANCH,FIAT,EXISTING,REGULATED,0.01,0.01,0,0.16,NONE,0,0,0,0,0,0
NPA-000505,designed_low,,INSTITUTIONAL,GB,BRANCH,SECURITIES,EXISTING,NONE,0.12,0.02,0,0.05,NONE,0,0,0,0,0,0
NPA-000506,designed_low,,RETAIL,US,BRANCH,FIAT,EXISTING,REGULATED,0.17,0.03,0,0.04,NONE,0,0,0,0,0,0
NPA-000507,designed_low,,INSTITUTIONAL,JP,BRANCH,SECURITIES,EXISTING,NONE,0.22,0.06,0,0.16,NONE,0,0,0,0,0,0
NPA-000508,designed_medium,,INSTITUTIONAL,PA,ONLINE,PHYSICAL,ADJACENT,REGULATED,0.29,0.29,0,0.51,NONE,0,0,0,0,0,0
NPA-000509,designed_medium,,INSTITUTIONAL,AE,ONLINE,SECURITIES,ADJACENT,REGULATED,0.35,0.27,0,0.31,ASSISTIVE,0,0,0,0,0,0
NPA-000510,designed_medium,,INSTITUTIONAL,DE,INTERMEDIATED,PHYSICAL,ADJACENT,REGULATED,0.41,0.37,0,0.24,NONE,0,0,0,0,0,0
NPA-000511,designed_low,,INSTITUTIONAL,SG,BRANCH,FIAT,EXISTING,NONE,0.15,0.11,0,0.04,NONE,0,0,0,0,0,0
NPA-000512,designed_medium,,INSTITUTIONAL,DE,ONLINE,SECURITIES,ADJACENT,REGULATED,0.5,0.34,0,0.23,ASSISTIVE,0,0,0,0,0,0
NPA-000513,designed_high,,NON_RESIDENT,HK,INTERMEDIATED,DIGITAL_ASSET,NEW_CAPABILITY,UNREGULATED,0.86,0.58,0,0.56,ASSISTIVE,0,0,0,0,0,0
NPA-000514,designed_low,,RETAIL,DE,BRANCH,SECURITIES,EXISTING,REGULATED,0.19,0.07,0,0.13,NONE,0,0,0,0,0,0
NPA-000515,designed_low,,RETAIL,NZ,BRANCH,SECURITIES,EXISTING,NONE,0.11,0.13,0,0.11,NONE,0,0,0,0,0,0
NPA-000516,designed_low,,INSTITUTIONAL,NZ,BRANCH,SECURITIES,EXISTING,NONE,0.1,0.01,0,0.12,NONE,0,0,0,0,0,0
NPA-000517,designed_low,,INSTITUTIONAL,JP,ONLINE,FIAT,EXISTING,NONE,0.05,0.01,0,0.07,NONE,0,0,0,0,0,0
NPA-000518,designed_low,,RETAIL,JP,ONLINE,SECURITIES,EXISTING,NONE,0.23,0.01,0,0.08,NONE,0,0,0,0,0,0
NPA-000519,designed_low,,INSTITUTIONAL,JP,ONLINE,FIAT,EXISTING,NONE,0.19,0.05,0,0.01,NONE,0,0,0,0,0,0
NPA-000520,designed_high,,UNREGULATED_ENTITY,PA,INTERMEDIATED,DIGITAL_ASSET,ADJACENT,UNREGULATED,0.84,0.38,1,0.55,AUTONOMOUS_DECISIONING,0,0,0,0,0,0
NPA-000521,designed_low,,INSTITUTIONAL,FR,BRANCH,FIAT,EXISTING,REGULATED,0.01,0.09,0,0.2,NONE,0,0,0,0,0,0
NPA-000522,designed_medium,,RETAIL,PA,INTERMEDIATED,DERIVATIVES,ADJACENT,REGULATED,0.43,0.45,0,0.32,NONE,0,0,0,0,0,0
NPA-000523,designed_medium,,INSTITUTIONAL,HK,ONLINE,PHYSICAL,ADJACENT,REGULATED,0.33,0.24,0,0.27,NONE,0,0,0,0,0,0
NPA-000524,designed_low,,RETAIL,NZ,ONLINE,SECURITIES,EXISTING,NONE,0.01,0.05,0,0.16,NONE,0,0,0,0,0,0
NPA-000525,designed_low,,RETAIL,US,BRANCH,FIAT,EXISTING,NONE,0.08,0.08,0,0.15,NONE,0,0,0,0,0,0
NPA-000526,designed_low,,INSTITUTIONAL,GB,BRANCH,FIAT,EXISTING,NONE,0.05,0.13,0,0.18,NONE,0,0,0,0,0,0
NPA-000527,designed_medium,,INSTITUTIONAL,TR,ONLINE,PHYSICAL,ADJACENT,REGULATED,0.41,0.41,0,0.51,ASSISTIVE,0,0,0,0,0,0
NPA-000528,designed_high,,UNREGULATED_ENTITY,AE,INTERMEDIATED,DERIVATIVES,NEW_CAPABILITY,UNREGULATED,0.58,0.62,1,0.53,ASSISTIVE,0,0,0,0,0,0
NPA-000529,designed_low,,RETAIL,GB,BRANCH,FIAT,EXISTING,REGULATED,0.15,0.03,0,0.02,NONE,0,0,0,0,0,0
NPA-000530,designed_high,,UNREGULATED_ENTITY,PA,API,DERIVATIVES,ADJACENT,UNREGULATED,0.53,0.7,1,0.68,AUTONOMOUS_DECISIONING,0,0,0,0,0,0
NPA-000531,designed_low,,INSTITUTIONAL,NL,BRANCH,SECURITIES,EXISTING,NONE,0.19,0.14,0,0.09,NONE,0,0,0,0,0,0
NPA-000532,designed_low,,INSTITUTIONAL,FR,BRANCH,FIAT,EXISTING,NONE,0.23,0.11,0,0.1,NONE,0,0,0,0,0,0
NPA-000533,designed_high,,NON_RESIDENT,AE,API,DIGITAL_ASSET,NEW_CAPABILITY,UNREGULATED,0.68,0.64,0,0.5,ASSISTIVE,0,0,0,0,0,0
NPA-000534,designed_medium,,HNW,PA,ONLINE,SECURITIES,ADJACENT,REGULATED,0.43,0.35,0,0.31,ASSISTIVE,0,0,0,0,0,0
NPA-000535,designed_medium,,RETAIL,DE,INTERMEDIATED,DERIVATIVES,ADJACENT,REGULATED,0.44,0.38,0,0.43,ASSISTIVE,0,0,0,0,0,0
NPA-000536,designed_low,,INSTITUTIONAL,AU,BRANCH,FIAT,EXISTING,NONE,0.14,0.08,0,0.05,NONE,0,0,0,0,0,0
NPA-000537,prohibited,prohibited_jurisdiction,INSTITUTIONAL,JP|CU,BRANCH,FIAT,EXISTING,REGULATED,0.31,0.1,0,0.18,NONE,0,0,0,0,0,0
NPA-000538,hard_high,da_custody_novelty,RETAIL,AU,ONLINE,DIGITAL_ASSET,NEW_CAPABILITY,REGULATED,0.2,0.21,0,0.36,ASSISTIVE,1,0,0,0,0,0
NPA-000539,designed_low,,RETAIL,FR,BRANCH,SECURITIES,EXISTING,REGULATED,0.03,0.12,0,0.18,NONE,0,0,0,0,0,0
NPA-000540,designed_medium,,INSTITUTIONAL,HK,ONLINE,SECURITIES,ADJACENT,REGULATED,0.3,0.42,0,0.29,ASSISTIVE,0,0,0,0,0,0
NPA-000541,designed_low,,INSTITUTIONAL,GB,BRANCH,SECURITIES,EXISTING,NONE,0.02,0.02,0,0.1,NONE,0,0,0,0,0,0
NPA-000542,hard_high,segment_geo_combo,INSTITUTIONAL,GB,BRANCH,FIAT,ADJACENT,NONE,0.16,0.19,0,0.32,ASSISTIVE,0,0,1,1,0,0
NPA-000543,designed_medium,,RETAIL,FR,INTERMEDIATED,DERIVATIVES,ADJACENT,REGULATED,0.27,0.21,0,0.44,ASSISTIVE,0,0,0,0,0,0
NPA-000544,designed_high,,UNREGULATED_ENTITY,PA,API,DIGITAL_ASSET,NEW_CAPABILITY,UNREGULATED,0.8,0.63,1,0.55,AUTONOMOUS_DECISIONING,0,0,0,0,0,0
NPA-000545,designed_low,,RETAIL,SG,BRANCH,SECURITIES,EXISTING,NONE,0.02,0.02,0,0.16,NONE,0,0,0,0,0,0
NPA-000546,designed_high,,UNREGULATED_ENTITY,PA,INTERMEDIATED,DIGITAL_ASSET,NEW_CAPABILITY,UNREGULATED,0.59,0.41,0,0.8,ASSISTIVE,0,0,0,0,0,0
NPA-000547,designed_medium,,INSTITUTIONAL,SG,ONLINE,PHYSICAL,ADJACENT,REGULATED,0.56,0.24,0,0.48,ASSISTIVE,0,0,0,0,0,0
NPA-000548,hard_high,sanctions_geo,INSTITUTIONAL,GB|VE,BRANCH,FIAT,ADJACENT,NONE,0.43,0.02,0,0.36,NONE,0,0,0,0,0,0
NPA-000549,designed_low,,INSTITUTIONAL,CA,BRANCH,SECURITIES,EXISTING,REGULATED,0.15,0.09,0,0.14,NONE,0,0,0,0,0,0
NPA-000550,designed_low,,INSTITUTIONAL,FR,BRANCH,FIAT,EXISTING,NONE,0.03,0.08,0,0.17,NONE,0,0,0,0,0,0
NPA-000551,designed_low,,INSTITUTIONAL,NL,BRANCH,FIAT,EXISTING,NONE,0.0,0.1,0,0.03,NONE,0,0,0,0,0,0
NPA-000552,hard_high,sanctions_asset,HNW,DE,BRANCH,FIAT,EXISTING,REGULATED,0.43,0.27,0,0.28,ASSISTIVE,0,1,0,0,0,0
NPA-000553,designed_medium,,INSTITUTIONAL,HK,INTERMEDIATED,SECURITIES,ADJACENT,REGULATED,0.32,0.33,0,0.4,NONE,0,0,0,0,0,0
NPA-000554,designed_medium,,INSTITUTIONAL,SG,ONLINE,PHYSICAL,ADJACENT,REGULATED,0.42,0.26,0,0.4,NONE,0,0,0,0,0,0
NPA-000555,designed_low,,INSTITUTIONAL,SG,ONLINE,FIAT,EXISTING,REGULATED,0.22,0.01,0,0.09,NONE,0,0,0,0,0,0
NPA-000556,designed_high,,NON_RESIDENT,PA,API,DERIVATIVES,NEW_CAPABILITY,UNREGULATED,0.69,0.56,1,0.73,AUTONOMOUS_DECISIONING,0,0,0,0,0,0
NPA-000557,designed_low,,INSTITUTIONAL,US,BRANCH,FIAT,EXISTING,REGULATED,0.23,0.11,0,0.15,NONE,0,0,0,0,0,0
NPA-000558,designed_medium,,RETAIL,JP,ONLINE,PHYSICAL,ADJACENT,REGULATED,0.6,0.39,0,0.42,ASSISTIVE,0,0,0,0,0,0
NPA-000559,designed_medium,,RETAIL,AE,INTERMEDIATED,SECURITIES,ADJACENT,REGULATED,0.47,0.23,0,0.29,NONE,0,0,0,0,0,0
NPA-000560,designed_medium,,HNW,TR,INTERMEDIATED,SECURITIES,ADJACENT,REGULATED,0.34,0.36,0,0.37,NONE,0,0,0,0,0,0
NPA-000561,designed_low,,RETAIL,NL,ONLINE,FIAT,EXISTING,NONE,0.19,0.06,0,0.08,NONE,0,0,0,0,0,0
NPA-000562,designed_medium,,HNW,JP,INTERMEDIATED,SECURITIES,ADJACENT,REGULATED,0.47,0.38,0,0.24,NONE,0,0,0,0,0,0
NPA-000563,designed_medium,,INSTITUTIONAL,DE,INTERMEDIATED,PHYSICAL,ADJACENT,REGULATED,0.5,0.29,0,0.25,ASSISTIVE,0,0,0,0,0,0
NPA-000564,designed_low,,INSTITUTIONAL,DE,ONLINE,SECURITIES,EXISTING,REGULATED,0.17,0.01,0,0.18,NONE,0,0,0,0,0,0
NPA-000565,designed_medium,,INSTITUTIONAL,PA,INTERMEDIATED,DERIVATIVES,ADJACENT,REGULATED,0.53,0.23,0,0.4,ASSISTIVE,0,0,0,0,0,0
NPA-000566,designed_high,,NON_RESIDENT,TR,INTERMEDIATED,DIGITAL_ASSET,ADJACENT,UNREGULATED,0.72,0.62,0,0.5,ASSISTIVE,0,0,0,0,0,0
NPA-000567,designed_medium,,HNW,SG,INTERMEDIATED,DERIVATIVES,ADJACENT,REGULATED,0.32,0.16,0,0.23,NONE,0,0,0,0,0,0
NPA-000568,prohibited,prohibited_jurisdiction,HNW,AU|IR,BRANCH,FIAT,EXISTING,REGULATED,0.33,0.27,0,0.23,NONE,0,0,0,0,0,0
NPA-000569,designed_low,,INSTITUTIONAL,AU,ONLINE,SECURITIES,EXISTING,NONE,0.19,0.1,0,0.13,NONE,0,0,0,0,0,0
NPA-000570,designed_high,,UNREGULATED_ENTITY,TR,API,DERIVATIVES,NEW_CAPABILITY,UNREGULATED,0.65,0.48,0,0.6,AUTONOMOUS_DECISIONING,0,0,0,0,0,0
NPA-000571,designed_low,,RETAIL,SG,BRANCH,SECURITIES,EXISTING,NONE,0.16,0.02,0,0.11,NONE,0,0,0,0,0,0
NPA-000572,designed_low,,RETAIL,SG,ONLINE,SECURITIES,EXISTING,NONE,0.01,0.01,0,0.15,NONE,0,0,0,0,0,0
NPA-000573,designed_high,,NON_RESIDENT,HK,API,DIGITAL_ASSET,NEW_CAPABILITY,UNREGULATED,0.77,0.46,1,0.86,ASSISTIVE,0,0,0,0,0,0
NPA-000574,designed_medium,,INSTITUTIONAL,HK,ONLINE,PHYSICAL,ADJACENT,REGULATED,0.33,0.27,0,0.44,ASSISTIVE,0,0,0,0,0,0
NPA-000575,designed_low,,INSTITUTIONAL,GB,ONLINE,SECURITIES,EXISTING,NONE,0.01,0.15,0,0.13,NONE,0,0,0,0,0,0
NPA-000576,designed_low,,INSTITUTIONAL,AU,BRANCH,SECURITIES,EXISTING,REGULATED,0.05,0.08,0,0.19,NONE,0,0,0,0,0,0
NPA-000577,designed_medium,,INSTITUTIONAL,JP,INTERMEDIATED,DERIVATIVES,ADJACENT,REGULATED,0.28,0.34,0,0.46,NONE,0,0,0,0,0,0
NPA-000578,designed_low,,RETAIL,JP,BRANCH,SECURITIES,EXISTING,NONE,0.02,0.08,0,0.06,NONE,0,0,0,0,0,0
NPA-000579,designed_medium,,INSTITUTIONAL,AE,ONLINE,DERIVATIVES,ADJACENT,REGULATED,0.53,0.16,0,0.24,ASSISTIVE,0,0,0,0,0,0
NPA-000580,prohibited,prohibited_jurisdiction,HNW,NL|IR,BRANCH,FIAT,EXISTING,NONE,0.24,0.01,0,0.36,NONE,0,0,0,0,0,0
NPA-000581,designed_low,,RETAIL,US,BRANCH,SECURITIES,EXISTING,REGULATED,0.04,0.09,0,0.16,NONE,0,0,0,0,0,0
NPA-000582,designed_low,,INSTITUTIONAL,JP,ONLINE,FIAT,EXISTING,NONE,0.2,0.06,0,0.16,NONE,0,0,0,0,0,0
NPA-000583,prohibited,anonymity_instrument,HNW,DE,ONLINE,DIGITAL_ASSET,EXISTING,REGULATED,0.42,0.24,0,0.31,NONE,0,0,0,0,1,0
NPA-000584,designed_low,,INSTITUTIONAL,NL,BRANCH,FIAT,EXISTING,REGULATED,0.09,0.02,0,0.05,NONE,0,0,0,0,0,0
NPA-000585,designed_medium,,RETAIL,US,ONLINE,DERIVATIVES,ADJACENT,REGULATED,0.28,0.15,0,0.52,ASSISTIVE,0,0,0,0,0,0
NPA-000586,designed_low,,INSTITUTIONAL,NL,BRANCH,FIAT,EXISTING,REGULATED,0.07,0.07,0,0.05,NONE,0,0,0,0,0,0
NPA-000587,designed_low,,RETAIL,JP,BRANCH,SECURITIES,EXISTING,REGULATED,0.24,0.09,0,0.16,NONE,0,0,0,0,0,0
NPA-000588,designed_low,,RETAIL,FR,BRANCH,FIAT,EXISTING,NONE,0.25,0.15,0,0.12,NONE,0,0,0,0,0,0
NPA-000589,hard_high,segment_geo_combo,HNW,FR,BRANCH,SECURITIES,EXISTING,REGULATED,0.03,0.03,0,0.06,ASSISTIVE,0,0,1,1,0,0
NPA-000590,designed_low,,RETAIL,CA,ONLINE,SECURITIES,EXISTING,NONE,0.05,0.04,0,0.12,NONE,0,0,0,0,0,0
NPA-000591,hard_high,segment_geo_combo,INSTITUTIONAL,CA,BRANCH,FIAT,EXISTING,NONE,0.39,0.15,0,0.05,NONE,0,0,1,1,0,0
NPA-000592,designed_medium,,INSTITUTIONAL,TR,ONLINE,SECURITIES,ADJACENT,REGULATED,0.36,0.18,0,0.46,NONE,0,0,0,0,0,0
NPA-000593,designed_low,,RETAIL,AU,BRANCH,SECURITIES,EXISTING,NONE,0.22,0.02,0,0.19,NONE,0,0,0,0,0,0
NPA-000594,designed_medium,,INSTITUTIONAL,TR,ONLINE,PHYSICAL,ADJACENT,REGULATED,0.38,0.23,0,0.32,NONE,0,0,0,0,0,0
NPA-000595,designed_medium,,RETAIL,DE,INTERMEDIATED,DERIVATIVES,ADJACENT,REGULATED,0.4,0.38,0,0.28,ASSISTIVE,0,0,0,0,0,0
NPA-000596,designed_medium,,HNW,FR,ONLINE,DERIVATIVES,ADJACENT,REGULATED,0.55,0.3,0,0.55,ASSISTIVE,0,0,0,0,0,0
NPA-000597,designed_high,,UNREGULATED_ENTITY,AE,INTERMEDIATED,DIGITAL_ASSET,NEW_CAPABILITY,UNREGULATED,0.63,0.58,0,0.87,ASSISTIVE,0,0,0,0,0,0
NPA-000598,designed_low,,RETAIL,CA,BRANCH,FIAT,EXISTING,NONE,0.13,0.07,0,0.16,NONE,0,0,0,0,0,0
NPA-000599,designed_high,,UNREGULATED_ENTITY,HK,API,DIGITAL_ASSET,NEW_CAPABILITY,UNREGULATED,0.78,0.51,0,0.55,AUTONOMOUS_DECISIONING,0,0,0,0,0,0
NPA-000600,designed_low,,RETAIL,CA,BRANCH,SECURITIES,EXISTING,NONE,0.18,0.13,0,0.15,NONE,0,0,0,0,0,0
NPA-000601,designed_low,,INSTITUTIONAL,SG,BRANCH,SECURITIES,EXISTING,NONE,0.2,0.06,0,0.09,NONE,0,0,0,0,0,0
NPA-000602,designed_medium,,HNW,HK,ONLINE,DERIVATIVES,ADJACENT,REGULATED,0.4,0.23,0,0.53,NONE,0,0,0,0,0,0
NPA-000603,designed_high,,NON_RESIDENT,PA,API,DERIVATIVES,NEW_CAPABILITY,UNREGULATED,0.54,0.5,0,0.65,ASSISTIVE,0,0,0,0,0,0
NPA-000604,designed_medium,,HNW,US,INTERMEDIATED,SECURITIES,ADJACENT,REGULATED,0.44,0.34,0,0.46,NONE,0,0,0,0,0,0
NPA-000605,designed_high,,NON_RESIDENT,PA,INTERMEDIATED,DERIVATIVES,ADJACENT,UNREGULATED,0.61,0.38,1,0.68,ASSISTIVE,0,0,0,0,0,0
NPA-000606,designed_medium,,HNW,PA,INTERMEDIATED,PHYSICAL,ADJACENT,REGULATED,0.58,0.39,0,0.53,NONE,0,0,0,0,0,0
NPA-000607,designed_low,,INSTITUTIONAL,AU,BRANCH,SECURITIES,EXISTING,NONE,0.07,0.14,0,0.02,NONE,0,0,0,0,0,0
NPA-000608,designed_low,,RETAIL,SG,BRANCH,FIAT,EXISTING,REGULATED,0.24,0.0,0,0.08,NONE,0,0,0,0,0,0
NPA-000609,designed_medium,,RETAIL,PA,INTERMEDIATED,PHYSICAL,ADJACENT,REGULATED,0.48,0.24,0,0.22,NONE,0,0,0,0,0,0
NPA-000610,designed_high,,UNREGULATED_ENTITY,HK,INTERMEDIATED,DERIVATIVES,ADJACENT,UNREGULATED,0.74,0.63,1,0.68,ASSISTIVE,0,0,0,0,0,0
NPA-000611,hard_high,da_custody_novelty,INSTITUTIONAL,NL,ONLINE,DIGITAL_ASSET,NEW_CAPABILITY,REGULATED,0.49,0.23,0,0.02,ASSISTIVE,1,0,0,0,0,0
NPA-000612,designed_medium,,RETAIL,TR,ONLINE,SECURITIES,ADJACENT,REGULATED,0.54,0.36,0,0.43,NONE,0,0,0,0,0,0
NPA-000613,designed_low,,RETAIL,CA,BRANCH,FIAT,EXISTING,NONE,0.07,0.03,0,0.11,NONE,0,0,0,0,0,0
NPA-000614,designed_low,,INSTITUTIONAL,GB,BRANCH,SECURITIES,EXISTING,NONE,0.13,0.02,0,0.06,NONE,0,0,0,0,0,0
NPA-000615,hard_high,da_custody_novelty,INSTITUTIONAL,SG,BRANCH,DIGITAL_ASSET,NEW_CAPABILITY,NONE,0.0,0.22,0,0.39,ASSISTIVE,1,0,0,0,0,0
NPA-000616,designed_medium,,INSTITUTIONAL,TR,INTERMEDIATED,PHYSICAL,ADJACENT,REGULATED,0.29,0.29,0,0.21,NONE,0,0,0,0,0,0
NPA-000617,designed_low,,INSTITUTIONAL,JP,BRANCH,SECURITIES,EXISTING,NONE,0.02,0.01,0,0.13,NONE,0,0,0,0,0,0
NPA-000618,designed_medium,,RETAIL,DE,ONLINE,PHYSICAL,ADJACENT,REGULATED,0.55,0.35,0,0.54,ASSISTIVE,0,0,0,0,0,0
NPA-000619,designed_low,,INSTITUTIONAL,JP,ONLINE,FIAT,EXISTING,REGULATED,0.09,0.02,0,0.17,NONE,0,0,0,0,0,0
NPA-000620,designed_low,,INSTITUTIONAL,CA,BRANCH,SECURITIES,EXISTING,NONE,0.08,0.07,0,0.11,NONE,0,0,0,0,0,0
NPA-000621,designed_low,,INSTITUTIONAL,DE,BRANCH,SECURITIES,EXISTING,NONE,0.2,0.15,0,0.08,NONE,0,0,0,0,0,0
NPA-000622,hard_high,segment_geo_combo,RETAIL,JP,BRANCH,FIAT,EXISTING,REGULATED,0.24,0.26,0,0.39,NONE,0,0,1,1,0,0
NPA-000623,designed_low,,INSTITUTIONAL,US,BRANCH,FIAT,EXISTING,REGULATED,0.12,0.09,0,0.18,NONE,0,0,0,0,0,0
NPA-000624,designed_low,,INSTITUTIONAL,US,ONLINE,SECURITIES,EXISTING,NONE,0.21,0.05,0,0.12,NONE,0,0,0,0,0,0
NPA-000625,designed_medium,,HNW,SG,ONLINE,SECURITIES,ADJACENT,REGULATED,0.34,0.44,0,0.49,ASSISTIVE,0,0,0,0,0,0
NPA-000626,designed_low,,INSTITUTIONAL,DE,BRANCH,SECURITIES,EXISTING,REGULATED,0.16,0.0,0,0.15,NONE,0,0,0,0,0,0
NPA-000627,designed_medium,,RETAIL,PA,INTERMEDIATED,DERIVATIVES,ADJACENT,REGULATED,0.47,0.29,0,0.44,NONE,0,0,0,0,0,0
NPA-000628,designed_low,,RETAIL,US,BRANCH,FIAT,EXISTING,NONE,0.08,0.13,0,0.03,NONE,0,0,0,0,0,0
NPA-000629,designed_low,,INSTITUTIONAL,GB,BRANCH,SECURITIES,EXISTING,NONE,0.07,0.08,0,0.19,NONE,0,0,0,0,0,0
NPA-000630,designed_medium,,HNW,GB,INTERMEDIATED,DERIVATIVES,ADJACENT,REGULATED,0.54,0.36,0,0.31,ASSISTIVE,0,0,0,0,0,0
NPA-000631,designed_low,,INSTITUTIONAL,NL,BRANCH,FIAT,EXISTING,REGULATED,0.07,0.12,0,0.08,NONE,0,0,0,0,0,0
NPA-000632,hard_high,segment_geo_combo,RETAIL,AU,BRANCH,FIAT,EXISTING,NONE,0.4,0.17,0,0.28,NONE,0,0,1,1,0,0
NPA-000633,designed_medium,,RETAIL,US,INTERMEDIATED,DERIVATIVES,ADJACENT,REGULATED,0.36,0.26,0,0.49,ASSISTIVE,0,0,0,0,0,0
NPA-000634,designed_low,,INSTITUTIONAL,CA,ONLINE,FIAT,EXISTING,NONE,0.03,0.1,0,0.14,NONE,0,0,0,0,0,0
NPA-000635,designed_low,,RETAIL,NL,BRANCH,SECURITIES,EXISTING,REGULATED,0.19,0.02,0,0.0,NONE,0,0,0,0,0,0
NPA-000636,designed_medium,,INSTITUTIONAL,US,ONLINE,PHYSICAL,ADJACENT,REGULATED,0.43,0.17,0,0.24,ASSISTIVE,0,0,0,0,0,0
NPA-000637,designed_low,,INSTITUTIONAL,CA,BRANCH,FIAT,EXISTING,REGULATED,0.05,0.14,0,0.04,NONE,0,0,0,0,0,0
NPA-000638,designed_low,,RETAIL,NL,ONLINE,SECURITIES,EXISTING,REGULATED,0.09,0.02,0,0.1,NONE,0,0,0,0,0,0
NPA-000639,designed_high,,NON_RESIDENT,AE,API,DIGITAL_ASSET,NEW_CAPABILITY,UNREGULATED,0.79,0.74,0,0.86,ASSISTIVE,0,0,0,0,0,0
NPA-000640,prohibited,anonymity_instrument,RETAIL,NZ,ONLINE,DIGITAL_ASSET,EXISTING,REGULATED,0.34,0.03,0,0.33,ASSISTIVE,0,0,0,0,1,0
NPA-000641,designed_low,,RETAIL,DE,BRANCH,SECURITIES,EXISTING,NONE,0.12,0.08,0,0.1,NONE,0,0,0,0,0,0
NPA-000642,designed_low,,INSTITUTIONAL,FR,ONLINE,FIAT,EXISTING,NONE,0.08,0.02,0,0.06,NONE,0,0,0,0,0,0
NPA-000643,designed_medium,,INSTITUTIONAL,JP,INTERMEDIATED,DERIVATIVES,ADJACENT,REGULATED,0.59,0.28,0,0.5,ASSISTIVE,0,0,0,0,0,0
NPA-000644,hard_high,segment_geo_combo,INSTITUTIONAL,NL,BRANCH,SECURITIES,EXISTING,REGULATED,0.22,0.2,0,0.03,NONE,0,0,1,1,0,0
NPA-000645,designed_low,,RETAIL,NL,BRANCH,SECURITIES,EXISTING,NONE,0.08,0.09,0,0.2,NONE,0,0,0,0,0,0
NPA-000646,designed_low,,INSTITUTIONAL,SG,BRANCH,SECURITIES,EXISTING,REGULATED,0.24,0.05,0,0.13,NONE,0,0,0,0,0,0
NPA-000647,prohibited,prohibited_jurisdiction,INSTITUTIONAL,FR|KP,ONLINE,FIAT,ADJACENT,NONE,0.06,0.15,0,0.09,NONE,0,0,0,0,0,0
NPA-000648,designed_high,,NON_RESIDENT,HK,API,DIGITAL_ASSET,ADJACENT,UNREGULATED,0.74,0.48,1,0.75,ASSISTIVE,0,0,0,0,0,0
NPA-000649,designed_high,,UNREGULATED_ENTITY,HK,API,DERIVATIVES,ADJACENT,UNREGULATED,0.7,0.45,1,0.82,ASSISTIVE,0,0,0,0,0,0
NPA-000650,prohibited,bearer_feature,RETAIL,DE,BRANCH,SECURITIES,ADJACENT,REGULATED,0.43,0.13,0,0.01,NONE,0,0,0,0,0,1
NPA-000651,designed_medium,,INSTITUTIONAL,TR,INTERMEDIATED,SECURITIES,ADJACENT,REGULATED,0.36,0.27,0,0.47,ASSISTIVE,0,0,0,0,0,0
NPA-000652,designed_medium,,HNW,HK,ONLINE,PHYSICAL,ADJACENT,REGULATED,0.27,0.23,0,0.41,ASSISTIVE,0,0,0,0,0,0
NPA-000653,designed_medium,,INSTITUTIONAL,DE,ONLINE,PHYSICAL,ADJACENT,REGULATED,0.27,0.4,0,0.32,NONE,0,0,0,0,0,0
NPA-000654,designed_high,,UNREGULATED_ENTITY,HK,API,DERIVATIVES,ADJACENT,UNREGULATED,0.9,0.51,0,0.76,ASSISTIVE,0,0,0,0,0,0
NPA-000655,designed_low,,INSTITUTIONAL,JP,BRANCH,FIAT,EXISTING,NONE,0.03,0.03,0,0.11,NONE,0,0,0,0,0,0
NPA-000656,designed_low,,INSTITUTIONAL,JP,ONLINE,SECURITIES,EXISTING,NONE,0.01,0.07,0,0.0,NONE,0,0,0,0,0,0
NPA-000657,designed_low,,INSTITUTIONAL,GB,ONLINE,FIAT,EXISTING,NONE,0.03,0.1,0,0.07,NONE,0,0,0,0,0,0
NPA-000658,designed_medium,,HNW,TR,INTERMEDIATED,DERIVATIVES,ADJACENT,REGULATED,0.32,0.34,0,0.54,NONE,0,0,0,0,0,0
NPA-000659,hard_high,sanctions_geo,HNW,NZ|VE,ONLINE,SECURITIES,EXISTING,REGULATED,0.5,0.12,0,0.09,NONE,0,0,0,0,0,0
NPA-000660,designed_low,,INSTITUTIONAL,DE,BRANCH,SECURITIES,EXISTING,NONE,0.16,0.05,0,0.16,NONE,0,0,0,0,0,0
NPA-000661,designed_low,,INSTITUTIONAL,NZ,BRANCH,SECURITIES,EXISTING,NONE,0.16,0.07,0,0.15,NONE,0,0,0,0,0,0
NPA-000662,designed_low,,RETAIL,FR,BRANCH,SECURITIES,EXISTING,NONE,0.17,0.12,0,0.19,NONE,0,0,0,0,0,0
NPA-000663,designed_low,,INSTITUTIONAL,JP,ONLINE,FIAT,EXISTING,REGULATED,0.05,0.07,0,0.05,NONE,0,0,0,0,0,0
NPA-000664,designed_high,,UNREGULATED_ENTITY,HK,INTERMEDIATED,DERIVATIVES,NEW_CAPABILITY,UNREGULATED,0.75,0.69,1,0.83,ASSISTIVE,0,0,0,0,0,0
NPA-000665,designed_low,,RETAIL,DE,BRANCH,FIAT,EXISTING,NONE,0.05,0.04,0,0.17,NONE,0,0,0,0,0,0
NPA-000666,designed_medium,,HNW,SG,ONLINE,SECURITIES,ADJACENT,REGULATED,0.35,0.16,0,0.48,ASSISTIVE,0,0,0,0,0,0
NPA-000667,designed_medium,,RETAIL,AE,ONLINE,SECURITIES,ADJACENT,REGULATED,0.55,0.18,0,0.41,NONE,0,0,0,0,0,0
NPA-000668,hard_high,segment_geo_combo,INSTITUTIONAL,GB,BRANCH,SECURITIES,EXISTING,NONE,0.06,0.22,0,0.37,ASSISTIVE,0,0,1,1,0,0
NPA-000669,hard_high,sanctions_asset,RETAIL,JP,BRANCH,SECURITIES,ADJACENT,REGULATED,0.4,0.22,0,0.37,NONE,0,1,0,0,0,0
NPA-000670,designed_low,,RETAIL,US,BRANCH,SECURITIES,EXISTING,NONE,0.22,0.01,0,0.11,NONE,0,0,0,0,0,0
NPA-000671,designed_medium,,RETAIL,HK,ONLINE,DERIVATIVES,ADJACENT,REGULATED,0.56,0.43,0,0.33,ASSISTIVE,0,0,0,0,0,0
NPA-000672,designed_high,,NON_RESIDENT,AE,API,DIGITAL_ASSET,ADJACENT,UNREGULATED,0.72,0.47,1,0.86,ASSISTIVE,0,0,0,0,0,0
NPA-000673,designed_medium,,RETAIL,SG,INTERMEDIATED,DERIVATIVES,ADJACENT,REGULATED,0.36,0.43,0,0.46,ASSISTIVE,0,0,0,0,0,0
NPA-000674,designed_low,,RETAIL,SG,ONLINE,SECURITIES,EXISTING,REGULATED,0.1,0.01,0,0.17,NONE,0,0,0,0,0,0
NPA-000675,designed_high,,UNREGULATED_ENTITY,HK,INTERMEDIATED,DERIVATIVES,ADJACENT,UNREGULATED,0.85,0.68,0,0.78,ASSISTIVE,0,0,0,0,0,0
NPA-000676,designed_low,,INSTITUTIONAL,SG,ONLINE,FIAT,EXISTING,NONE,0.16,0.03,0,0.09,NONE,0,0,0,0,0,0
NPA-000677,designed_medium,,RETAIL,TR,INTERMEDIATED,PHYSICAL,ADJACENT,REGULATED,0.28,0.2,0,0.38,NONE,0,0,0,0,0,0
NPA-000678,hard_high,sanctions_asset,HNW,DE,ONLINE,SECURITIES,ADJACENT,NONE,0.13,0.21,0,0.33,ASSISTIVE,0,1,0,0,0,0
NPA-000679,designed_low,,INSTITUTIONAL,NL,BRANCH,SECURITIES,EXISTING,REGULATED,0.06,0.14,0,0.18,NONE,0,0,0,0,0,0
NPA-000680,designed_medium,,HNW,AE,ONLINE,DERIVATIVES,ADJACENT,REGULATED,0.5,0.2,0,0.34,ASSISTIVE,0,0,0,0,0,0
NPA-000681,designed_medium,,RETAIL,US,ONLINE,SECURITIES,ADJACENT,REGULATED,0.5,0.28,0,0.52,ASSISTIVE,0,0,0,0,0,0
NPA-000682,designed_high,,UNREGULATED_ENTITY,AE,API,DIGITAL_ASSET,NEW_CAPABILITY,UNREGULATED,0.88,0.68,1,0.62,AUTONOMOUS_DECISIONING,0,0,0,0,0,0
NPA-000683,designed_low,,INSTITUTIONAL,NZ,ONLINE,FIAT,EXISTING,NONE,0.18,0.03,0,0.04,NONE,0,0,0,0,0,0
NPA-000684,designed_high,,NON_RESIDENT,PA,INTERMEDIATED,DIGITAL_ASSET,ADJACENT,UNREGULATED,0.86,0.5,1,0.53,AUTONOMOUS_DECISIONING,0,0,0,0,0,0
NPA-000685,designed_low,,INSTITUTIONAL,DE,ONLINE,FIAT,EXISTING,REGULATED,0.1,0.06,0,0.12,NONE,0,0,0,0,0,0
NPA-000686,designed_low,,RETAIL,CA,BRANCH,FIAT,EXISTING,NONE,0.23,0.15,0,0.19,NONE,0,0,0,0,0,0
NPA-000687,prohibited,bearer_feature,HNW,CA,BRANCH,SECURITIES,ADJACENT,REGULATED,0.49,0.2,0,0.05,NONE,0,0,0,0,0,1
NPA-000688,designed_low,,RETAIL,FR,BRANCH,SECURITIES,EXISTING,NONE,0.03,0.05,0,0.11,NONE,0,0,0,0,0,0
NPA-000689,designed_low,,RETAIL,GB,BRANCH,FIAT,EXISTING,NONE,0.22,0.13,0,0.15,NONE,0,0,0,0,0,0
NPA-000690,hard_high,segment_geo_combo,INSTITUTIONAL,US,ONLINE,SECURITIES,ADJACENT,NONE,0.16,0.3,0,0.31,NONE,0,0,1,1,0,0
NPA-000691,designed_low,,RETAIL,CA,BRANCH,FIAT,EXISTING,NONE,0.12,0.02,0,0.09,NONE,0,0,0,0,0,0
NPA-000692,designed_low,,INSTITUTIONAL,CA,BRANCH,SECURITIES,EXISTING,REGULATED,0.14,0.07,0,0.02,NONE,0,0,0,0,0,0
NPA-000693,designed_medium,,RETAIL,US,ONLINE,DERIVATIVES,ADJACENT,REGULATED,0.31,0.2,0,0.38,ASSISTIVE,0,0,0,0,0,0
NPA-000694,designed_medium,,HNW,FR,ONLINE,DERIVATIVES,ADJACENT,REGULATED,0.57,0.22,0,0.37,NONE,0,0,0,0,0,0
NPA-000695,hard_high,segment_geo_combo,RETAIL,US,BRANCH,SECURITIES,ADJACENT,NONE,0.42,0.05,0,0.03,ASSISTIVE,0,0,1,1,0,0
NPA-000696,designed_medium,,INSTITUTIONAL,AE,ONLINE,PHYSICAL,ADJACENT,REGULATED,0.47,0.29,0,0.53,NONE,0,0,0,0,0,0
NPA-000697,designed_low,,RETAIL,US,BRANCH,FIAT,EXISTING,REGULATED,0.02,0.14,0,0.08,NONE,0,0,0,0,0,0
NPA-000698,designed_low,,RETAIL,NZ,BRANCH,FIAT,EXISTING,NONE,0.21,0.02,0,0.16,NONE,0,0,0,0,0,0
NPA-000699,designed_low,,RETAIL,AU,BRANCH,SECURITIES,EXISTING,NONE,0.18,0.14,0,0.18,NONE,0,0,0,0,0,0
