code,name,stratum,cpi_score,basel_score,wgi_rule_of_law_pct,wgi_control_corruption_pct,secrecy_score,organized_crime_score,terrorism_score,instability_score,comprehensive_sanctions,fatf_blacklist,fatf_greylist,eu_high_risk,incsr_primary_concern,missing
J0016,Jurisdiction 0016,designed_low,82.5,1.3,87.9,92.8,14.0,18.2,12.9,29.1,0,0,0,0,0,
J0359,Jurisdiction 0359,designed_medium,56.8,4.88,55.9,54.3,51.0,45.8,32.0,32.7,0,0,0,0,0,
J0309,Jurisdiction 0309,designed_medium,53.4,4.08,47.0,50.4,45.3,43.6,31.4,31.7,0,0,0,0,0,
J0002,Jurisdiction 0002,designed_low,77.7,2.44,85.8,87.8,26.8,15.5,10.1,12.0,0,0,0,0,0,organized_crime
J0492,Jurisdiction 0492,hard_high,53.4,3.38,49.2,45.8,43.6,46.6,27.9,36.5,0,0,0,0,1,
J0529,Jurisdiction 0529,hard_high,62.4,4.47,60.8,47.0,34.1,30.6,10.5,43.7,0,0,0,1,0,
J0170,Jurisdiction 0170,designed_low,76.2,1.18,77.6,87.7,33.9,25.3,19.4,29.7,0,0,0,0,0,
J0147,Jurisdiction 0147,designed_low,83.9,2.43,77.2,76.0,26.6,20.6,18.2,23.0,0,0,0,0,0,
J0452,Jurisdiction 0452,designed_high,30.2,7.14,13.2,25.8,80.9,62.7,31.2,71.6,0,0,0,0,0,
J0247,Jurisdiction 0247,designed_medium,52.2,3.99,45.6,52.0,48.7,48.1,29.5,28.2,0,0,0,0,0,
J0371,Jurisdiction 0371,designed_high,35.2,8.11,8.5,15.4,85.6,60.7,30.8,68.2,0,0,0,0,0,
J0440,Jurisdiction 0440,designed_high,29.8,7.33,12.4,26.5,84.0,71.1,32.5,63.6,0,0,0,0,0,
J0275,Jurisdiction 0275,designed_medium,52.6,4.38,56.7,47.2,42.8,49.4,31.7,40.2,0,0,0,0,0,
J0282,Jurisdiction 0282,designed_medium,59.9,5.44,59.9,47.4,53.7,49.8,15.7,34.5,0,0,0,0,0,
J0302,Jurisdiction 0302,designed_medium,59.7,5.52,45.2,50.4,43.1,49.2,19.9,38.0,0,0,0,0,0,
J0085,Jurisdiction 0085,designed_low,74.8,1.64,76.8,78.3,31.1,17.1,2.5,20.8,0,0,0,0,0,
J0133,Jurisdiction 0133,designed_low,79.8,2.05,76.2,81.6,19.6,7.0,17.7,23.6,0,0,0,0,0,
J0194,Jurisdiction 0194,designed_medium,49.2,4.99,53.5,47.6,41.1,50.4,20.2,34.4,0,0,0,0,0,
J0402,Jurisdiction 0402,designed_high,21.9,7.41,17.3,20.9,76.0,73.2,50.2,58.1,0,0,0,0,0,
J0443,Jurisdiction 0443,designed_high,30.9,7.12,18.9,31.0,78.1,66.6,63.8,67.4,0,0,0,0,0,
J0216,Jurisdiction 0216,designed_medium,57.9,5.43,50.8,54.3,49.9,43.7,25.8,34.3,0,0,0,0,0,
J0156,Jurisdiction 0156,designed_low,88.5,2.43,74.3,83.3,15.8,8.6,9.7,20.4,0,0,0,0,0,
J0252,Jurisdiction 0252,designed_medium,46.8,4.52,49.7,55.2,49.4,51.4,28.1,33.9,0,0,0,0,0,
J0534,Jurisdiction 0534,hard_high,56.7,4.48,60.1,44.8,32.4,37.1,25.8,41.6,0,0,0,0,1,
J0206,Jurisdiction 0206,designed_medium,57.7,5.41,58.9,51.3,39.6,46.0,17.3,30.5,0,0,0,0,0,
J0210,Jurisdiction 0210,designed_medium,50.7,4.79,52.5,51.7,50.0,37.9,18.5,41.6,0,0,0,0,0,
J0576,Jurisdiction 0576,hard_critical,52.7,4.27,39.6,36.3,55.9,47.7,27.6,55.8,1,0,0,0,0,
J0414,Jurisdiction 0414,designed_high,22.1,7.78,29.7,14.9,81.5,78.7,56.7,65.7,0,0,0,0,0,
J0183,Jurisdiction 0183,designed_medium,55.5,4.14,46.9,59.9,46.4,49.8,23.0,29.6,0,0,0,0,0,
J0263,Jurisdiction 0263,designed_medium,47.0,4.98,51.1,55.3,53.9,42.1,21.7,28.1,0,0,0,0,0,
J0319,Jurisdiction 0319,designed_medium,44.9,5.58,53.5,55.8,56.0,51.5,15.8,39.8,0,0,0,0,0,terrorism
J0005,Jurisdiction 0005,designed_low,88.2,1.87,78.0,73.5,25.9,24.3,19.7,26.4,0,0,0,0,0,
J0022,Jurisdiction 0022,designed_low,78.0,3.22,83.3,90.9,23.2,6.3,20.0,25.9,0,0,0,0,0,
J0532,Jurisdiction 0532,hard_high,50.5,4.54,50.1,48.1,33.9,47.1,17.9,36.3,0,0,0,1,0,
J0352,Jurisdiction 0352,designed_medium,44.5,4.47,54.7,45.2,53.7,44.6,20.3,30.9,0,0,0,0,0,
J0298,Jurisdiction 0298,designed_medium,48.2,5.56,55.3,50.9,47.2,35.0,29.5,31.0,0,0,0,0,0,
J0010,Jurisdiction 0010,designed_low,88.4,1.96,78.6,93.9,22.2,7.3,2.8,7.7,0,0,0,0,0,
J0050,Jurisdiction 0050,designed_low,87.0,3.14,83.0,92.0,20.7,9.0,17.5,16.3,0,0,0,0,0,
J0404,Jurisdiction 0404,designed_high,31.0,8.51,9.4,27.8,65.3,78.5,61.0,66.0,0,0,0,0,0,
J0261,Jurisdiction 0261,designed_medium,55.6,4.61,45.2,42.8,50.8,34.4,20.2,30.0,0,0,0,0,0,
J0271,Jurisdiction 0271,designed_medium,56.4,4.69,53.2,52.3,42.8,43.8,31.8,37.8,0,0,0,0,0,
J0163,Jurisdiction 0163,designed_low,79.4,1.45,88.5,80.1,29.1,11.7,3.5,15.6,0,0,0,0,0,
J0342,Jurisdiction 0342,designed_medium,46.0,4.56,61.8,49.8,56.0,45.3,29.0,32.6,0,0,0,0,0,
J0056,Jurisdiction 0056,designed_low,89.7,2.28,93.0,85.0,25.9,7.1,9.7,26.7,0,0,0,0,0,
J0410,Jurisdiction 0410,designed_high,36.1,7.61,20.3,23.5,79.6,72.5,34.1,62.5,0,0,0,0,0,
J0362,Jurisdiction 0362,designed_high,22.9,8.1,27.8,14.4,77.7,64.1,33.2,62.8,0,0,0,0,0,
J0110,Jurisdiction 0110,designed_low,88.2,2.57,91.5,85.5,32.5,12.0,14.4,10.4,0,0,0,0,0,
J0131,Jurisdiction 0131,designed_low,84.7,1.85,82.3,88.3,20.5,16.5,3.4,12.8,0,0,0,0,0,
J0014,Jurisdiction 0014,designed_low,80.0,1.39,94.0,92.3,32.0,20.0,10.8,7.8,0,0,0,0,0,
J0244,Jurisdiction 0244,designed_medium,54.1,5.21,52.1,46.1,48.0,40.8,17.3,38.5,0,0,0,0,0,
J0498,Jurisdiction 0498,hard_high,54.2,3.84,47.9,57.2,31.0,46.8,13.2,24.6,0,0,0,0,1,
J0367,Jurisdiction 0367,designed_high,27.3,7.99,10.3,24.7,76.5,65.9,64.8,63.8,0,0,0,0,0,
J0584,Jurisdiction 0584,hard_critical,43.7,5.48,51.3,56.0,56.3,51.2,26.1,37.9,1,0,0,0,0,
J0421,Jurisdiction 0421,designed_high,32.1,7.89,13.5,31.7,82.1,58.8,36.6,72.2,0,0,0,0,0,
J0496,Jurisdiction 0496,hard_high,62.4,4.28,55.1,59.5,41.1,42.7,25.9,36.4,0,0,1,0,0,
J0064,Jurisdiction 0064,designed_low,85.7,3.32,79.7,89.8,22.9,17.1,9.8,23.3,0,0,0,0,0,
J0126,Jurisdiction 0126,designed_low,84.5,1.17,89.6,93.4,12.2,18.3,8.8,16.3,0,0,0,0,0,
J0600,Jurisdiction 0600,hard_critical,52.5,4.6,46.6,38.3,55.2,47.7,37.5,43.6,0,1,0,0,0,
J0098,Jurisdiction 0098,designed_low,81.4,2.6,92.9,82.2,16.9,18.7,3.3,28.6,0,0,0,0,0,
J0024,Jurisdiction 0024,designed_low,78.2,2.88,83.6,81.3,33.0,29.9,12.0,23.0,0,0,0,0,0,
J0548,Jurisdiction 0548,hard_high,58.2,3.83,56.5,63.9,37.8,30.6,20.1,34.4,0,0,0,0,1,
J0055,Jurisdiction 0055,designed_low,81.8,1.66,84.2,80.6,26.1,25.0,15.0,26.0,0,0,0,0,0,
J0549,Jurisdiction 0549,hard_high,62.2,4.97,50.7,49.8,34.3,30.4,18.4,39.9,0,0,0,0,1,
J0356,Jurisdiction 0356,designed_medium,49.6,4.25,52.4,54.2,52.8,41.1,15.8,37.2,0,0,0,0,0,
J0072,Jurisdiction 0072,designed_low,81.9,3.09,86.1,82.3,20.6,9.6,2.9,28.5,0,0,0,0,0,
J0397,Jurisdiction 0397,designed_high,36.4,7.18,11.5,19.9,78.2,75.2,40.8,75.3,0,0,0,0,0,
J0567,Jurisdiction 0567,hard_critical,53.7,4.21,50.2,37.6,46.6,47.2,31.0,39.2,0,1,0,0,0,
J0555,Jurisdiction 0555,hard_critical,51.8,5.68,50.6,44.6,53.1,55.3,34.5,49.5,1,0,0,0,0,
J0041,Jurisdiction 0041,designed_low,80.2,2.38,79.3,87.6,10.0,28.1,11.7,23.0,0,0,0,0,0,
J0063,Jurisdiction 0063,designed_low,79.5,3.04,91.3,74.3,33.1,20.9,16.9,22.7,0,0,0,0,0,
J0478,Jurisdiction 0478,designed_high,20.5,8.18,8.7,25.9,82.4,63.8,47.1,85.1,0,0,0,0,0,
J0329,Jurisdiction 0329,designed_medium,55.9,4.23,61.7,45.0,53.9,35.6,26.8,39.5,0,0,0,0,0,
J0420,Jurisdiction 0420,designed_high,18.2,8.27,11.7,11.0,74.9,65.6,49.7,53.1,0,0,0,0,0,
J0274,Jurisdiction 0274,designed_medium,55.4,4.94,47.0,44.5,41.7,37.7,15.1,34.3,0,0,0,0,0,
J0119,Jurisdiction 0119,designed_low,82.1,2.03,90.7,74.5,25.7,26.9,11.9,26.6,0,0,0,0,0,
J0069,Jurisdiction 0069,designed_low,85.2,1.65,79.3,74.7,14.6,8.0,11.6,24.1,0,0,0,0,0,
J0151,Jurisdiction 0151,designed_low,87.5,3.04,80.0,88.8,16.5,27.6,4.7,15.9,0,0,0,0,0,
J0340,Jurisdiction 0340,designed_medium,57.9,4.65,59.9,50.6,39.4,50.2,26.9,37.0,0,0,0,0,0,
J0596,Jurisdiction 0596,hard_critical,40.3,4.15,50.6,41.5,49.8,55.9,21.3,48.1,1,0,0,0,0,
J0036,Jurisdiction 0036,designed_low,88.9,3.08,94.5,89.8,31.2,5.6,15.3,13.3,0,0,0,0,0,
J0471,Jurisdiction 0471,designed_high,22.9,6.05,11.2,30.8,85.0,60.4,50.7,73.4,0,0,0,0,0,
J0320,Jurisdiction 0320,designed_medium,57.1,5.45,45.0,59.9,41.9,49.2,28.4,34.4,0,0,0,0,0,
J0394,Jurisdiction 0394,designed_high,32.7,7.17,25.1,32.9,63.5,68.5,49.1,51.7,0,0,0,0,0,
J0025,Jurisdiction 0025,designed_low,78.7,3.32,86.2,83.9,28.0,6.4,12.5,17.6,0,0,0,0,0,
J0120,Jurisdiction 0120,designed_low,88.2,1.99,91.4,80.8,27.5,12.8,7.6,11.4,0,0,0,0,0,
J0253,Jurisdiction 0253,designed_medium,56.6,4.46,60.8,45.6,56.0,37.2,27.8,28.5,0,0,0,0,0,
J0587,Jurisdiction 0587,hard_critical,46.8,4.6,54.4,52.6,51.7,45.6,33.5,44.4,0,1,0,0,0,terrorism
J0265,Jurisdiction 0265,designed_medium,54.7,4.68,61.4,47.6,45.0,41.1,16.1,34.3,0,0,0,0,0,
J0012,Jurisdiction 0012,designed_low,75.8,3.12,89.8,88.9,18.2,12.3,4.8,5.1,0,0,0,0,0,instability
J0552,Jurisdiction 0552,hard_high,49.9,4.87,64.4,53.6,40.4,28.7,12.4,27.1,0,0,1,0,0,
J0464,Jurisdiction 0464,designed_high,19.0,8.08,20.4,23.0,73.1,65.6,54.7,56.3,0,0,0,0,0,
J0350,Jurisdiction 0350,designed_medium,49.0,4.71,46.4,57.3,53.8,34.5,17.5,43.0,0,0,0,0,0,
J0080,Jurisdiction 0080,designed_low,85.8,2.45,74.5,77.0,26.2,26.5,12.6,5.5,0,0,0,0,0,terrorism
J0561,Jurisdiction 0561,hard_critical,50.3,4.2,49.9,48.1,46.0,56.9,35.7,46.6,0,1,0,0,0,instability
J0004,Jurisdiction 0004,designed_low,79.5,1.63,74.9,82.1,13.0,28.1,3.4,12.3,0,0,0,0,0,
J0489,Jurisdiction 0489,hard_high,47.9,4.53,50.2,51.8,51.1,46.7,12.9,38.6,0,0,0,1,0,
J0132,Jurisdiction 0132,designed_low,80.5,2.54,80.1,80.9,33.2,9.3,19.1,16.5,0,0,0,0,0,
J0221,Jurisdiction 0221,designed_medium,57.1,5.12,49.7,52.8,50.1,39.8,19.4,30.6,0,0,0,0,0,
J0087,Jurisdiction 0087,designed_low,76.5,3.24,80.1,87.5,20.0,17.1,10.5,16.4,0,0,0,0,0,
J0334,Jurisdiction 0334,designed_medium,46.6,5.4,46.8,43.8,41.7,37.4,26.5,41.0,0,0,0,0,0,instability
J0196,Jurisdiction 0196,designed_medium,48.8,4.32,47.7,54.7,43.7,40.3,30.8,42.3,0,0,0,0,0,
J0062,Jurisdiction 0062,designed_low,87.6,2.44,76.5,93.6,28.8,13.7,9.7,14.3,0,0,0,0,0,
J0204,Jurisdiction 0204,designed_medium,48.6,5.58,53.8,50.9,54.9,49.3,22.4,31.5,0,0,0,0,0,
J0460,Jurisdiction 0460,designed_high,27.1,6.92,31.3,16.5,84.6,73.4,62.8,68.0,0,0,0,0,0,
J0140,Jurisdiction 0140,designed_low,81.2,2.95,91.6,93.6,12.0,21.2,2.7,22.7,0,0,0,0,0,
J0301,Jurisdiction 0301,designed_medium,50.7,5.1,48.9,43.4,44.7,43.0,30.2,31.2,0,0,0,0,0,
J0283,Jurisdiction 0283,designed_medium,54.6,4.97,44.9,53.3,51.1,47.6,21.7,29.6,0,0,0,0,0,
J0094,Jurisdiction 0094,designed_low,87.6,3.06,82.0,79.0,27.2,24.0,17.7,5.9,0,0,0,0,0,
J0164,Jurisdiction 0164,designed_low,89.9,1.43,80.2,74.3,17.9,12.4,10.0,22.9,0,0,0,0,0,
J0463,Jurisdiction 0463,designed_high,36.7,8.33,30.6,21.8,85.6,79.7,40.1,58.0,0,0,0,0,0,
J0019,Jurisdiction 0019,designed_low,75.1,1.57,88.0,76.7,13.2,28.4,12.3,16.8,0,0,0,0,0,terrorism
J0393,Jurisdiction 0393,designed_high,25.5,7.19,28.3,27.2,62.8,66.2,63.4,80.1,0,0,0,0,0,
J0158,Jurisdiction 0158,designed_low,80.2,2.13,87.3,93.6,16.1,5.4,16.2,13.6,0,0,0,0,0,
J0097,Jurisdiction 0097,designed_low,76.9,1.42,86.8,80.4,26.4,17.4,12.5,10.8,0,0,0,0,0,
J0366,Jurisdiction 0366,designed_high,27.3,7.64,12.6,25.2,60.1,62.4,57.4,56.1,0,0,0,0,0,
J0269,Jurisdiction 0269,designed_medium,51.8,4.15,50.9,52.1,49.8,41.4,22.9,40.8,0,0,0,0,0,
J0574,Jurisdiction 0574,hard_critical,56.1,4.72,56.9,55.0,45.2,52.0,26.7,41.0,0,1,0,0,0,
J0513,Jurisdiction 0513,hard_high,50.4,3.78,53.9,46.6,31.8,39.4,10.9,32.0,0,0,0,0,1,
J0266,Jurisdiction 0266,designed_medium,46.8,5.01,58.4,58.5,48.6,46.1,19.6,32.3,0,0,0,0,0,
J0312,Jurisdiction 0312,designed_medium,51.2,5.15,48.5,50.3,52.5,36.5,14.2,42.9,0,0,0,0,0,
J0524,Jurisdiction 0524,hard_high,58.5,4.96,63.8,60.3,30.6,39.1,15.0,27.0,0,0,0,1,0,
J0538,Jurisdiction 0538,hard_high,63.9,4.97,47.8,50.5,44.3,42.2,13.0,38.7,0,0,0,0,1,
J0377,Jurisdiction 0377,designed_high,20.1,7.49,20.8,32.8,80.3,57.0,56.0,82.6,0,0,0,0,0,
J0535,Jurisdiction 0535,hard_high,53.9,4.67,57.2,54.3,43.9,29.0,15.2,32.0,0,0,1,0,0,
J0185,Jurisdiction 0185,designed_medium,44.1,3.99,46.4,46.8,44.6,41.3,14.8,28.9,0,0,0,0,0,
J0434,Jurisdiction 0434,designed_high,19.5,6.65,33.3,15.3,70.6,77.1,42.4,78.5,0,0,0,0,0,
J0400,Jurisdiction 0400,designed_high,30.7,7.09,27.4,30.2,67.4,77.9,59.1,68.8,0,0,0,0,0,
J0180,Jurisdiction 0180,designed_low,81.3,2.65,77.3,81.1,21.1,13.5,4.6,26.5,0,0,0,0,0,
J0353,Jurisdiction 0353,designed_medium,56.0,5.04,49.1,49.0,40.9,44.3,31.4,43.4,0,0,0,0,0,
J0311,Jurisdiction 0311,designed_medium,45.5,4.25,50.4,51.2,50.2,38.7,31.8,28.6,0,0,0,0,0,
J0262,Jurisdiction 0262,designed_medium,58.9,5.13,53.3,51.9,44.0,41.7,22.3,42.4,0,0,0,0,0,
J0385,Jurisdiction 0385,designed_high,31.1,7.61,19.3,27.4,72.5,72.9,53.1,55.4,0,0,0,0,0,
J0323,Jurisdiction 0323,designed_medium,47.7,4.19,53.5,42.0,54.5,37.6,16.3,40.9,0,0,0,0,0,
J0357,Jurisdiction 0357,designed_medium,57.5,4.47,55.7,53.0,43.4,35.9,15.1,45.8,0,0,0,0,0,
J0257,Jurisdiction 0257,designed_medium,45.7,4.25,56.0,45.0,49.0,44.1,25.6,39.6,0,0,0,0,0,
J0154,Jurisdiction 0154,designed_low,76.2,2.69,83.4,72.1,11.9,11.4,17.0,18.7,0,0,0,0,0,
J0115,Jurisdiction 0115,designed_low,79.7,2.89,86.4,72.3,16.4,8.2,9.6,7.8,0,0,0,0,0,
J0531,Jurisdiction 0531,hard_high,59.0,3.57,53.7,53.5,33.6,32.5,17.4,43.4,0,0,0,0,1,
J0285,Jurisdiction 0285,designed_medium,55.1,4.66,48.1,43.6,52.5,35.9,20.6,33.4,0,0,0,0,0,
J0280,Jurisdiction 0280,designed_medium,51.9,4.38,49.1,51.9,40.4,49.3,28.2,44.1,0,0,0,0,0,
J0150,Jurisdiction 0150,designed_low,89.5,2.96,90.8,75.0,16.0,21.0,17.7,18.9,0,0,0,0,0,
J0560,Jurisdiction 0560,hard_critical,42.6,4.4,44.3,47.7,57.0,51.4,24.0,37.5,1,0,0,0,0,
J0373,Jurisdiction 0373,designed_high,33.9,6.13,11.0,20.7,63.2,61.8,55.3,57.4,0,0,0,0,0,
J0048,Jurisdiction 0048,designed_low,74.1,2.8,90.2,74.3,20.2,9.4,19.2,17.9,0,0,0,0,0,
J0240,Jurisdiction 0240,designed_medium,57.9,5.4,52.6,42.8,39.3,50.7,30.2,38.1,0,0,0,0,0,
J0363,Jurisdiction 0363,designed_high,23.8,8.05,16.6,16.3,67.6,78.0,46.9,81.2,0,0,0,0,0,
J0515,Jurisdiction 0515,hard_high,50.8,3.73,54.6,57.7,42.7,30.3,17.4,31.3,0,0,0,0,1,
J0335,Jurisdiction 0335,designed_medium,48.2,4.31,48.3,42.9,48.3,49.1,16.8,34.5,0,0,0,0,0,
J0148,Jurisdiction 0148,designed_low,84.8,1.57,83.3,78.3,28.0,16.2,11.6,12.7,0,0,0,0,0,terrorism
J0456,Jurisdiction 0456,designed_high,20.0,6.19,15.7,32.7,80.9,80.8,61.5,79.3,0,0,0,0,0,
J0011,Jurisdiction 0011,designed_low,86.7,2.01,75.3,80.4,33.9,18.2,19.5,26.5,0,0,0,0,0,
J0030,Jurisdiction 0030,designed_low,87.3,2.69,86.8,93.7,25.7,5.2,16.7,12.5,0,0,0,0,0,
J0482,Jurisdiction 0482,hard_high,61.3,4.8,57.9,59.9,42.1,31.8,25.9,32.7,0,0,0,1,0,
J0160,Jurisdiction 0160,designed_low,81.4,2.67,87.3,89.9,11.5,24.4,10.2,12.3,0,0,0,0,0,
J0040,Jurisdiction 0040,designed_low,76.9,3.31,79.6,74.4,20.4,23.2,7.6,20.2,0,0,0,0,0,
J0360,Jurisdiction 0360,designed_medium,50.2,3.86,56.7,52.3,41.4,47.1,18.0,37.6,0,0,0,0,0,
J0445,Jurisdiction 0445,designed_high,19.6,7.56,22.1,16.2,60.1,75.1,30.3,68.8,0,0,0,0,0,
J0475,Jurisdiction 0475,designed_high,29.2,8.51,18.8,14.4,60.6,74.6,53.8,83.9,0,0,0,0,0,
J0138,Jurisdiction 0138,designed_low,74.6,1.88,80.0,86.2,33.5,7.3,12.7,14.6,0,0,0,0,0,
J0289,Jurisdiction 0289,designed_medium,48.6,5.49,44.5,57.2,53.8,37.7,24.9,31.4,0,0,0,0,0,
J0336,Jurisdiction 0336,designed_medium,48.7,4.99,54.8,45.6,38.5,37.1,19.3,29.5,0,0,0,0,0,
J0222,Jurisdiction 0222,designed_medium,47.5,4.34,45.1,59.1,53.8,50.4,25.3,35.7,0,0,0,0,0,
J0444,Jurisdiction 0444,designed_high,24.7,8.09,31.6,30.1,75.0,66.5,39.2,77.6,0,0,0,0,0,
J0073,Jurisdiction 0073,designed_low,87.2,1.96,75.6,85.8,11.3,8.7,12.1,12.6,0,0,0,0,0,
J0436,Jurisdiction 0436,designed_high,33.5,7.72,18.8,17.9,62.9,73.2,47.2,71.3,0,0,0,0,0,
J0546,Jurisdiction 0546,hard_high,61.2,4.89,47.3,53.4,32.7,45.2,15.9,32.3,0,0,0,1,0,
J0308,Jurisdiction 0308,designed_medium,49.0,5.24,56.6,55.2,43.7,38.9,15.3,31.6,0,0,0,0,0,
J0225,Jurisdiction 0225,designed_medium,46.1,4.24,47.7,53.6,54.6,49.2,15.7,41.0,0,0,0,0,0,
J0096,Jurisdiction 0096,designed_low,78.8,1.07,80.8,73.2,18.6,15.8,6.4,15.3,0,0,0,0,0,
J0326,Jurisdiction 0326,designed_medium,59.4,4.97,47.1,59.4,50.5,50.7,28.2,32.0,0,0,0,0,0,
J0270,Jurisdiction 0270,designed_medium,46.7,4.82,58.3,46.0,38.6,38.0,19.2,42.1,0,0,0,0,0,
J0067,Jurisdiction 0067,designed_low,75.4,2.73,84.3,88.7,26.6,21.1,10.8,24.8,0,0,0,0,0,
J0581,Jurisdiction 0581,hard_critical,57.9,5.07,38.2,46.0,59.9,49.5,25.3,41.8,1,0,0,0,0,
J0079,Jurisdiction 0079,designed_low,78.6,1.3,88.5,87.4,32.6,17.5,10.9,7.0,0,0,0,0,0,
J0207,Jurisdiction 0207,designed_medium,48.0,4.27,48.2,55.6,55.2,39.4,27.0,28.2,0,0,0,0,0,
J0530,Jurisdiction 0530,hard_high,57.3,3.66,50.6,57.7,37.9,41.8,18.6,34.0,0,0,0,0,1,
J0078,Jurisdiction 0078,designed_low,82.7,2.55,93.1,90.2,11.7,9.1,7.5,23.7,0,0,0,0,0,
J0230,Jurisdiction 0230,designed_medium,50.6,4.81,48.0,44.6,42.7,50.8,24.4,35.5,0,0,0,0,0,
J0203,Jurisdiction 0203,designed_medium,51.9,5.49,61.3,58.7,53.8,34.2,24.2,29.9,0,0,0,0,0,
J0544,Jurisdiction 0544,hard_high,62.8,3.8,64.4,45.0,39.2,31.6,22.1,36.2,0,0,1,0,0,
J0136,Jurisdiction 0136,designed_low,81.4,2.35,86.2,87.0,31.2,21.1,19.8,13.1,0,0,0,0,0,
J0497,Jurisdiction 0497,hard_high,50.8,4.64,59.2,54.8,38.5,38.5,19.0,35.0,0,0,0,1,0,
J0345,Jurisdiction 0345,designed_medium,53.0,3.98,49.1,51.6,44.2,41.4,20.9,36.7,0,0,0,0,0,
J0341,Jurisdiction 0341,designed_medium,56.8,5.02,55.2,44.2,51.6,37.1,31.7,45.5,0,0,0,0,0,
J0458,Jurisdiction 0458,designed_high,18.5,6.3,9.8,25.2,85.8,73.3,38.3,61.4,0,0,0,0,0,
J0084,Jurisdiction 0084,designed_low,87.2,1.0,92.3,82.2,11.3,18.0,13.2,17.5,0,0,0,0,0,
J0407,Jurisdiction 0407,designed_high,34.1,6.01,20.1,32.5,61.0,80.1,51.5,77.9,0,0,0,0,0,
J0419,Jurisdiction 0419,designed_high,34.1,6.77,24.5,17.2,83.1,81.1,61.2,73.3,0,0,0,0,0,
J0364,Jurisdiction 0364,designed_high,35.9,6.19,31.1,22.0,82.6,65.3,40.7,51.9,0,0,0,0,0,
J0149,Jurisdiction 0149,designed_low,81.5,3.0,81.7,92.8,33.6,16.5,7.1,14.5,0,0,0,0,0,
J0106,Jurisdiction 0106,designed_low,82.9,1.22,82.3,77.8,13.0,14.2,15.5,11.6,0,0,0,0,0,
J0086,Jurisdiction 0086,designed_low,85.4,1.75,74.3,81.0,15.4,26.0,4.0,28.7,0,0,0,0,0,
J0201,Jurisdiction 0201,designed_medium,51.6,4.16,61.4,47.8,49.6,50.3,15.6,38.3,0,0,0,0,0,
J0339,Jurisdiction 0339,designed_medium,49.5,4.77,61.5,52.6,48.0,49.1,28.7,35.5,0,0,0,0,0,
J0430,Jurisdiction 0430,designed_high,34.1,8.1,24.0,14.0,73.4,67.0,36.4,84.2,0,0,0,0,0,organized_crime
J0200,Jurisdiction 0200,designed_medium,55.5,3.98,57.9,42.1,47.9,50.7,21.3,44.8,0,0,0,0,0,
J0234,Jurisdiction 0234,designed_medium,47.7,5.07,44.2,51.1,44.7,45.1,26.0,39.1,0,0,0,0,0,
J0307,Jurisdiction 0307,designed_medium,45.5,4.04,58.8,43.3,48.2,41.8,31.4,32.3,0,0,0,0,0,
J0354,Jurisdiction 0354,designed_medium,54.8,4.28,51.4,42.4,52.0,47.8,14.2,44.4,0,0,0,0,0,
J0365,Jurisdiction 0365,designed_high,20.6,6.52,18.6,23.7,83.6,67.4,41.4,75.8,0,0,0,0,0,
J0166,Jurisdiction 0166,designed_low,84.2,1.87,90.8,86.9,32.9,8.6,12.9,24.5,0,0,0,0,0,instability
J0189,Jurisdiction 0189,designed_medium,59.8,5.13,49.4,48.1,52.9,43.6,26.8,33.4,0,0,0,0,0,
J0455,Jurisdiction 0455,designed_high,24.6,8.5,15.2,24.6,65.1,80.1,50.7,59.4,0,0,0,0,0,
J0358,Jurisdiction 0358,designed_medium,57.8,4.27,56.8,58.1,43.4,36.7,27.8,44.2,0,0,0,0,0,
J0089,Jurisdiction 0089,designed_low,78.3,1.01,89.2,90.4,23.9,21.5,17.6,16.2,0,0,0,0,0,
J0411,Jurisdiction 0411,designed_high,30.2,8.39,14.3,11.0,83.0,65.3,58.7,54.1,0,0,0,0,0,
J0034,Jurisdiction 0034,designed_low,82.7,3.0,86.2,75.3,13.1,12.7,18.2,24.9,0,0,0,0,0,
J0439,Jurisdiction 0439,designed_high,22.1,7.58,20.3,21.6,65.7,66.1,35.1,71.0,0,0,0,0,0,
J0557,Jurisdiction 0557,hard_critical,55.1,5.83,47.8,36.5,50.6,48.0,22.2,54.3,1,0,0,0,0,
J0290,Jurisdiction 0290,designed_medium,54.3,5.21,58.3,46.3,44.9,38.3,25.5,29.3,0,0,0,0,0,
J0076,Jurisdiction 0076,designed_low,76.5,1.42,75.6,72.1,20.8,19.8,7.2,10.8,0,0,0,0,0,
J0006,Jurisdiction 0006,designed_low,80.1,2.09,91.5,75.6,18.5,21.8,14.6,22.1,0,0,0,0,0,
J0161,Jurisdiction 0161,designed_low,88.2,1.76,80.5,80.8,29.6,16.8,2.7,21.2,0,0,0,0,0,organized_crime
J0564,Jurisdiction 0564,hard_critical,54.6,4.93,40.9,53.9,60.2,47.4,28.0,49.1,0,1,0,0,0,
J0053,Jurisdiction 0053,designed_low,75.0,3.0,82.2,88.9,32.7,5.5,17.9,19.4,0,0,0,0,0,
J0039,Jurisdiction 0039,designed_low,89.5,1.67,87.5,80.8,33.5,18.4,18.9,7.9,0,0,0,0,0,
J0128,Jurisdiction 0128,designed_low,81.1,2.02,86.7,81.1,15.2,17.8,8.2,7.8,0,0,0,0,0,
J0405,Jurisdiction 0405,designed_high,30.0,7.84,17.6,24.1,79.2,60.3,56.1,57.0,0,0,0,0,0,
J0514,Jurisdiction 0514,hard_high,54.7,4.6,61.2,53.6,34.4,35.9,20.3,35.2,0,0,1,0,0,
J0287,Jurisdiction 0287,designed_medium,47.4,5.15,60.6,53.1,46.0,37.9,30.1,30.5,0,0,0,0,0,
J0273,Jurisdiction 0273,designed_medium,49.6,5.27,51.9,59.9,52.0,38.3,28.6,38.6,0,0,0,0,0,terrorism
J0325,Jurisdiction 0325,designed_medium,50.0,5.5,51.1,43.8,43.4,36.5,16.8,45.1,0,0,0,0,0,
J0474,Jurisdiction 0474,designed_high,22.3,6.82,15.6,16.4,76.8,62.3,46.0,81.1,0,0,0,0,0,
J0500,Jurisdiction 0500,hard_high,46.3,5.04,59.1,62.6,48.3,37.4,21.5,31.2,0,0,0,0,1,
J0511,Jurisdiction 0511,hard_high,48.4,4.74,61.0,61.0,50.4,40.7,21.4,25.1,0,0,0,1,0,
J0493,Jurisdiction 0493,hard_high,49.1,4.27,48.1,53.8,37.0,39.2,21.6,30.9,0,0,1,0,0,
J0101,Jurisdiction 0101,designed_low,89.6,3.19,89.6,90.3,31.7,24.4,6.1,25.0,0,0,0,0,0,
J0279,Jurisdiction 0279,designed_medium,45.5,5.55,55.4,54.6,53.3,48.3,21.2,45.4,0,0,0,0,0,instability
J0469,Jurisdiction 0469,designed_high,34.1,7.34,26.7,28.8,67.8,70.2,50.4,64.3,0,0,0,0,0,
J0361,Jurisdiction 0361,designed_high,35.2,7.75,21.2,30.3,81.9,78.7,36.5,53.5,0,0,0,0,0,
J0374,Jurisdiction 0374,designed_high,18.2,7.09,10.6,22.5,76.2,73.9,45.1,82.4,0,0,0,0,0,
J0229,Jurisdiction 0229,designed_medium,48.2,4.72,53.0,43.8,55.7,42.5,29.1,44.5,0,0,0,0,0,
J0480,Jurisdiction 0480,designed_high,27.9,7.66,16.1,18.3,74.0,76.7,45.9,63.2,0,0,0,0,0,
J0295,Jurisdiction 0295,designed_medium,59.3,4.23,48.4,58.6,40.1,45.0,15.0,40.0,0,0,0,0,0,
J0227,Jurisdiction 0227,designed_medium,57.9,4.4,61.2,42.3,54.9,51.3,16.1,46.0,0,0,0,0,0,
J0425,Jurisdiction 0425,designed_high,26.1,6.01,14.4,15.3,79.2,66.8,60.2,54.8,0,0,0,0,0,
J0540,Jurisdiction 0540,hard_high,64.2,4.33,59.2,47.0,49.1,31.6,22.8,32.4,0,0,0,1,0,organized_crime
J0533,Jurisdiction 0533,hard_high,55.2,3.69,54.1,44.8,46.2,35.6,15.6,36.2,0,0,0,0,1,
J0205,Jurisdiction 0205,designed_medium,46.6,4.63,48.6,45.4,51.3,48.2,24.2,41.6,0,0,0,0,0,
J0343,Jurisdiction 0343,designed_medium,58.6,3.92,51.0,49.2,43.9,39.0,22.2,43.7,0,0,0,0,0,
J0159,Jurisdiction 0159,designed_low,84.1,2.85,89.4,79.3,11.1,18.7,16.6,9.4,0,0,0,0,0,
J0267,Jurisdiction 0267,designed_medium,50.0,4.05,51.0,52.7,48.3,41.6,22.8,37.7,0,0,0,0,0,
J0580,Jurisdiction 0580,hard_critical,39.7,5.78,39.9,46.4,56.3,57.2,19.7,47.9,1,0,0,0,0,
J0507,Jurisdiction 0507,hard_high,50.3,3.83,61.4,62.9,48.1,46.4,19.2,35.4,0,0,0,1,0,
J0248,Jurisdiction 0248,designed_medium,56.5,5.1,54.1,59.9,42.4,43.4,26.3,31.1,0,0,0,0,0,
J0409,Jurisdiction 0409,designed_high,32.9,6.41,22.1,19.7,69.1,78.9,53.9,61.9,0,0,0,0,0,
J0174,Jurisdiction 0174,designed_low,76.0,1.76,75.6,82.2,22.4,8.2,16.9,18.8,0,0,0,0,0,
J0388,Jurisdiction 0388,designed_high,28.9,6.23,21.0,17.6,85.5,75.1,30.6,64.5,0,0,0,0,0,
J0182,Jurisdiction 0182,designed_medium,46.3,3.89,61.0,57.6,45.5,51.3,30.2,42.6,0,0,0,0,0,
J0428,Jurisdiction 0428,designed_high,29.0,8.0,13.5,10.9,66.8,79.1,49.4,73.5,0,0,0,0,0,instability
J0032,Jurisdiction 0032,designed_low,84.1,1.63,84.3,91.9,30.3,7.3,9.6,11.9,0,0,0,0,0,
J0213,Jurisdiction 0213,designed_medium,51.3,4.72,52.2,43.0,46.3,48.5,27.0,35.1,0,0,0,0,0,
J0135,Jurisdiction 0135,designed_low,76.4,1.25,79.4,75.8,13.7,24.0,3.4,28.8,0,0,0,0,0,
J0447,Jurisdiction 0447,designed_high,28.7,7.59,33.8,19.5,65.3,69.9,50.1,56.4,0,0,0,0,0,
J0125,Jurisdiction 0125,designed_low,84.5,2.66,74.6,78.0,28.3,28.0,8.3,9.5,0,0,0,0,0,
J0553,Jurisdiction 0553,hard_critical,49.8,4.67,55.2,45.1,56.3,54.7,24.6,49.9,1,0,0,0,0,
J0562,Jurisdiction 0562,hard_critical,57.6,5.08,39.1,36.6,59.9,39.0,26.4,35.9,0,1,0,0,0,instability
J0191,Jurisdiction 0191,designed_medium,59.5,5.21,58.0,52.4,51.0,44.5,17.1,39.3,0,0,0,0,0,
J0033,Jurisdiction 0033,designed_low,84.2,1.63,89.6,84.1,20.3,5.2,3.4,27.1,0,0,0,0,0,organized_crime
J0490,Jurisdiction 0490,hard_high,56.4,3.71,58.8,48.0,49.5,45.3,13.9,26.3,0,0,0,0,1,
J0467,Jurisdiction 0467,designed_high,34.2,6.73,12.7,13.1,75.0,61.2,33.6,59.7,0,0,0,0,0,
J0578,Jurisdiction 0578,hard_critical,43.0,4.85,38.2,47.0,56.1,52.2,23.9,54.4,1,0,0,0,0,
J0258,Jurisdiction 0258,designed_medium,49.3,5.23,45.9,43.8,42.0,47.4,24.0,40.4,0,0,0,0,0,
J0527,Jurisdiction 0527,hard_high,64.2,4.06,64.2,59.4,44.4,39.3,12.8,25.4,0,0,0,0,1,
J0181,Jurisdiction 0181,designed_medium,59.8,4.42,51.2,55.7,47.3,35.9,18.4,30.2,0,0,0,0,0,
J0165,Jurisdiction 0165,designed_low,81.1,2.07,89.3,92.1,24.8,15.9,13.5,24.8,0,0,0,0,0,
J0116,Jurisdiction 0116,designed_low,86.4,2.23,76.3,83.1,32.7,6.1,16.1,26.7,0,0,0,0,0,terrorism
J0449,Jurisdiction 0449,designed_high,32.9,8.47,10.6,22.2,80.4,76.6,52.1,74.6,0,0,0,0,0,
J0595,Jurisdiction 0595,hard_critical,58.4,5.22,41.9,46.8,43.2,53.4,22.8,48.2,0,1,0,0,0,
J0059,Jurisdiction 0059,designed_low,77.2,1.05,77.2,74.8,26.1,19.1,5.9,22.5,0,0,0,0,0,organized_crime
J0479,Jurisdiction 0479,designed_high,23.2,7.16,33.2,26.7,64.6,71.1,52.7,72.9,0,0,0,0,0,
J0288,Jurisdiction 0288,designed_medium,55.7,4.43,51.7,56.2,42.5,45.6,18.5,38.8,0,0,0,0,0,
J0305,Jurisdiction 0305,designed_medium,44.0,4.98,59.3,55.1,39.9,43.5,18.3,36.9,0,0,0,0,0,terrorism
J0105,Jurisdiction 0105,designed_low,86.9,2.12,75.6,88.6,15.4,21.9,14.1,14.9,0,0,0,0,0,
J0035,Jurisdiction 0035,designed_low,88.4,1.5,79.2,74.3,28.7,27.1,9.3,20.5,0,0,0,0,0,
J0503,Jurisdiction 0503,hard_high,60.9,4.73,57.5,57.5,45.5,36.5,11.9,39.8,0,0,0,0,1,
J0516,Jurisdiction 0516,hard_high,57.9,3.25,52.1,63.8,43.6,47.8,18.0,26.9,0,0,1,0,0,
J0577,Jurisdiction 0577,hard_critical,55.7,5.72,57.7,51.3,60.5,50.5,28.0,43.3,0,1,0,0,0,
J0337,Jurisdiction 0337,designed_medium,48.9,4.52,52.8,53.9,39.6,43.8,17.3,43.9,0,0,0,0,0,
J0375,Jurisdiction 0375,designed_high,29.7,6.74,28.4,21.9,75.8,76.0,59.9,85.0,0,0,0,0,0,
J0188,Jurisdiction 0188,designed_medium,46.2,4.4,52.5,50.2,48.9,43.3,19.9,39.0,0,0,0,0,0,organized_crime
J0197,Jurisdiction 0197,designed_medium,45.9,5.02,50.8,59.6,52.7,51.2,28.5,33.2,0,0,0,0,0,
J0376,Jurisdiction 0376,designed_high,25.8,6.42,22.3,31.8,77.9,68.0,38.4,50.5,0,0,0,0,0,
J0438,Jurisdiction 0438,designed_high,35.5,7.34,18.5,33.3,76.6,78.7,56.2,79.6,0,0,0,0,0,
J0451,Jurisdiction 0451,designed_high,18.7,7.0,33.6,24.7,73.5,74.2,51.5,84.0,0,0,0,0,0,
J0431,Jurisdiction 0431,designed_high,36.4,7.91,20.6,18.6,65.7,68.2,32.3,63.3,0,0,0,0,0,
J0029,Jurisdiction 0029,designed_low,89.9,1.18,78.5,77.8,32.4,27.0,17.8,14.2,0,0,0,0,0,
J0384,Jurisdiction 0384,designed_high,18.2,8.26,21.6,27.8,78.8,61.0,64.4,81.4,0,0,0,0,0,
J0528,Jurisdiction 0528,hard_high,48.4,3.84,63.6,58.5,46.8,45.6,17.5,32.2,0,0,0,0,1,
J0558,Jurisdiction 0558,hard_critical,41.2,5.74,56.1,56.6,54.9,40.7,33.9,44.1,1,0,0,0,0,
J0278,Jurisdiction 0278,designed_medium,58.1,3.97,53.3,47.0,54.9,40.6,31.1,33.9,0,0,0,0,0,
J0525,Jurisdiction 0525,hard_high,47.8,3.96,65.2,56.2,43.8,32.5,14.3,27.1,0,0,0,1,0,
J0542,Jurisdiction 0542,hard_high,56.9,3.21,63.7,48.8,43.0,37.5,17.4,25.6,0,0,0,1,0,
J0318,Jurisdiction 0318,designed_medium,51.7,5.21,50.2,52.2,43.8,38.9,14.5,38.7,0,0,0,0,0,
J0382,Jurisdiction 0382,designed_high,20.0,8.37,20.5,23.7,71.4,71.5,58.0,72.0,0,0,0,0,0,
J0332,Jurisdiction 0332,designed_medium,55.0,4.09,45.3,57.2,43.3,39.7,31.1,29.3,0,0,0,0,0,
J0171,Jurisdiction 0171,designed_low,85.4,2.32,80.1,78.6,13.8,22.7,14.6,9.4,0,0,0,0,0,
J0597,Jurisdiction 0597,hard_critical,43.9,5.4,57.9,48.6,51.3,56.8,28.8,43.6,0,1,0,0,0,
J0429,Jurisdiction 0429,designed_high,25.5,8.32,23.3,30.6,63.5,68.5,33.3,63.1,0,0,0,0,0,
J0001,Jurisdiction 0001,designed_low,74.4,1.66,78.7,88.2,26.2,27.3,3.6,15.5,0,0,0,0,0,
J0522,Jurisdiction 0522,hard_high,55.7,4.39,47.8,48.0,51.3,39.2,22.8,24.8,0,0,1,0,0,
J0190,Jurisdiction 0190,designed_medium,49.9,5.01,61.6,52.5,52.3,47.1,26.4,28.5,0,0,0,0,0,
J0095,Jurisdiction 0095,designed_low,85.0,1.69,78.8,74.0,33.5,24.0,14.7,7.5,0,0,0,0,0,instability
J0575,Jurisdiction 0575,hard_critical,47.6,4.42,41.8,39.1,52.2,54.9,25.9,43.2,1,0,0,0,0,
J0071,Jurisdiction 0071,designed_low,76.9,1.03,85.2,78.0,33.4,18.8,14.6,8.2,0,0,0,0,0,
J0472,Jurisdiction 0472,designed_high,32.8,6.92,25.5,21.7,79.1,79.0,43.7,60.3,0,0,0,0,0,
J0396,Jurisdiction 0396,designed_high,29.4,8.3,21.1,19.2,85.5,79.7,57.4,59.8,0,0,0,0,0,
J0013,Jurisdiction 0013,designed_low,85.5,3.33,90.0,83.2,12.6,20.6,17.2,17.7,0,0,0,0,0,
J0299,Jurisdiction 0299,designed_medium,56.4,5.41,56.1,44.1,51.3,34.0,29.5,28.2,0,0,0,0,0,
J0293,Jurisdiction 0293,designed_medium,55.4,5.18,51.6,49.2,49.5,43.7,16.7,29.5,0,0,0,0,0,
J0236,Jurisdiction 0236,designed_medium,54.8,5.25,60.4,43.9,39.7,36.7,17.5,37.5,0,0,0,0,0,
J0521,Jurisdiction 0521,hard_high,59.2,4.93,46.4,61.3,44.3,32.6,16.9,43.5,0,0,0,0,1,
J0157,Jurisdiction 0157,designed_low,80.7,2.59,75.8,93.4,11.6,18.2,11.1,29.7,0,0,0,0,0,
J0543,Jurisdiction 0543,hard_high,51.6,4.46,62.4,48.2,34.1,29.1,16.3,26.9,0,0,0,0,1,instability
J0009,Jurisdiction 0009,designed_low,84.5,1.95,93.2,82.1,16.4,11.2,12.1,11.6,0,0,0,0,0,
J0541,Jurisdiction 0541,hard_high,65.2,3.78,49.6,62.0,51.1,28.1,23.8,24.2,0,0,0,1,0,
J0505,Jurisdiction 0505,hard_high,58.7,4.85,52.5,48.8,42.0,35.5,19.9,38.9,0,0,0,1,0,
J0476,Jurisdiction 0476,designed_high,19.5,6.43,10.7,11.5,82.8,69.8,30.9,64.3,0,0,0,0,0,
J0387,Jurisdiction 0387,designed_high,24.1,6.86,15.2,22.2,74.3,65.2,59.4,52.8,0,0,0,0,0,
J0068,Jurisdiction 0068,designed_low,77.5,2.66,80.4,84.8,21.4,18.3,9.7,23.6,0,0,0,0,0,
J0112,Jurisdiction 0112,designed_low,89.2,2.98,75.9,76.7,25.3,29.3,2.9,13.3,0,0,0,0,0,
J0209,Jurisdiction 0209,designed_medium,45.9,5.45,49.3,53.1,41.9,36.4,16.8,41.5,0,0,0,0,0,
J0520,Jurisdiction 0520,hard_high,47.2,3.6,59.9,49.4,40.2,46.9,11.2,37.2,0,0,0,0,1,organized_crime
J0485,Jurisdiction 0485,hard_high,60.0,4.18,52.4,47.0,51.3,28.4,27.5,29.6,0,0,0,0,1,
J0043,Jurisdiction 0043,designed_low,78.9,1.98,82.5,78.5,13.1,15.5,18.9,21.9,0,0,0,0,0,
J0537,Jurisdiction 0537,hard_high,48.3,4.76,64.8,57.9,33.0,36.3,18.1,27.6,0,0,1,0,0,
J0254,Jurisdiction 0254,designed_medium,59.1,4.18,58.4,57.0,39.2,49.3,28.3,40.1,0,0,0,0,0,
J0232,Jurisdiction 0232,designed_medium,54.3,4.68,47.0,56.3,41.0,47.0,22.8,44.5,0,0,0,0,0,
J0588,Jurisdiction 0588,hard_critical,47.6,4.58,55.5,44.4,46.9,48.6,39.0,36.1,0,1,0,0,0,
J0246,Jurisdiction 0246,designed_medium,49.8,3.96,61.0,50.0,51.7,35.8,15.6,35.8,0,0,0,0,0,
J0202,Jurisdiction 0202,designed_medium,55.6,5.49,60.4,45.2,53.9,37.2,30.6,45.9,0,0,0,0,0,
J0504,Jurisdiction 0504,hard_high,52.8,3.52,66.0,52.9,37.8,34.3,27.8,30.5,0,0,0,0,1,
J0218,Jurisdiction 0218,designed_medium,52.5,5.28,48.5,48.2,43.0,50.9,27.1,30.0,0,0,0,0,0,
J0018,Jurisdiction 0018,designed_low,75.0,1.05,85.6,84.9,10.2,22.7,3.1,6.7,0,0,0,0,0,
J0259,Jurisdiction 0259,designed_medium,50.0,4.63,56.2,54.4,40.7,52.0,22.7,33.3,0,0,0,0,0,
J0241,Jurisdiction 0241,designed_medium,44.3,4.17,46.6,56.8,52.8,50.7,19.4,38.2,0,0,0,0,0,terrorism
J0021,Jurisdiction 0021,designed_low,75.6,1.97,81.1,91.0,16.0,9.8,10.1,15.5,0,0,0,0,0,
J0441,Jurisdiction 0441,designed_high,18.3,7.36,31.6,26.4,81.5,71.3,36.4,82.5,0,0,0,0,0,
J0214,Jurisdiction 0214,designed_medium,55.9,4.84,44.8,48.2,39.1,51.9,30.8,29.2,0,0,0,0,0,
J0486,Jurisdiction 0486,hard_high,60.5,3.67,49.0,53.9,37.5,34.2,24.4,44.0,0,0,1,0,0,
J0294,Jurisdiction 0294,designed_medium,59.6,4.08,49.9,52.6,51.7,45.7,25.6,33.6,0,0,0,0,0,organized_crime
J0462,Jurisdiction 0462,designed_high,30.8,7.72,24.0,28.3,74.1,56.1,47.4,72.3,0,0,0,0,0,
J0381,Jurisdiction 0381,designed_high,31.1,7.24,19.0,31.3,64.3,58.6,56.2,85.3,0,0,0,0,0,
J0114,Jurisdiction 0114,designed_low,83.5,1.67,94.7,93.7,23.0,25.0,4.0,26.7,0,0,0,0,0,
J0491,Jurisdiction 0491,hard_high,46.3,4.79,57.7,51.9,35.3,47.4,20.5,37.8,0,0,0,0,1,
J0448,Jurisdiction 0448,designed_high,27.2,8.57,23.0,28.6,70.4,58.7,61.1,54.3,0,0,0,0,0,
J0168,Jurisdiction 0168,designed_low,75.2,1.33,81.7,78.9,16.7,29.0,2.5,9.7,0,0,0,0,0,
J0349,Jurisdiction 0349,designed_medium,47.0,4.18,58.8,55.3,51.7,49.6,28.8,37.3,0,0,0,0,0,
J0127,Jurisdiction 0127,designed_low,79.0,1.78,93.8,85.1,31.2,8.9,15.6,6.2,0,0,0,0,0,
J0220,Jurisdiction 0220,designed_medium,44.8,5.13,51.2,46.2,41.9,49.5,15.0,37.1,0,0,0,0,0,
J0519,Jurisdiction 0519,hard_high,61.0,4.3,58.5,63.8,45.3,41.4,16.8,42.1,0,0,1,0,0,
J0143,Jurisdiction 0143,designed_low,75.3,2.59,93.3,78.8,25.7,21.6,4.3,22.7,0,0,0,0,0,
J0237,Jurisdiction 0237,designed_medium,48.3,4.51,50.7,49.3,48.2,51.8,18.1,40.3,0,0,0,0,0,
J0459,Jurisdiction 0459,designed_high,27.8,6.03,29.6,16.0,62.4,73.2,59.6,52.7,0,0,0,0,0,
J0303,Jurisdiction 0303,designed_medium,48.7,5.21,57.3,46.4,44.6,51.5,32.0,42.0,0,0,0,0,0,organized_crime
J0398,Jurisdiction 0398,designed_high,31.5,8.43,24.4,14.8,76.2,62.8,42.4,74.2,0,0,0,0,0,
J0251,Jurisdiction 0251,designed_medium,51.0,4.58,58.8,53.7,48.7,39.4,24.9,40.5,0,0,0,0,0,
J0508,Jurisdiction 0508,hard_high,46.8,3.91,48.8,51.3,42.8,32.7,24.6,25.8,0,0,0,0,1,
J0506,Jurisdiction 0506,hard_high,54.9,3.99,60.5,63.7,43.1,38.4,27.9,30.0,0,0,0,1,0,
J0045,Jurisdiction 0045,designed_low,81.1,1.51,83.9,91.8,29.1,9.2,3.5,17.9,0,0,0,0,0,
J0417,Jurisdiction 0417,designed_high,19.2,7.94,9.2,30.4,69.3,68.6,40.4,74.7,0,0,0,0,0,
J0284,Jurisdiction 0284,designed_medium,47.4,3.94,54.7,51.3,46.0,34.1,20.2,30.2,0,0,0,0,0,
J0296,Jurisdiction 0296,designed_medium,46.8,3.82,46.5,42.2,46.9,40.2,23.3,42.8,0,0,0,0,0,
J0372,Jurisdiction 0372,designed_high,31.5,8.06,17.8,25.4,80.1,71.8,51.4,51.7,0,0,0,0,0,
J0495,Jurisdiction 0495,hard_high,49.7,3.9,60.6,49.5,48.3,46.3,20.0,25.4,0,0,0,1,0,
J0327,Jurisdiction 0327,designed_medium,46.8,4.35,56.4,44.3,51.1,51.1,31.1,35.0,0,0,0,0,0,
J0435,Jurisdiction 0435,designed_high,18.1,8.29,19.4,15.5,73.4,62.6,35.4,55.7,0,0,0,0,0,
J0310,Jurisdiction 0310,designed_medium,48.2,4.02,46.8,54.3,52.9,46.5,14.7,43.0,0,0,0,0,0,
J0152,Jurisdiction 0152,designed_low,77.6,2.08,81.3,72.6,11.3,17.6,6.2,29.9,0,0,0,0,0,
J0406,Jurisdiction 0406,designed_high,36.7,6.19,33.0,27.6,63.1,56.1,40.0,59.5,0,0,0,0,0,
J0176,Jurisdiction 0176,designed_low,77.6,3.27,84.9,78.2,11.9,9.9,19.2,11.9,0,0,0,0,0,
J0088,Jurisdiction 0088,designed_low,77.0,2.44,89.7,75.0,11.7,24.3,17.4,13.5,0,0,0,0,0,
J0422,Jurisdiction 0422,designed_high,20.2,7.74,22.7,11.3,79.5,81.7,49.8,73.2,0,0,0,0,0,
J0391,Jurisdiction 0391,designed_high,20.2,7.97,13.8,18.2,81.6,81.0,40.5,68.8,0,0,0,0,0,
J0573,Jurisdiction 0573,hard_critical,50.8,5.22,49.2,54.6,58.8,39.2,37.8,55.3,1,0,0,0,0,
J0415,Jurisdiction 0415,designed_high,19.4,7.78,8.6,27.2,61.0,57.0,36.4,59.1,0,0,0,0,0,
J0392,Jurisdiction 0392,designed_high,18.9,6.43,11.7,27.2,78.8,57.9,52.0,56.8,0,0,0,0,0,
J0599,Jurisdiction 0599,hard_critical,40.0,5.07,59.1,37.8,50.1,53.3,32.3,37.9,1,0,0,0,0,instability
J0031,Jurisdiction 0031,designed_low,89.0,1.32,76.4,74.4,23.3,11.8,12.9,22.9,0,0,0,0,0,
J0292,Jurisdiction 0292,designed_medium,59.8,3.93,54.6,42.2,41.9,50.6,31.1,35.2,0,0,0,0,0,
J0569,Jurisdiction 0569,hard_critical,52.7,5.48,53.7,54.4,42.5,49.9,25.2,36.1,0,1,0,0,0,
J0523,Jurisdiction 0523,hard_high,55.8,4.69,46.4,57.7,37.8,34.0,27.9,43.6,0,0,0,0,1,
J0556,Jurisdiction 0556,hard_critical,44.0,4.17,57.3,44.2,58.2,44.1,29.6,37.9,1,0,0,0,0,
J0446,Jurisdiction 0446,designed_high,25.1,6.53,28.9,19.8,62.8,66.5,51.1,59.4,0,0,0,0,0,
J0104,Jurisdiction 0104,designed_low,79.9,2.2,79.7,75.6,31.9,28.6,19.4,12.4,0,0,0,0,0,
J0509,Jurisdiction 0509,hard_high,50.3,3.35,52.5,53.7,40.7,46.0,22.7,40.4,0,0,0,1,0,
J0518,Jurisdiction 0518,hard_high,62.4,3.23,59.9,46.2,39.9,28.5,13.8,34.8,0,0,1,0,0,
J0324,Jurisdiction 0324,designed_medium,57.5,4.38,44.4,52.6,54.5,47.9,29.2,43.5,0,0,0,0,0,
J0465,Jurisdiction 0465,designed_high,31.3,7.2,25.9,10.3,65.5,70.7,41.7,72.1,0,0,0,0,0,
J0369,Jurisdiction 0369,designed_high,34.7,6.81,10.7,22.1,68.0,56.8,31.6,84.1,0,0,0,0,0,
J0235,Jurisdiction 0235,designed_medium,51.8,3.81,53.9,42.2,47.5,38.9,31.6,28.3,0,0,0,0,0,
J0070,Jurisdiction 0070,designed_low,77.5,2.16,89.2,93.5,22.6,12.1,3.8,9.9,0,0,0,0,0,
J0192,Jurisdiction 0192,designed_medium,57.5,4.07,56.3,42.6,55.1,36.0,14.3,33.6,0,0,0,0,0,
J0199,Jurisdiction 0199,designed_medium,46.2,4.91,54.6,46.4,50.1,43.6,25.5,28.9,0,0,0,0,0,
J0517,Jurisdiction 0517,hard_high,50.7,4.57,49.1,58.6,31.9,42.8,14.4,36.4,0,0,1,0,0,
J0477,Jurisdiction 0477,designed_high,19.6,6.68,12.0,25.7,83.0,63.4,38.9,60.2,0,0,0,0,0,
J0502,Jurisdiction 0502,hard_high,47.9,4.65,56.6,47.8,41.6,33.0,21.3,27.6,0,0,1,0,0,
J0111,Jurisdiction 0111,designed_low,77.8,1.87,94.6,80.1,31.6,21.1,3.1,11.9,0,0,0,0,0,
J0075,Jurisdiction 0075,designed_low,89.8,1.73,87.0,85.4,27.8,28.7,5.7,10.3,0,0,0,0,0,
J0224,Jurisdiction 0224,designed_medium,51.6,5.33,49.4,54.7,52.5,50.5,24.1,45.4,0,0,0,0,0,
J0453,Jurisdiction 0453,designed_high,22.4,6.44,8.9,15.7,60.0,59.3,65.9,78.1,0,0,0,0,0,
J0432,Jurisdiction 0432,designed_high,27.8,8.06,18.1,32.0,82.9,56.1,53.3,53.7,0,0,0,0,0,organized_crime
J0300,Jurisdiction 0300,designed_medium,50.1,4.07,60.8,57.4,48.0,50.5,27.3,35.5,0,0,0,0,0,terrorism
J0242,Jurisdiction 0242,designed_medium,57.6,5.02,53.7,48.9,51.3,48.2,26.4,29.4,0,0,0,0,0,
J0571,Jurisdiction 0571,hard_critical,41.1,5.16,54.6,53.8,56.7,51.2,28.0,40.4,0,1,0,0,0,
J0473,Jurisdiction 0473,designed_high,20.8,6.44,29.0,18.1,76.4,70.4,60.6,52.6,0,0,0,0,0,
J0193,Jurisdiction 0193,designed_medium,55.0,4.54,57.9,58.6,53.7,47.2,15.1,30.5,0,0,0,0,0,
J0526,Jurisdiction 0526,hard_high,52.6,4.28,50.1,46.8,41.9,44.0,25.5,30.2,0,0,0,1,0,
J0589,Jurisdiction 0589,hard_critical,47.5,5.84,56.9,43.4,45.9,40.0,32.4,42.6,1,0,0,0,0,
J0378,Jurisdiction 0378,designed_high,26.7,8.54,14.9,11.2,81.1,78.6,60.7,63.0,0,0,0,0,0,
J0579,Jurisdiction 0579,hard_critical,50.5,5.41,40.5,46.6,55.2,40.8,34.1,55.6,1,0,0,0,0,organized_crime
J0051,Jurisdiction 0051,designed_low,87.4,1.67,90.3,82.7,15.7,16.0,14.8,10.9,0,0,0,0,0,
J0591,Jurisdiction 0591,hard_critical,49.6,5.37,45.7,52.0,45.5,38.7,31.6,35.3,0,1,0,0,0,
J0418,Jurisdiction 0418,designed_high,23.3,8.41,17.9,29.7,60.8,59.2,37.9,76.9,0,0,0,0,0,
J0057,Jurisdiction 0057,designed_low,78.2,1.79,83.5,79.4,31.1,12.0,19.1,15.5,0,0,0,0,0,
J0593,Jurisdiction 0593,hard_critical,53.3,4.51,48.3,56.6,54.1,56.5,24.1,43.4,0,1,0,0,0,
J0118,Jurisdiction 0118,designed_low,79.2,1.36,76.7,85.7,24.0,22.8,8.9,19.9,0,0,0,0,0,organized_crime
J0423,Jurisdiction 0423,designed_high,19.3,6.26,26.9,21.7,68.6,58.5,53.6,53.6,0,0,0,0,0,instability
J0347,Jurisdiction 0347,designed_medium,55.9,5.46,60.1,42.4,52.7,39.5,19.0,36.8,0,0,0,0,0,
J0383,Jurisdiction 0383,designed_high,34.7,7.89,31.2,21.6,72.7,79.0,45.9,52.3,0,0,0,0,0,
J0102,Jurisdiction 0102,designed_low,77.0,1.6,89.9,88.9,26.3,8.4,3.7,20.7,0,0,0,0,0,
J0494,Jurisdiction 0494,hard_high,46.4,3.96,60.5,49.0,30.9,42.1,20.1,34.9,0,0,0,1,0,
J0167,Jurisdiction 0167,designed_low,77.8,2.55,81.6,92.9,10.8,8.8,10.1,14.3,0,0,0,0,0,organized_crime
J0297,Jurisdiction 0297,designed_medium,49.9,5.15,59.7,55.2,40.1,50.2,20.0,35.7,0,0,0,0,0,
J0304,Jurisdiction 0304,designed_medium,52.7,5.23,46.7,58.8,38.4,43.7,25.4,40.5,0,0,0,0,0,
J0228,Jurisdiction 0228,designed_medium,47.9,4.89,47.7,58.5,47.9,48.0,20.9,37.6,0,0,0,0,0,
J0370,Jurisdiction 0370,designed_high,27.9,7.36,19.3,26.5,63.5,81.9,47.6,77.0,0,0,0,0,0,
J0484,Jurisdiction 0484,hard_high,51.7,4.69,62.2,52.3,48.8,31.6,15.2,36.7,0,0,0,0,1,
J0598,Jurisdiction 0598,hard_critical,38.1,5.91,56.0,46.6,52.5,56.7,25.9,49.0,0,1,0,0,0,
J0060,Jurisdiction 0060,designed_low,76.7,2.46,89.7,74.5,29.7,29.1,3.9,5.6,0,0,0,0,0,
J0264,Jurisdiction 0264,designed_medium,48.5,5.07,58.3,52.4,52.4,43.7,20.6,31.5,0,0,0,0,0,
J0565,Jurisdiction 0565,hard_critical,58.8,4.29,57.7,41.7,48.0,41.7,38.2,41.3,1,0,0,0,0,
J0563,Jurisdiction 0563,hard_critical,51.1,5.19,56.4,51.4,53.6,44.2,36.0,49.7,1,0,0,0,0,
J0403,Jurisdiction 0403,designed_high,25.4,7.33,28.7,26.7,78.0,56.3,43.7,65.0,0,0,0,0,0,
J0081,Jurisdiction 0081,designed_low,87.1,2.38,90.0,75.9,22.5,16.1,7.0,29.9,0,0,0,0,0,
J0457,Jurisdiction 0457,designed_high,31.2,8.51,22.6,28.5,79.7,81.0,46.5,66.6,0,0,0,0,0,
J0276,Jurisdiction 0276,designed_medium,59.4,5.21,60.5,59.9,53.6,36.3,29.6,32.5,0,0,0,0,0,
J0027,Jurisdiction 0027,designed_low,77.9,2.43,87.0,81.2,24.0,18.1,18.8,10.1,0,0,0,0,0,
J0380,Jurisdiction 0380,designed_high,36.1,6.7,27.1,18.9,68.9,58.1,44.4,66.4,0,0,0,0,0,
J0054,Jurisdiction 0054,designed_low,89.1,1.72,82.2,91.6,30.1,18.5,15.2,25.0,0,0,0,0,0,
J0454,Jurisdiction 0454,designed_high,25.5,7.52,21.5,27.7,61.8,57.4,40.2,79.9,0,0,0,0,0,
J0233,Jurisdiction 0233,designed_medium,54.3,3.91,44.6,57.2,55.0,46.0,27.8,35.4,0,0,0,0,0,
J0389,Jurisdiction 0389,designed_high,18.0,6.24,23.7,24.9,67.9,68.7,37.4,74.2,0,0,0,0,0,instability
J0413,Jurisdiction 0413,designed_high,24.1,6.21,10.5,33.3,80.1,69.4,52.6,57.6,0,0,0,0,0,
J0590,Jurisdiction 0590,hard_critical,51.0,4.39,45.4,51.2,44.0,49.0,32.8,52.3,0,1,0,0,0,
J0172,Jurisdiction 0172,designed_low,77.6,3.36,90.6,77.2,21.9,14.0,12.3,16.7,0,0,0,0,0,
J0129,Jurisdiction 0129,designed_low,83.5,2.26,80.5,76.9,33.6,6.4,5.7,28.6,0,0,0,0,0,
J0223,Jurisdiction 0223,designed_medium,59.6,5.49,56.1,56.1,43.7,41.5,16.7,34.8,0,0,0,0,0,
J0108,Jurisdiction 0108,designed_low,84.2,2.11,88.7,86.3,12.8,6.1,2.7,29.9,0,0,0,0,0,
J0146,Jurisdiction 0146,designed_low,76.5,1.71,90.6,83.2,23.0,23.5,11.5,21.5,0,0,0,0,0,
J0187,Jurisdiction 0187,designed_medium,45.5,4.47,61.8,52.0,44.6,36.6,24.8,35.2,0,0,0,0,0,
J0331,Jurisdiction 0331,designed_medium,59.5,5.39,52.9,48.8,47.8,35.8,22.6,43.6,0,0,0,0,0,
J0466,Jurisdiction 0466,designed_high,28.4,6.62,20.3,24.7,69.5,68.5,37.6,75.2,0,0,0,0,0,
J0023,Jurisdiction 0023,designed_low,88.8,3.04,77.5,82.7,15.1,15.0,3.1,14.5,0,0,0,0,0,
J0539,Jurisdiction 0539,hard_high,55.0,3.93,56.5,51.7,47.4,38.2,27.1,31.6,0,0,1,0,0,
J0082,Jurisdiction 0082,designed_low,87.0,3.33,83.9,81.0,17.7,7.6,4.9,15.3,0,0,0,0,0,
J0091,Jurisdiction 0091,designed_low,80.6,1.76,83.9,92.1,19.1,29.7,16.3,21.3,0,0,0,0,0,
J0255,Jurisdiction 0255,designed_medium,48.8,4.25,46.8,49.6,44.8,42.1,24.8,38.5,0,0,0,0,0,
J0243,Jurisdiction 0243,designed_medium,49.5,3.98,48.2,43.4,48.9,45.0,24.7,45.4,0,0,0,0,0,
J0433,Jurisdiction 0433,designed_high,30.0,6.71,27.3,23.9,74.8,65.2,43.6,71.2,0,0,0,0,0,
J0351,Jurisdiction 0351,designed_medium,48.0,4.62,60.5,54.7,42.9,48.8,23.1,39.4,0,0,0,0,0,
J0077,Jurisdiction 0077,designed_low,85.2,2.09,88.4,92.3,28.9,20.6,13.9,28.3,0,0,0,0,0,
J0408,Jurisdiction 0408,designed_high,34.0,6.78,28.5,23.2,61.9,74.1,48.9,84.5,0,0,0,0,0,
J0583,Jurisdiction 0583,hard_critical,44.4,5.47,38.6,46.7,42.8,39.5,35.2,39.5,0,1,0,0,0,
J0559,Jurisdiction 0559,hard_critical,53.1,5.19,39.9,46.3,41.0,48.4,32.5,40.9,0,1,0,0,0,organized_crime
J0028,Jurisdiction 0028,designed_low,77.8,1.95,88.1,78.6,17.6,23.8,3.3,16.5,0,0,0,0,0,
J0142,Jurisdiction 0142,designed_low,79.4,1.79,85.7,80.5,16.0,26.3,19.4,20.1,0,0,0,0,0,
J0107,Jurisdiction 0107,designed_low,84.2,1.89,88.2,82.4,24.9,28.6,7.9,20.3,0,0,0,0,0,
J0338,Jurisdiction 0338,designed_medium,51.1,4.27,52.4,46.1,42.8,35.1,27.5,40.0,0,0,0,0,0,
J0321,Jurisdiction 0321,designed_medium,57.5,4.12,54.7,56.5,50.6,50.5,14.5,40.6,0,0,0,0,0,
J0395,Jurisdiction 0395,designed_high,33.9,7.26,21.2,32.1,64.6,70.6,56.3,54.6,0,0,0,0,0,
J0238,Jurisdiction 0238,designed_medium,54.5,5.34,57.7,43.7,44.8,43.9,15.0,28.2,0,0,0,0,0,
J0113,Jurisdiction 0113,designed_low,86.6,1.49,91.4,84.2,24.1,25.3,6.2,24.4,0,0,0,0,0,
J0260,Jurisdiction 0260,designed_medium,45.4,5.3,57.1,48.3,44.2,48.1,23.4,34.3,0,0,0,0,0,
J0277,Jurisdiction 0277,designed_medium,57.3,5.17,56.2,50.8,48.4,38.8,21.5,36.1,0,0,0,0,0,
J0390,Jurisdiction 0390,designed_high,24.9,6.14,13.8,20.9,74.6,71.7,47.0,73.7,0,0,0,0,0,
J0442,Jurisdiction 0442,designed_high,34.7,7.38,27.6,12.2,77.1,79.4,49.4,50.0,0,0,0,0,0,
J0186,Jurisdiction 0186,designed_medium,49.8,4.32,51.0,50.1,47.9,48.9,25.2,39.0,0,0,0,0,0,
J0317,Jurisdiction 0317,designed_medium,50.7,4.96,58.3,46.5,55.9,43.8,14.4,34.9,0,0,0,0,0,
J0049,Jurisdiction 0049,designed_low,88.7,1.29,76.8,82.2,22.7,19.0,7.7,23.9,0,0,0,0,0,organized_crime
J0272,Jurisdiction 0272,designed_medium,56.2,4.59,47.9,49.7,51.2,45.8,18.5,43.7,0,0,0,0,0,
J0061,Jurisdiction 0061,designed_low,84.8,3.3,82.3,87.7,11.8,22.3,13.3,7.5,0,0,0,0,0,
J0099,Jurisdiction 0099,designed_low,78.8,3.31,88.5,82.1,17.3,30.0,17.4,7.7,0,0,0,0,0,
J0121,Jurisdiction 0121,designed_low,85.0,2.14,75.9,73.9,20.4,23.6,8.7,8.3,0,0,0,0,0,
J0286,Jurisdiction 0286,designed_medium,57.0,5.37,55.5,54.2,39.2,44.1,25.0,31.0,0,0,0,0,0,
J0003,Jurisdiction 0003,designed_low,86.1,1.38,82.9,78.1,15.2,24.1,3.8,14.5,0,0,0,0,0,
J0215,Jurisdiction 0215,designed_medium,44.5,4.54,57.8,55.8,55.6,45.6,21.6,45.9,0,0,0,0,0,
J0179,Jurisdiction 0179,designed_low,83.9,1.07,92.7,84.0,25.4,12.6,6.4,25.2,0,0,0,0,0,
J0155,Jurisdiction 0155,designed_low,82.4,1.27,80.1,78.6,11.1,15.5,16.3,16.4,0,0,0,0,0,
J0401,Jurisdiction 0401,designed_high,19.0,6.15,14.9,28.9,85.6,73.5,35.3,52.2,0,0,0,0,0,organized_crime
J0424,Jurisdiction 0424,designed_high,35.1,6.83,19.7,24.8,67.9,70.8,50.4,63.1,0,0,0,0,0,
J0322,Jurisdiction 0322,designed_medium,53.0,4.81,47.4,59.8,53.9,42.9,19.6,36.8,0,0,0,0,0,
J0046,Jurisdiction 0046,designed_low,79.4,2.96,89.8,86.8,15.4,10.0,2.4,11.1,0,0,0,0,0,
J0487,Jurisdiction 0487,hard_high,46.6,3.36,61.0,46.9,35.9,35.8,19.8,27.6,0,0,0,1,0,
J0314,Jurisdiction 0314,designed_medium,47.2,4.96,58.6,43.7,53.3,48.6,16.2,45.0,0,0,0,0,0,organized_crime
J0256,Jurisdiction 0256,designed_medium,58.8,5.37,51.5,42.7,55.4,46.6,28.6,38.7,0,0,0,0,0,
J0368,Jurisdiction 0368,designed_high,31.9,8.47,31.2,28.2,73.8,55.5,30.1,76.4,0,0,0,0,0,organized_crime
J0093,Jurisdiction 0093,designed_low,80.6,2.57,77.2,82.3,33.3,13.5,14.5,21.2,0,0,0,0,0,organized_crime
J0306,Jurisdiction 0306,designed_medium,55.4,3.97,60.6,58.2,47.4,46.6,20.7,45.5,0,0,0,0,0,organized_crime
J0568,Jurisdiction 0568,hard_critical,59.4,4.77,45.5,53.9,53.0,53.7,27.6,51.3,0,1,0,0,0,
J0355,Jurisdiction 0355,designed_medium,53.6,3.82,48.5,56.5,43.5,51.4,25.6,35.6,0,0,0,0,0,
J0313,Jurisdiction 0313,designed_medium,46.1,5.28,50.7,53.3,49.6,44.5,18.7,42.6,0,0,0,0,0,
J0090,Jurisdiction 0090,designed_low,79.3,2.83,81.9,92.5,30.9,29.5,6.3,14.6,0,0,0,0,0,
J0481,Jurisdiction 0481,hard_high,46.2,4.25,61.2,46.7,36.3,38.7,22.4,33.8,0,0,0,1,0,
J0123,Jurisdiction 0123,designed_low,79.0,1.25,84.7,75.4,21.6,26.2,8.3,18.9,0,0,0,0,0,
J0211,Jurisdiction 0211,designed_medium,45.3,4.6,56.7,43.4,48.2,35.1,23.9,37.1,0,0,0,0,0,
J0231,Jurisdiction 0231,designed_medium,49.3,4.48,59.0,51.0,49.8,46.3,18.6,42.8,0,0,0,0,0,
J0268,Jurisdiction 0268,designed_medium,58.9,4.11,47.0,47.2,41.4,49.2,25.1,43.6,0,0,0,0,0,
J0139,Jurisdiction 0139,designed_low,89.3,2.77,74.9,92.0,23.7,9.7,12.9,17.5,0,0,0,0,0,
J0328,Jurisdiction 0328,designed_medium,59.4,3.86,54.8,58.6,55.4,38.0,24.2,44.9,0,0,0,0,0,
J0572,Jurisdiction 0572,hard_critical,53.0,4.63,50.5,56.1,46.7,56.9,27.6,55.6,1,0,0,0,0,
J0212,Jurisdiction 0212,designed_medium,46.4,4.39,53.4,44.1,41.7,44.5,15.6,37.2,0,0,0,0,0,
J0130,Jurisdiction 0130,designed_low,86.2,1.69,76.5,82.9,20.3,8.2,11.6,10.8,0,0,0,0,0,
J0488,Jurisdiction 0488,hard_high,62.6,3.44,61.4,49.0,47.0,36.9,23.3,24.7,0,0,0,1,0,
J0427,Jurisdiction 0427,designed_high,20.7,7.4,14.8,31.3,62.0,57.0,30.7,68.3,0,0,0,0,0,
J0291,Jurisdiction 0291,designed_medium,44.2,4.45,49.7,49.0,53.1,41.6,23.8,31.1,0,0,0,0,0,
J0092,Jurisdiction 0092,designed_low,89.4,1.3,94.3,79.3,12.4,26.1,3.8,27.8,0,0,0,0,0,
J0184,Jurisdiction 0184,designed_medium,51.3,4.23,54.5,42.9,43.1,44.8,29.2,40.1,0,0,0,0,0,
J0008,Jurisdiction 0008,designed_low,86.4,1.55,74.7,78.9,16.4,10.3,19.0,26.9,0,0,0,0,0,
J0007,Jurisdiction 0007,designed_low,76.7,2.75,77.4,80.3,33.7,21.0,12.0,22.1,0,0,0,0,0,instability
J0083,Jurisdiction 0083,designed_low,84.6,1.96,90.0,72.8,12.1,11.3,4.1,24.3,0,0,0,0,0,
J0499,Jurisdiction 0499,hard_high,48.0,4.34,62.7,57.2,41.6,42.0,14.6,31.3,0,0,1,0,0,
J0586,Jurisdiction 0586,hard_critical,43.2,4.88,52.0,40.6,56.2,44.9,32.1,50.6,1,0,0,0,0,
J0162,Jurisdiction 0162,designed_low,87.8,1.11,87.8,78.0,29.2,15.9,9.2,16.0,0,0,0,0,0,
J0386,Jurisdiction 0386,designed_high,34.9,7.59,8.3,32.4,73.1,67.7,47.9,56.0,0,0,0,0,0,
J0103,Jurisdiction 0103,designed_low,74.5,1.88,76.8,92.0,17.8,15.4,5.6,24.7,0,0,0,0,0,terrorism
J0137,Jurisdiction 0137,designed_low,79.1,2.06,83.8,85.9,29.1,19.8,8.3,6.9,0,0,0,0,0,
J0042,Jurisdiction 0042,designed_low,84.7,1.87,75.5,86.6,17.9,12.8,17.3,23.0,0,0,0,0,0,
J0250,Jurisdiction 0250,designed_medium,51.9,4.91,52.2,44.4,38.1,41.1,29.1,34.8,0,0,0,0,0,
J0450,Jurisdiction 0450,designed_high,36.3,6.01,10.4,13.5,84.1,66.8,32.3,58.0,0,0,0,0,0,terrorism
J0169,Jurisdiction 0169,designed_low,88.6,1.28,90.3,87.5,15.1,20.3,14.5,30.0,0,0,0,0,0,
J0379,Jurisdiction 0379,designed_high,26.1,6.3,30.1,31.4,60.3,58.7,53.3,61.8,0,0,0,0,0,
J0173,Jurisdiction 0173,designed_low,76.1,3.12,75.4,80.8,27.2,17.0,9.4,15.2,0,0,0,0,0,
J0426,Jurisdiction 0426,designed_high,34.7,7.2,17.3,17.3,74.3,59.7,51.8,80.3,0,0,0,0,0,
J0570,Jurisdiction 0570,hard_critical,59.0,4.14,40.4,53.9,57.0,45.6,28.9,48.5,1,0,0,0,0,
J0281,Jurisdiction 0281,designed_medium,44.7,4.93,59.1,42.3,54.7,36.8,22.2,45.9,0,0,0,0,0,
J0545,Jurisdiction 0545,hard_high,57.4,4.32,65.3,59.0,37.9,28.7,23.8,30.5,0,0,0,0,1,
J0551,Jurisdiction 0551,hard_high,47.4,3.8,57.0,59.3,32.5,34.7,17.1,35.4,0,0,0,1,0,
J0344,Jurisdiction 0344,designed_medium,54.0,4.74,51.6,49.5,40.7,44.6,27.7,44.9,0,0,0,0,0,
J0178,Jurisdiction 0178,designed_low,88.8,1.1,92.1,73.8,32.8,24.3,6.8,10.3,0,0,0,0,0,
J0566,Jurisdiction 0566,hard_critical,38.7,4.95,45.7,46.1,43.8,53.4,31.3,36.8,1,0,0,0,0,
J0219,Jurisdiction 0219,designed_medium,50.7,5.18,59.9,42.3,41.7,35.8,14.6,38.8,0,0,0,0,0,
J0330,Jurisdiction 0330,designed_medium,51.1,4.28,48.5,43.2,42.6,35.9,14.0,34.9,0,0,0,0,0,
J0141,Jurisdiction 0141,designed_low,82.4,2.46,81.6,92.2,19.3,24.4,14.2,6.3,0,0,0,0,0,
J0124,Jurisdiction 0124,designed_low,78.5,1.54,83.0,84.3,28.4,20.5,14.1,18.9,0,0,0,0,0,
J0333,Jurisdiction 0333,designed_medium,50.0,5.12,53.8,58.2,39.7,44.7,25.0,36.7,0,0,0,0,0,
J0412,Jurisdiction 0412,designed_high,31.8,6.06,21.4,28.5,73.4,68.7,47.5,60.7,0,0,0,0,0,
J0582,Jurisdiction 0582,hard_critical,38.8,5.85,54.5,52.0,52.4,39.2,28.4,37.7,1,0,0,0,0,
J0437,Jurisdiction 0437,designed_high,25.8,6.63,11.3,24.2,63.5,68.8,62.1,55.3,0,0,0,0,0,
J0208,Jurisdiction 0208,designed_medium,55.1,3.91,46.1,47.5,45.3,43.0,30.1,40.7,0,0,0,0,0,
J0592,Jurisdiction 0592,hard_critical,52.0,5.42,40.6,54.8,42.9,51.1,37.8,46.5,0,1,0,0,0,
J0226,Jurisdiction 0226,designed_medium,48.3,5.01,54.9,57.7,41.4,47.7,27.0,38.1,0,0,0,0,0,
J0510,Jurisdiction 0510,hard_high,52.0,4.66,57.5,45.6,31.2,43.4,16.3,40.3,0,0,1,0,0,
J0117,Jurisdiction 0117,designed_low,81.3,3.31,75.3,82.5,19.6,22.2,10.8,27.7,0,0,0,0,0,
J0109,Jurisdiction 0109,designed_low,77.8,2.29,82.2,80.2,32.8,22.4,11.7,19.7,0,0,0,0,0,
J0066,Jurisdiction 0066,designed_low,76.9,1.51,90.8,79.5,31.1,22.5,7.0,5.3,0,0,0,0,0,terrorism
J0175,Jurisdiction 0175,designed_low,86.3,1.31,84.6,91.1,30.0,18.0,7.5,9.0,0,0,0,0,0,
J0468,Jurisdiction 0468,designed_high,26.2,6.99,11.8,33.0,63.9,76.8,36.4,68.0,0,0,0,0,0,
J0100,Jurisdiction 0100,designed_low,79.7,1.71,88.7,72.5,29.9,14.9,2.1,26.6,0,0,0,0,0,
J0315,Jurisdiction 0315,designed_medium,50.9,5.1,52.9,48.9,45.7,40.4,30.3,32.9,0,0,0,0,0,instability
J0052,Jurisdiction 0052,designed_low,88.3,1.19,77.2,80.4,13.7,10.3,9.5,13.3,0,0,0,0,0,
J0177,Jurisdiction 0177,designed_low,83.8,1.22,87.5,85.0,23.9,9.3,13.2,27.6,0,0,0,0,0,
J0015,Jurisdiction 0015,designed_low,89.8,2.94,79.0,77.3,23.6,7.0,15.2,25.4,0,0,0,0,0,
J0134,Jurisdiction 0134,designed_low,86.5,1.18,87.3,83.7,14.7,24.4,8.3,29.0,0,0,0,0,0,
J0249,Jurisdiction 0249,designed_medium,48.3,4.06,47.0,47.0,43.4,48.1,20.5,45.0,0,0,0,0,0,
J0047,Jurisdiction 0047,designed_low,87.6,1.17,82.7,85.9,14.7,22.4,10.9,11.1,0,0,0,0,0,
J0483,Jurisdiction 0483,hard_high,60.7,3.98,53.6,49.3,39.3,32.8,23.8,42.2,0,0,1,0,0,
J0020,Jurisdiction 0020,designed_low,86.9,1.46,76.0,81.5,20.2,16.7,15.1,21.8,0,0,0,0,0,
J0594,Jurisdiction 0594,hard_critical,55.2,4.55,39.4,44.5,61.9,43.2,35.9,37.9,1,0,0,0,0,
J0145,Jurisdiction 0145,designed_low,84.7,2.22,74.4,78.8,32.8,13.5,15.8,9.8,0,0,0,0,0,
J0585,Jurisdiction 0585,hard_critical,55.6,5.72,45.5,37.9,43.2,56.7,21.4,44.9,0,1,0,0,0,
J0074,Jurisdiction 0074,designed_low,75.9,2.83,86.7,89.4,15.4,18.1,10.1,16.1,0,0,0,0,0,
J0239,Jurisdiction 0239,designed_medium,52.0,4.58,58.1,52.2,53.4,35.7,23.5,28.8,0,0,0,0,0,
J0153,Jurisdiction 0153,designed_low,74.5,3.23,91.6,86.3,29.0,8.4,7.2,25.7,0,0,0,0,0,
J0550,Jurisdiction 0550,hard_high,62.0,5.2,54.3,50.7,42.3,40.8,10.2,28.0,0,0,0,0,1,
J0470,Jurisdiction 0470,designed_high,19.1,8.12,20.4,25.1,71.7,64.0,43.0,70.2,0,0,0,0,0,
J0536,Jurisdiction 0536,hard_high,51.7,3.53,51.9,62.4,45.2,46.1,18.3,36.9,0,0,0,1,0,
J0217,Jurisdiction 0217,designed_medium,52.6,4.75,57.1,46.0,38.1,34.4,19.4,40.1,0,0,0,0,0,
J0122,Jurisdiction 0122,designed_low,83.0,2.61,82.6,91.2,32.6,15.6,18.5,6.3,0,0,0,0,0,instability
J0416,Jurisdiction 0416,designed_high,35.3,7.06,19.7,19.7,68.2,65.5,34.3,50.2,0,0,0,0,0,organized_crime
J0044,Jurisdiction 0044,designed_low,83.8,1.72,85.5,72.0,16.9,15.7,12.4,21.4,0,0,0,0,0,
J0346,Jurisdiction 0346,designed_medium,44.6,4.3,46.6,53.0,50.5,34.7,30.0,34.0,0,0,0,0,0,
J0058,Jurisdiction 0058,designed_low,81.5,2.8,75.1,92.9,15.4,6.7,19.2,6.0,0,0,0,0,0,
J0348,Jurisdiction 0348,designed_medium,45.6,5.36,46.4,59.5,46.0,48.9,18.8,35.5,0,0,0,0,0,
J0038,Jurisdiction 0038,designed_low,87.1,2.1,80.4,89.5,15.5,5.6,5.5,13.2,0,0,0,0,0,
J0017,Jurisdiction 0017,designed_low,86.1,2.66,89.0,80.8,26.1,14.3,18.2,16.3,0,0,0,0,0,
J0461,Jurisdiction 0461,designed_high,32.0,8.27,13.4,14.9,66.5,71.7,35.6,53.8,0,0,0,0,0,
J0547,Jurisdiction 0547,hard_high,58.2,3.42,60.6,56.6,51.7,37.7,22.4,42.7,0,0,1,0,0,
J0512,Jurisdiction 0512,hard_high,57.3,3.85,60.0,47.1,44.8,47.9,27.5,39.1,0,0,0,0,1,instability
J0316,Jurisdiction 0316,designed_medium,46.4,4.91,55.1,53.7,47.0,49.9,22.6,29.6,0,0,0,0,0,
J0554,Jurisdiction 0554,hard_critical,38.4,5.15,45.3,56.2,57.5,39.3,21.3,52.5,1,0,0,0,0,
J0065,Jurisdiction 0065,designed_low,87.6,2.99,75.8,91.4,15.9,16.6,13.0,14.5,0,0,0,0,0,
J0399,Jurisdiction 0399,designed_high,30.4,8.49,21.1,26.7,68.4,58.1,42.7,67.3,0,0,0,0,0,
J0501,Jurisdiction 0501,hard_high,54.3,3.94,60.2,60.5,35.8,28.8,11.3,30.1,0,0,0,0,1,
J0245,Jurisdiction 0245,designed_medium,56.4,4.33,48.4,43.3,42.8,40.8,28.1,30.8,0,0,0,0,0,
J0026,Jurisdiction 0026,designed_low,76.5,3.31,75.7,76.1,24.3,21.9,6.2,8.0,0,0,0,0,0,
J0198,Jurisdiction 0198,designed_medium,55.4,4.42,52.0,46.6,46.6,37.6,23.7,44.8,0,0,0,0,0,
J0037,Jurisdiction 0037,designed_low,86.8,3.07,91.0,77.9,28.9,7.7,17.7,26.5,0,0,0,0,0,
J0144,Jurisdiction 0144,designed_low,82.9,2.54,80.9,74.8,26.9,28.7,19.9,27.8,0,0,0,0,0,
J0195,Jurisdiction 0195,designed_medium,55.5,4.96,56.5,53.0,41.5,38.4,24.0,32.0,0,0,0,0,0,
