hit_id,subject_id,article_name,category,role,age_days,art_country,art_dob,art_passport,source_reliability,label,fp_category
AMHIT-0000000,SUBJ-000028,MARIA GARCIA,money_laundering,perpetrator,50,,,,1.0,0,common_name_ambiguous
AMHIT-0000001,SUBJ-000095,ANNA MULLER,non_adverse,mentioned,296,,,,1.0,0,not_adverse
AMHIT-0000002,SUBJ-000059,KWAME KREADZE,non_adverse,mentioned,357,,,,1.0,0,not_adverse
AMHIT-0000003,SUBJ-000034,RACHEL DRAVSTEIN,non_adverse,mentioned,261,,,,1.0,0,not_adverse
AMHIT-0000004,SUBJ-000076,SVEN DRAVMANN,non_adverse,mentioned,25,,,,1.0,0,not_adverse
AMHIT-0000005,SUBJ-000077,KWAME TASHADZE,negative_general,perpetrator,2252,,,,1.0,0,stale_immaterial
AMHIT-0000006,SUBJ-000090,LI WANG,sanctions_evasion,perpetrator,30,,,,1.0,0,common_name_ambiguous
AMHIT-0000007,SUBJ-000034,RACHEL DRAVSTEIN,sanctions_evasion,victim,400,,,,1.0,0,low_role
AMHIT-0000008,SUBJ-000083,PRIYA SEVADZE,non_adverse,mentioned,231,,,,1.0,0,not_adverse
AMHIT-0000009,SUBJ-000074,RACHEL QOMADZE,organized_crime,perpetrator,670,,1981-02-16,,1.0,0,wrong_entity
AMHIT-0000010,SUBJ-000085,PRIYA MORKOVSKY,non_adverse,mentioned,58,,,,1.0,0,not_adverse
AMHIT-0000011,SUBJ-000088,JOHN SMITH,non_adverse,mentioned,258,,,,1.0,0,not_adverse
AMHIT-0000012,SUBJ-000113,MOHAMMED ALI,sanctions_evasion,perpetrator,38,,,,1.0,0,common_name_ambiguous
AMHIT-0000013,SUBJ-000041,INGRID QOMSTEIN,non_adverse,mentioned,64,,,,1.0,0,not_adverse
AMHIT-0000014,SUBJ-000065,MOHAMMED ALI,non_adverse,mentioned,5,,,,1.0,0,not_adverse
AMHIT-0000015,SUBJ-000052,LI WANG,non_adverse,mentioned,32,,,,1.0,0,not_adverse
AMHIT-0000016,SUBJ-000096,SVEN DRAVENKO,non_adverse,mentioned,260,,,,1.0,0,not_adverse
AMHIT-0000017,SUBJ-000026,KWAME VOLADZE,negative_general,perpetrator,3324,,,,1.0,0,stale_immaterial
AMHIT-0000018,SUBJ-000112,JOHN SMITH,organized_crime,perpetrator,144,,1951-11-20,,1.0,0,wrong_entity
AMHIT-0000019,SUBJ-000039,SVEN ZARKOVSKY,litigation_civil,perpetrator,3331,,,,1.0,0,stale_immaterial
AMHIT-0000020,SUBJ-000107,TARIQ VOLADZE,money_laundering,perpetrator,492,,1957-11-27,,1.0,0,wrong_entity
AMHIT-0000021,SUBJ-000080,WEI CHEN,corruption_bribery,perpetrator,232,,,,1.0,0,common_name_ambiguous
AMHIT-0000022,SUBJ-000075,MOHAMMED ALI,sanctions_evasion,perpetrator,94,,,,1.0,0,common_name_ambiguous
AMHIT-0000023,SUBJ-000112,JOHN SMITH,fraud,perpetrator,462,,,,1.0,0,common_name_ambiguous
AMHIT-0000024,SUBJ-000109,WEI CHEN,negative_general,perpetrator,2896,,,,1.0,0,stale_immaterial
AMHIT-0000025,SUBJ-000105,MOHAMMED ALI,non_adverse,mentioned,6,,,,1.0,0,not_adverse
AMHIT-0000026,SUBJ-000075,MOHAMMED ALI,sanctions_evasion,perpetrator,695,,1981-03-15,,1.0,0,wrong_entity
AMHIT-0000027,SUBJ-000070,KWAME KREOPOULOS,non_adverse,mentioned,395,,,,1.0,0,not_adverse
AMHIT-0000028,SUBJ-000041,INGRID QOMSTEIN,non_adverse,mentioned,101,,,,1.0,0,not_adverse
AMHIT-0000029,SUBJ-000049,MOHAMMED ALI,fraud,perpetrator,440,,1952-06-24,,1.0,0,wrong_entity
AMHIT-0000030,SUBJ-000064,MOHAMMED ALI,fraud,perpetrator,273,,,,1.0,0,common_name_ambiguous
AMHIT-0000031,SUBJ-000075,MOHAMMED ALI,corruption_bribery,perpetrator,122,,1978-02-17,,1.0,0,wrong_entity
AMHIT-0000032,SUBJ-000018,RACHEL SEVOGLU,organized_crime,perpetrator,690,,1959-02-16,,1.0,0,wrong_entity
AMHIT-0000033,SUBJ-000079,ANNA MULLER,organized_crime,perpetrator,685,,1955-06-28,,1.0,0,wrong_entity
AMHIT-0000034,SUBJ-000040,DMITRI SEVSTEIN,non_adverse,mentioned,325,,,,1.0,0,not_adverse
AMHIT-0000035,SUBJ-000111,LI WANG,litigation_civil,perpetrator,3464,,,,1.0,0,stale_immaterial
AMHIT-0000036,SUBJ-000117,JOHN SMITH,corruption_bribery,victim,392,,,,1.0,0,low_role
AMHIT-0000037,SUBJ-000100,DAVID JONES,money_laundering,perpetrator,247,,,,1.0,0,common_name_ambiguous
AMHIT-0000038,SUBJ-000003,PRIYA KREOPOULOS,money_laundering,perpetrator,352,,1953-05-12,,1.0,0,wrong_entity
AMHIT-0000039,SUBJ-000067,DAVID JONES,organized_crime,perpetrator,599,,1993-03-06,,1.0,0,wrong_entity
AMHIT-0000040,SUBJ-000048,OLUWASEUN TASHSTEIN,sanctions_evasion,victim,264,,,,1.0,0,low_role
AMHIT-0000041,SUBJ-000059,KWAME KREADZE,corruption_bribery,perpetrator,490,,1966-11-01,,1.0,0,wrong_entity
AMHIT-0000042,SUBJ-000036,PRIYA ZARENKO,non_adverse,mentioned,351,,,,1.0,0,not_adverse
AMHIT-0000043,SUBJ-000044,TARIQ DRAVSSON,sanctions_evasion,perpetrator,326,,1990-07-23,,1.0,0,wrong_entity
AMHIT-0000044,SUBJ-000064,MOHAMMED ALI,organized_crime,perpetrator,74,,,,1.0,0,common_name_ambiguous
AMHIT-0000045,SUBJ-000073,INGRID QOMOPOULOS,corruption_bribery,mentioned,21,,,,1.0,0,low_role
AMHIT-0000046,SUBJ-000035,MARIA GARCIA,money_laundering,victim,320,,,,1.0,0,low_role
AMHIT-0000047,SUBJ-000052,LI WANG,fraud,perpetrator,330,,,,1.0,0,common_name_ambiguous
AMHIT-0000048,SUBJ-000024,JOSE GONZALEZ,sanctions_evasion,perpetrator,276,,1993-12-25,,1.0,0,wrong_entity
AMHIT-0000049,SUBJ-000019,JOHN SMITH,money_laundering,perpetrator,178,,,,1.0,0,common_name_ambiguous
AMHIT-0000050,SUBJ-000046,INGRID BUROGLU,fraud,perpetrator,112,,1968-06-24,,1.0,0,wrong_entity
AMHIT-0000051,SUBJ-000100,DAVID JONES,sanctions_evasion,perpetrator,394,,1983-09-09,,1.0,0,wrong_entity
AMHIT-0000052,SUBJ-000105,MOHAMMED ALI,organized_crime,perpetrator,322,,1971-02-15,,1.0,0,wrong_entity
AMHIT-0000053,SUBJ-000028,MARIA GARCIA,organized_crime,perpetrator,590,,1973-02-26,,1.0,0,wrong_entity
AMHIT-0000054,SUBJ-000015,PRIYA BURADZE,organized_crime,perpetrator,397,,1993-12-22,,1.0,0,wrong_entity
AMHIT-0000055,SUBJ-000081,LI WANG,non_adverse,mentioned,195,,,,1.0,0,not_adverse
AMHIT-0000056,SUBJ-000003,PRIYA KREOPOULOS,sanctions_evasion,perpetrator,594,,1970-10-08,,1.0,0,wrong_entity
AMHIT-0000057,SUBJ-000059,KWAME KREADZE,corruption_bribery,mentioned,69,,,,1.0,0,low_role
AMHIT-0000058,SUBJ-000079,ANNA MULLER,money_laundering,perpetrator,69,,,,1.0,0,common_name_ambiguous
AMHIT-0000059,SUBJ-000049,MOHAMMED ALI,non_adverse,mentioned,237,,,,1.0,0,not_adverse
AMHIT-0000060,SUBJ-000087,JOSE GONZALEZ,organized_crime,perpetrator,320,,,,1.0,0,common_name_ambiguous
AMHIT-0000061,SUBJ-000053,MARIA GARCIA,money_laundering,perpetrator,521,,1989-07-09,,1.0,0,wrong_entity
AMHIT-0000062,SUBJ-000047,JOHN SMITH,organized_crime,perpetrator,140,SG,1969-11-04,,1.0,1,
AMHIT-0000063,SUBJ-000087,JOSE GONZALEZ,corruption_bribery,perpetrator,577,,1991-06-02,,1.0,0,wrong_entity
AMHIT-0000064,SUBJ-000015,PRIYA BURADZE,organized_crime,perpetrator,113,,1992-04-21,,1.0,0,wrong_entity
AMHIT-0000065,SUBJ-000117,JOHN SMITH,corruption_bribery,perpetrator,144,,,,1.0,0,common_name_ambiguous
AMHIT-0000066,SUBJ-000026,KWAME VOLADZE,litigation_civil,perpetrator,3899,,,,1.0,0,stale_immaterial
AMHIT-0000067,SUBJ-000027,INGRID MORADZE,fraud,perpetrator,356,,1959-10-01,,1.0,0,wrong_entity
AMHIT-0000068,SUBJ-000087,JOSE GONZALEZ,corruption_bribery,perpetrator,428,,,,1.0,0,common_name_ambiguous
AMHIT-0000069,SUBJ-000003,PRIYA KREOPOULOS,fraud,victim,193,,,,1.0,0,low_role
AMHIT-0000070,SUBJ-000041,INGRID QOMSTEIN,money_laundering,perpetrator,198,,1966-01-05,,1.0,0,wrong_entity
AMHIT-0000071,SUBJ-000095,ANNA MULLER,non_adverse,mentioned,37,,,,1.0,0,not_adverse
AMHIT-0000072,SUBJ-000065,MOHAMMED ALI,litigation_civil,perpetrator,3125,,,,1.0,0,stale_immaterial
AMHIT-0000073,SUBJ-000111,LI WANG,sanctions_evasion,perpetrator,174,,,,1.0,0,common_name_ambiguous
AMHIT-0000074,SUBJ-000078,LI WANG,organized_crime,perpetrator,238,,,,1.0,0,common_name_ambiguous
AMHIT-0000075,SUBJ-000116,MARIA GARCIA,non_adverse,mentioned,232,,,,1.0,0,not_adverse
AMHIT-0000076,SUBJ-000077,KWAME TASHADZE,fraud,perpetrator,87,,1958-05-20,,1.0,0,wrong_entity
AMHIT-0000077,SUBJ-000041,INGRID QOMSTEIN,non_adverse,mentioned,200,,,,1.0,0,not_adverse
AMHIT-0000078,SUBJ-000058,PRIYA KREOGLU,non_adverse,mentioned,263,,,,1.0,0,not_adverse
AMHIT-0000079,SUBJ-000089,DMITRI ZARADZE,money_laundering,perpetrator,690,,1991-09-24,,1.0,0,wrong_entity
AMHIT-0000080,SUBJ-000113,MOHAMMED ALI,non_adverse,mentioned,121,,,,1.0,0,not_adverse
AMHIT-0000081,SUBJ-000067,DAVID JONES,money_laundering,perpetrator,180,,,,1.0,0,common_name_ambiguous
AMHIT-0000082,SUBJ-000047,JOHN SMITH,fraud,mentioned,44,,,,1.0,0,low_role
AMHIT-0000083,SUBJ-000055,JOHN SMITH,money_laundering,perpetrator,782,,1973-03-18,,1.0,0,wrong_entity
AMHIT-0000084,SUBJ-000055,JOHN SMITH,money_laundering,perpetrator,230,,,,1.0,0,common_name_ambiguous
AMHIT-0000085,SUBJ-000096,SVEN DRAVENKO,organized_crime,victim,157,,,,1.0,0,low_role
AMHIT-0000086,SUBJ-000073,INGRID QOMOPOULOS,non_adverse,mentioned,264,,,,1.0,0,not_adverse
AMHIT-0000087,SUBJ-000028,MARIA GARCIA,money_laundering,mentioned,294,,,,1.0,0,low_role
AMHIT-0000088,SUBJ-000073,INGRID QOMOPOULOS,litigation_civil,perpetrator,3853,,,,1.0,0,stale_immaterial
AMHIT-0000089,SUBJ-000098,MOHAMMED ALI,sanctions_evasion,victim,321,,,,1.0,0,low_role
AMHIT-0000090,SUBJ-000005,MARIA GARCIA,fraud,perpetrator,159,,,,1.0,0,common_name_ambiguous
AMHIT-0000091,SUBJ-000043,TARIQ KRESSON,non_adverse,mentioned,184,,,,1.0,0,not_adverse
AMHIT-0000092,SUBJ-000111,LI WANG,organized_crime,perpetrator,55,GB,1954-07-16,,1.0,1,
AMHIT-0000093,SUBJ-000003,PRIYA KREOPOULOS,money_laundering,victim,202,,,,1.0,0,low_role
AMHIT-0000094,SUBJ-000047,JOHN SMITH,non_adverse,mentioned,164,,,,1.0,0,not_adverse
AMHIT-0000095,SUBJ-000072,MOHAMMED ALI,litigation_civil,perpetrator,2307,,,,1.0,0,stale_immaterial
AMHIT-0000096,SUBJ-000006,KWAME SEVSTEIN,litigation_civil,perpetrator,2757,,,,1.0,0,stale_immaterial
AMHIT-0000097,SUBJ-000077,KWAME TASHADZE,non_adverse,mentioned,231,,,,1.0,0,not_adverse
AMHIT-0000098,SUBJ-000065,MOHAMMED ALI,money_laundering,perpetrator,373,,1977-02-10,,1.0,0,wrong_entity
AMHIT-0000099,SUBJ-000067,DAVID JONES,corruption_bribery,victim,122,,,,1.0,0,low_role
AMHIT-0000100,SUBJ-000000,DMITRI TASHADZE,fraud,mentioned,118,,,,1.0,0,low_role
AMHIT-0000101,SUBJ-000037,KWAME TASHMANN,negative_general,perpetrator,2445,,,,1.0,0,stale_immaterial
AMHIT-0000102,SUBJ-000095,ANNA MULLER,fraud,perpetrator,214,US,1976-08-04,,1.0,1,
AMHIT-0000103,SUBJ-000071,SVEN VOLADZE,corruption_bribery,perpetrator,93,,1975-12-02,,1.0,0,wrong_entity
AMHIT-0000104,SUBJ-000009,OLUWASEUN BURSSON,non_adverse,mentioned,165,,,,1.0,0,not_adverse
AMHIT-0000105,SUBJ-000090,LI WANG,organized_crime,mentioned,68,,,,1.0,0,low_role
AMHIT-0000106,SUBJ-000098,MOHAMMED ALI,organized_crime,perpetrator,445,,,,1.0,0,common_name_ambiguous
AMHIT-0000107,SUBJ-000055,JOHN SMITH,non_adverse,mentioned,59,,,,1.0,0,not_adverse
AMHIT-0000108,SUBJ-000067,DAVID JONES,money_laundering,mentioned,168,,,,1.0,0,low_role
AMHIT-0000109,SUBJ-000099,PRIYA BURKOVSKY,fraud,perpetrator,98,,1982-11-04,,1.0,0,wrong_entity
AMHIT-0000110,SUBJ-000099,PRIYA BURKOVSKY,corruption_bribery,perpetrator,379,,1991-03-08,,1.0,0,wrong_entity
AMHIT-0000111,SUBJ-000022,TARIQ KREKOVSKY,sanctions_evasion,perpetrator,176,,1991-02-06,,1.0,0,wrong_entity
AMHIT-0000112,SUBJ-000059,KWAME KREADZE,sanctions_evasion,mentioned,358,,,,1.0,0,low_role
AMHIT-0000113,SUBJ-000081,LI WANG,sanctions_evasion,mentioned,331,,,,1.0,0,low_role
AMHIT-0000114,SUBJ-000060,INGRID KREKOVSKY,non_adverse,mentioned,231,,,,1.0,0,not_adverse
AMHIT-0000115,SUBJ-000075,MOHAMMED ALI,litigation_civil,perpetrator,2920,,,,1.0,0,stale_immaterial
AMHIT-0000116,SUBJ-000057,WEI CHEN,non_adverse,mentioned,24,,,,1.0,0,not_adverse
AMHIT-0000117,SUBJ-000103,MOHAMMED ALI,money_laundering,perpetrator,334,,,,1.0,0,common_name_ambiguous
AMHIT-0000118,SUBJ-000074,RACHEL QOMADZE,non_adverse,mentioned,288,,,,1.0,0,not_adverse
AMHIT-0000119,SUBJ-000005,MARIA GARCIA,negative_general,perpetrator,3858,,,,1.0,0,stale_immaterial
AMHIT-0000120,SUBJ-000077,KWAME TASHADZE,organized_crime,perpetrator,533,,1959-01-15,,1.0,0,wrong_entity
AMHIT-0000121,SUBJ-000110,LI WANG,money_laundering,perpetrator,278,,,,1.0,0,common_name_ambiguous
AMHIT-0000122,SUBJ-000090,LI WANG,organized_crime,perpetrator,469,,1983-09-20,,1.0,0,wrong_entity
AMHIT-0000123,SUBJ-000036,PRIYA ZARENKO,non_adverse,mentioned,203,,,,1.0,0,not_adverse
AMHIT-0000124,SUBJ-000076,SVEN DRAVMANN,non_adverse,mentioned,31,,,,1.0,0,not_adverse
AMHIT-0000125,SUBJ-000008,RACHEL KRESTEIN,corruption_bribery,victim,295,,,,1.0,0,low_role
AMHIT-0000126,SUBJ-000092,DAVID JONES,sanctions_evasion,perpetrator,173,,1971-02-19,,1.0,0,wrong_entity
AMHIT-0000127,SUBJ-000103,MOHAMMED ALI,organized_crime,perpetrator,86,,,,1.0,0,common_name_ambiguous
AMHIT-0000128,SUBJ-000088,JOHN SMITH,organized_crime,perpetrator,349,,,,1.0,0,common_name_ambiguous
AMHIT-0000129,SUBJ-000109,WEI CHEN,sanctions_evasion,perpetrator,67,,,,1.0,0,common_name_ambiguous
AMHIT-0000130,SUBJ-000046,INGRID BUROGLU,non_adverse,mentioned,14,,,,1.0,0,not_adverse
AMHIT-0000131,SUBJ-000027,INGRID MORADZE,corruption_bribery,perpetrator,517,,1962-04-05,,1.0,0,wrong_entity
AMHIT-0000132,SUBJ-000100,DAVID JONES,money_laundering,perpetrator,539,,1984-12-17,,1.0,0,wrong_entity
AMHIT-0000133,SUBJ-000043,TARIQ KRESSON,fraud,perpetrator,1171,,,,1.0,1,
AMHIT-0000134,SUBJ-000088,JOHN SMITH,sanctions_evasion,perpetrator,189,,1978-01-14,,1.0,0,wrong_entity
AMHIT-0000135,SUBJ-000056,SVEN SEVMANN,negative_general,perpetrator,3740,,,,1.0,0,stale_immaterial
AMHIT-0000136,SUBJ-000068,PRIYA NOROGLU,non_adverse,mentioned,127,,,,1.0,0,not_adverse
AMHIT-0000137,SUBJ-000035,MARIA GARCIA,corruption_bribery,perpetrator,367,,,,1.0,0,common_name_ambiguous
AMHIT-0000138,SUBJ-000116,MARIA GARCIA,corruption_bribery,perpetrator,418,,,,1.0,0,common_name_ambiguous
AMHIT-0000139,SUBJ-000020,TARIQ SEVADZE,non_adverse,mentioned,107,,,,1.0,0,not_adverse
AMHIT-0000140,SUBJ-000032,RACHEL ZARMANN,money_laundering,perpetrator,676,,1980-06-18,,1.0,0,wrong_entity
AMHIT-0000141,SUBJ-000066,SVEN VOLOGLU,litigation_civil,perpetrator,2783,,,,1.0,0,stale_immaterial
AMHIT-0000142,SUBJ-000057,WEI CHEN,sanctions_evasion,perpetrator,170,,1977-02-08,,1.0,0,wrong_entity
AMHIT-0000143,SUBJ-000005,MARIA GARCIA,organized_crime,perpetrator,47,,,,1.0,0,common_name_ambiguous
AMHIT-0000144,SUBJ-000049,MOHAMMED ALI,non_adverse,mentioned,46,,,,1.0,0,not_adverse
AMHIT-0000145,SUBJ-000119,TARIQ MORADZE,money_laundering,perpetrator,751,,1991-06-26,,1.0,0,wrong_entity
AMHIT-0000146,SUBJ-000117,JOHN SMITH,organized_crime,perpetrator,732,,1958-12-16,,1.0,0,wrong_entity
AMHIT-0000147,SUBJ-000010,RACHEL MORENKO,money_laundering,perpetrator,282,,1963-03-18,,1.0,0,wrong_entity
AMHIT-0000148,SUBJ-000054,WEI CHEN,money_laundering,mentioned,131,,,,1.0,0,low_role
AMHIT-0000149,SUBJ-000053,MARIA GARCIA,sanctions_evasion,perpetrator,488,,1954-02-27,,1.0,0,wrong_entity
AMHIT-0000150,SUBJ-000002,JOHN SMITH,sanctions_evasion,victim,377,,,,1.0,0,low_role
AMHIT-0000151,SUBJ-000078,LI WANG,non_adverse,mentioned,185,,,,1.0,0,not_adverse
AMHIT-0000152,SUBJ-000085,PRIYA MORKOVSKY,non_adverse,mentioned,347,,,,1.0,0,not_adverse
AMHIT-0000153,SUBJ-000081,LI WANG,sanctions_evasion,perpetrator,279,,,,1.0,0,common_name_ambiguous
AMHIT-0000154,SUBJ-000002,JOHN SMITH,non_adverse,mentioned,204,,,,1.0,0,not_adverse
AMHIT-0000155,SUBJ-000049,MOHAMMED ALI,corruption_bribery,perpetrator,279,,1951-06-26,,1.0,0,wrong_entity
AMHIT-0000156,SUBJ-000084,PRIYA BURMANN,money_laundering,perpetrator,615,,1971-03-02,,1.0,0,wrong_entity
AMHIT-0000157,SUBJ-000082,DMITRI MORMANN,non_adverse,mentioned,94,,,,1.0,0,not_adverse
AMHIT-0000158,SUBJ-000089,DMITRI ZARADZE,negative_general,perpetrator,3493,,,,1.0,0,stale_immaterial
AMHIT-0000159,SUBJ-000091,SVEN NORSTEIN,organized_crime,perpetrator,57,,1968-04-02,,1.0,0,wrong_entity
AMHIT-0000160,SUBJ-000053,MARIA GARCIA,sanctions_evasion,perpetrator,223,,,,1.0,0,common_name_ambiguous
AMHIT-0000161,SUBJ-000032,RACHEL ZARMANN,non_adverse,mentioned,23,,,,1.0,0,not_adverse
AMHIT-0000162,SUBJ-000045,RACHEL VOLADZE,money_laundering,perpetrator,691,,1971-05-04,,1.0,0,wrong_entity
AMHIT-0000163,SUBJ-000051,JOHN SMITH,non_adverse,mentioned,385,,,,1.0,0,not_adverse
AMHIT-0000164,SUBJ-000033,LI WANG,organized_crime,perpetrator,374,,,,1.0,0,common_name_ambiguous
AMHIT-0000165,SUBJ-000051,JOHN SMITH,money_laundering,perpetrator,392,,,,1.0,0,common_name_ambiguous
AMHIT-0000166,SUBJ-000105,MOHAMMED ALI,non_adverse,mentioned,97,,,,1.0,0,not_adverse
AMHIT-0000167,SUBJ-000010,RACHEL MORENKO,non_adverse,mentioned,172,,,,1.0,0,not_adverse
AMHIT-0000168,SUBJ-000077,KWAME TASHADZE,non_adverse,mentioned,372,,,,1.0,0,not_adverse
AMHIT-0000169,SUBJ-000044,TARIQ DRAVSSON,negative_general,perpetrator,2286,,,,1.0,0,stale_immaterial
AMHIT-0000170,SUBJ-000069,JOSE GONZALEZ,corruption_bribery,perpetrator,347,,,,1.0,0,common_name_ambiguous
AMHIT-0000171,SUBJ-000105,MOHAMMED ALI,organized_crime,perpetrator,206,,,,1.0,0,common_name_ambiguous
AMHIT-0000172,SUBJ-000020,TARIQ SEVADZE,litigation_civil,perpetrator,2492,,,,1.0,0,stale_immaterial
AMHIT-0000173,SUBJ-000056,SVEN SEVMANN,money_laundering,victim,44,,,,1.0,0,low_role
AMHIT-0000174,SUBJ-000046,INGRID BUROGLU,organized_crime,victim,319,,,,1.0,0,low_role
AMHIT-0000175,SUBJ-000047,JOHN SMITH,non_adverse,mentioned,195,,,,1.0,0,not_adverse
AMHIT-0000176,SUBJ-000017,LI WANG,sanctions_evasion,perpetrator,395,,1975-06-21,,1.0,0,wrong_entity
AMHIT-0000177,SUBJ-000112,JOHN SMITH,fraud,perpetrator,275,,,,1.0,0,common_name_ambiguous
AMHIT-0000178,SUBJ-000049,MOHAMMED ALI,corruption_bribery,perpetrator,380,,,,1.0,0,common_name_ambiguous
AMHIT-0000179,SUBJ-000109,WEI CHEN,organized_crime,perpetrator,122,,,,1.0,0,common_name_ambiguous
AMHIT-0000180,SUBJ-000033,LI WANG,organized_crime,perpetrator,64,,,,1.0,0,common_name_ambiguous
AMHIT-0000181,SUBJ-000105,MOHAMMED ALI,corruption_bribery,perpetrator,383,,,,1.0,0,common_name_ambiguous
AMHIT-0000182,SUBJ-000114,INGRID SEVMANN,non_adverse,mentioned,158,,,,1.0,0,not_adverse
AMHIT-0000183,SUBJ-000118,DMITRI KREOGLU,litigation_civil,perpetrator,3825,,,,1.0,0,stale_immaterial
AMHIT-0000184,SUBJ-000025,DAVID JONES,fraud,perpetrator,262,,1981-01-12,,1.0,0,wrong_entity
AMHIT-0000185,SUBJ-000102,INGRID DRAVOPOULOS,non_adverse,mentioned,287,,,,1.0,0,not_adverse
AMHIT-0000186,SUBJ-000053,MARIA GARCIA,organized_crime,perpetrator,387,,,,1.0,0,common_name_ambiguous
AMHIT-0000187,SUBJ-000098,MOHAMMED ALI,non_adverse,mentioned,214,,,,1.0,0,not_adverse
AMHIT-0000188,SUBJ-000040,DMITRI SEVSTEIN,money_laundering,perpetrator,480,,1979-11-17,,1.0,0,wrong_entity
AMHIT-0000189,SUBJ-000088,JOHN SMITH,sanctions_evasion,perpetrator,113,,,,1.0,0,common_name_ambiguous
AMHIT-0000190,SUBJ-000064,MOHAMMED ALI,money_laundering,perpetrator,147,,1983-03-10,,1.0,0,wrong_entity
AMHIT-0000191,SUBJ-000090,LI WANG,non_adverse,mentioned,120,,,,1.0,0,not_adverse
AMHIT-0000192,SUBJ-000052,LI WANG,money_laundering,perpetrator,148,,,,1.0,0,common_name_ambiguous
AMHIT-0000193,SUBJ-000025,DAVID JONES,corruption_bribery,perpetrator,334,,,,1.0,0,common_name_ambiguous
AMHIT-0000194,SUBJ-000021,DMITRI MORSSON,non_adverse,mentioned,308,,,,1.0,0,not_adverse
AMHIT-0000195,SUBJ-000084,PRIYA BURMANN,sanctions_evasion,perpetrator,757,,1988-06-27,,1.0,0,wrong_entity
AMHIT-0000196,SUBJ-000110,LI WANG,money_laundering,perpetrator,103,,1952-11-25,,1.0,0,wrong_entity
AMHIT-0000197,SUBJ-000098,MOHAMMED ALI,sanctions_evasion,mentioned,326,,,,1.0,0,low_role
AMHIT-0000198,SUBJ-000080,WEI CHEN,non_adverse,mentioned,284,,,,1.0,0,not_adverse
AMHIT-0000199,SUBJ-000047,JOHN SMITH,organized_crime,perpetrator,172,,,,1.0,0,common_name_ambiguous
AMHIT-0000200,SUBJ-000020,TARIQ SEVADZE,negative_general,perpetrator,3051,,,,1.0,0,stale_immaterial
AMHIT-0000201,SUBJ-000077,KWAME TASHADZE,fraud,perpetrator,340,,1995-06-24,,1.0,0,wrong_entity
AMHIT-0000202,SUBJ-000051,JOHN SMITH,non_adverse,mentioned,71,,,,1.0,0,not_adverse
AMHIT-0000203,SUBJ-000013,SVEN KREOPOULOS,non_adverse,mentioned,168,,,,1.0,0,not_adverse
AMHIT-0000204,SUBJ-000057,WEI CHEN,fraud,perpetrator,164,,1956-01-10,,1.0,0,wrong_entity
AMHIT-0000205,SUBJ-000047,JOHN SMITH,fraud,perpetrator,436,,,,1.0,0,common_name_ambiguous
AMHIT-0000206,SUBJ-000040,DMITRI SEVSTEIN,fraud,victim,265,,,,1.0,0,low_role
AMHIT-0000207,SUBJ-000112,JOHN SMITH,non_adverse,mentioned,162,,,,1.0,0,not_adverse
AMHIT-0000208,SUBJ-000050,KWAME TASHKOVSKY,sanctions_evasion,perpetrator,488,,1965-04-19,,1.0,0,wrong_entity
AMHIT-0000209,SUBJ-000063,ANNA MULLER,sanctions_evasion,perpetrator,689,,1993-08-10,,1.0,0,wrong_entity
AMHIT-0000210,SUBJ-000025,DAVID JONES,corruption_bribery,perpetrator,392,,,,1.0,0,common_name_ambiguous
AMHIT-0000211,SUBJ-000005,MARIA GARCIA,non_adverse,mentioned,210,,,,1.0,0,not_adverse
AMHIT-0000212,SUBJ-000046,INGRID BUROGLU,sanctions_evasion,mentioned,47,,,,1.0,0,low_role
AMHIT-0000213,SUBJ-000070,KWAME KREOPOULOS,non_adverse,mentioned,148,,,,1.0,0,not_adverse
AMHIT-0000214,SUBJ-000078,LI WANG,money_laundering,victim,59,,,,1.0,0,low_role
AMHIT-0000215,SUBJ-000043,TARIQ KRESSON,negative_general,perpetrator,3746,,,,1.0,0,stale_immaterial
AMHIT-0000216,SUBJ-000051,JOHN SMITH,sanctions_evasion,victim,33,,,,1.0,0,low_role
AMHIT-0000217,SUBJ-000091,SVEN NORSTEIN,organized_crime,perpetrator,285,DE,,,1.0,1,
AMHIT-0000218,SUBJ-000065,MOHAMMED ALI,fraud,mentioned,323,,,,1.0,0,low_role
AMHIT-0000219,SUBJ-000078,LI WANG,non_adverse,mentioned,383,,,,1.0,0,not_adverse
AMHIT-0000220,SUBJ-000064,MOHAMMED ALI,sanctions_evasion,mentioned,372,,,,1.0,0,low_role
AMHIT-0000221,SUBJ-000002,JOHN SMITH,non_adverse,mentioned,193,,,,1.0,0,not_adverse
AMHIT-0000222,SUBJ-000053,MARIA GARCIA,sanctions_evasion,perpetrator,335,,1994-11-01,,1.0,0,wrong_entity
AMHIT-0000223,SUBJ-000083,PRIYA SEVADZE,sanctions_evasion,perpetrator,611,,1964-12-02,,1.0,0,wrong_entity
AMHIT-0000224,SUBJ-000080,WEI CHEN,sanctions_evasion,perpetrator,409,,1959-11-08,,1.0,0,wrong_entity
AMHIT-0000225,SUBJ-000089,DMITRI ZARADZE,money_laundering,perpetrator,245,RU,,,1.0,1,
AMHIT-0000226,SUBJ-000088,JOHN SMITH,fraud,perpetrator,440,,1982-10-16,,1.0,0,wrong_entity
AMHIT-0000227,SUBJ-000007,SVEN MORADZE,litigation_civil,perpetrator,3262,,,,1.0,0,stale_immaterial
AMHIT-0000228,SUBJ-000084,PRIYA BURMANN,non_adverse,mentioned,249,,,,1.0,0,not_adverse
AMHIT-0000229,SUBJ-000022,TARIQ KREKOVSKY,non_adverse,mentioned,240,,,,1.0,0,not_adverse
AMHIT-0000230,SUBJ-000045,RACHEL VOLADZE,non_adverse,mentioned,351,,,,1.0,0,not_adverse
AMHIT-0000231,SUBJ-000082,DMITRI MORMANN,negative_general,perpetrator,3449,,,,1.0,0,stale_immaterial
AMHIT-0000232,SUBJ-000088,JOHN SMITH,corruption_bribery,perpetrator,135,,,,1.0,0,common_name_ambiguous
AMHIT-0000233,SUBJ-000052,LI WANG,fraud,perpetrator,373,,,,1.0,0,common_name_ambiguous
AMHIT-0000234,SUBJ-000044,TARIQ DRAVSSON,non_adverse,mentioned,291,,,,1.0,0,not_adverse
AMHIT-0000235,SUBJ-000035,MARIA GARCIA,negative_general,perpetrator,2449,,,,1.0,0,stale_immaterial
AMHIT-0000236,SUBJ-000114,INGRID SEVMANN,non_adverse,mentioned,207,,,,1.0,0,not_adverse
AMHIT-0000237,SUBJ-000028,MARIA GARCIA,corruption_bribery,perpetrator,41,,,,1.0,0,common_name_ambiguous
AMHIT-0000238,SUBJ-000044,TARIQ DRAVSSON,negative_general,perpetrator,3543,,,,1.0,0,stale_immaterial
AMHIT-0000239,SUBJ-000025,DAVID JONES,non_adverse,mentioned,280,,,,1.0,0,not_adverse
AMHIT-0000240,SUBJ-000034,RACHEL DRAVSTEIN,fraud,victim,325,,,,1.0,0,low_role
AMHIT-0000241,SUBJ-000006,KWAME SEVSTEIN,sanctions_evasion,perpetrator,251,,1990-04-02,,1.0,0,wrong_entity
AMHIT-0000242,SUBJ-000060,INGRID KREKOVSKY,non_adverse,mentioned,56,,,,1.0,0,not_adverse
AMHIT-0000243,SUBJ-000070,KWAME KREOPOULOS,fraud,perpetrator,436,,1991-08-16,,1.0,0,wrong_entity
AMHIT-0000244,SUBJ-000036,PRIYA ZARENKO,negative_general,perpetrator,2784,,,,1.0,0,stale_immaterial
AMHIT-0000245,SUBJ-000103,MOHAMMED ALI,sanctions_evasion,perpetrator,138,,,,1.0,0,common_name_ambiguous
AMHIT-0000246,SUBJ-000119,TARIQ MORADZE,litigation_civil,perpetrator,2558,,,,1.0,0,stale_immaterial
AMHIT-0000247,SUBJ-000011,MOHAMMED ALI,organized_crime,perpetrator,423,,,,1.0,0,common_name_ambiguous
AMHIT-0000248,SUBJ-000052,LI WANG,money_laundering,perpetrator,24,,,,1.0,0,common_name_ambiguous
AMHIT-0000249,SUBJ-000118,DMITRI KREOGLU,corruption_bribery,mentioned,242,,,,1.0,0,low_role
AMHIT-0000250,SUBJ-000063,ANNA MULLER,non_adverse,mentioned,73,,,,1.0,0,not_adverse
AMHIT-0000251,SUBJ-000024,JOSE GONZALEZ,non_adverse,mentioned,62,,,,1.0,0,not_adverse
AMHIT-0000252,SUBJ-000082,DMITRI MORMANN,negative_general,perpetrator,3671,,,,1.0,0,stale_immaterial
AMHIT-0000253,SUBJ-000101,DMITRI SEVADZE,negative_general,perpetrator,3362,,,,1.0,0,stale_immaterial
AMHIT-0000254,SUBJ-000078,LI WANG,organized_crime,perpetrator,457,,1982-06-03,,1.0,0,wrong_entity
AMHIT-0000255,SUBJ-000017,LI WANG,organized_crime,perpetrator,351,,1965-01-09,,1.0,0,wrong_entity
AMHIT-0000256,SUBJ-000034,RACHEL DRAVSTEIN,non_adverse,mentioned,173,,,,1.0,0,not_adverse
AMHIT-0000257,SUBJ-000001,RACHEL MORMANN,negative_general,perpetrator,3538,,,,1.0,0,stale_immaterial
AMHIT-0000258,SUBJ-000085,PRIYA MORKOVSKY,money_laundering,perpetrator,496,,1969-03-13,,1.0,0,wrong_entity
AMHIT-0000259,SUBJ-000110,LI WANG,corruption_bribery,perpetrator,373,,,,1.0,0,common_name_ambiguous
AMHIT-0000260,SUBJ-000063,ANNA MULLER,sanctions_evasion,perpetrator,133,,,,1.0,0,common_name_ambiguous
AMHIT-0000261,SUBJ-000019,JOHN SMITH,organized_crime,perpetrator,785,,1988-06-14,,1.0,0,wrong_entity
AMHIT-0000262,SUBJ-000087,JOSE GONZALEZ,fraud,perpetrator,410,,,,1.0,0,common_name_ambiguous
AMHIT-0000263,SUBJ-000111,LI WANG,litigation_civil,perpetrator,3276,,,,1.0,0,stale_immaterial
AMHIT-0000264,SUBJ-000009,OLUWASEUN BURSSON,litigation_civil,perpetrator,2326,,,,1.0,0,stale_immaterial
AMHIT-0000265,SUBJ-000090,LI WANG,sanctions_evasion,perpetrator,96,,,,1.0,0,common_name_ambiguous
AMHIT-0000266,SUBJ-000024,JOSE GONZALEZ,fraud,perpetrator,387,,,,1.0,0,common_name_ambiguous
AMHIT-0000267,SUBJ-000065,MOHAMMED ALI,organized_crime,perpetrator,76,,1979-03-17,,1.0,0,wrong_entity
AMHIT-0000268,SUBJ-000071,SVEN VOLADZE,organized_crime,mentioned,380,,,,1.0,0,low_role
AMHIT-0000269,SUBJ-000032,RACHEL ZARMANN,fraud,perpetrator,549,,,,1.0,1,
AMHIT-0000270,SUBJ-000044,TARIQ DRAVSSON,fraud,perpetrator,541,,,,1.0,1,
AMHIT-0000271,SUBJ-000036,PRIYA ZARENKO,non_adverse,mentioned,214,,,,1.0,0,not_adverse
AMHIT-0000272,SUBJ-000082,DMITRI MORMANN,organized_crime,perpetrator,403,,1974-08-28,,1.0,0,wrong_entity
AMHIT-0000273,SUBJ-000010,RACHEL MORENKO,non_adverse,mentioned,354,,,,1.0,0,not_adverse
AMHIT-0000274,SUBJ-000103,MOHAMMED ALI,corruption_bribery,perpetrator,80,,,,1.0,0,common_name_ambiguous
AMHIT-0000275,SUBJ-000067,DAVID JONES,non_adverse,mentioned,70,,,,1.0,0,not_adverse
AMHIT-0000276,SUBJ-000000,DMITRI TASHADZE,money_laundering,perpetrator,325,,1979-11-24,,1.0,0,wrong_entity
AMHIT-0000277,SUBJ-000105,MOHAMMED ALI,non_adverse,mentioned,122,,,,1.0,0,not_adverse
AMHIT-0000278,SUBJ-000035,MARIA GARCIA,non_adverse,mentioned,101,,,,1.0,0,not_adverse
AMHIT-0000279,SUBJ-000014,MOHAMMED ALI,litigation_civil,perpetrator,3857,,,,1.0,0,stale_immaterial
AMHIT-0000280,SUBJ-000119,TARIQ MORADZE,money_laundering,victim,115,,,,1.0,0,low_role
AMHIT-0000281,SUBJ-000057,WEI CHEN,sanctions_evasion,victim,135,,,,1.0,0,low_role
AMHIT-0000282,SUBJ-000029,LI WANG,non_adverse,mentioned,281,,,,1.0,0,not_adverse
AMHIT-0000283,SUBJ-000025,DAVID JONES,sanctions_evasion,perpetrator,168,,,,1.0,0,common_name_ambiguous
AMHIT-0000284,SUBJ-000054,WEI CHEN,sanctions_evasion,perpetrator,326,,,,1.0,0,common_name_ambiguous
AMHIT-0000285,SUBJ-000053,MARIA GARCIA,fraud,perpetrator,358,,,,1.0,0,common_name_ambiguous
AMHIT-0000286,SUBJ-000035,MARIA GARCIA,non_adverse,mentioned,36,,,,1.0,0,not_adverse
AMHIT-0000287,SUBJ-000094,RACHEL MORKOVSKY,fraud,mentioned,294,,,,1.0,0,low_role
AMHIT-0000288,SUBJ-000105,MOHAMMED ALI,organized_crime,perpetrator,422,,,,1.0,0,common_name_ambiguous
AMHIT-0000289,SUBJ-000052,LI WANG,litigation_civil,perpetrator,2814,,,,1.0,0,stale_immaterial
AMHIT-0000290,SUBJ-000060,INGRID KREKOVSKY,litigation_civil,perpetrator,3939,,,,1.0,0,stale_immaterial
AMHIT-0000291,SUBJ-000075,MOHAMMED ALI,money_laundering,perpetrator,307,,,,1.0,0,common_name_ambiguous
AMHIT-0000292,SUBJ-000067,DAVID JONES,non_adverse,mentioned,73,,,,1.0,0,not_adverse
AMHIT-0000293,SUBJ-000042,MARIA GARCIA,money_laundering,perpetrator,480,,1973-02-18,,1.0,0,wrong_entity
AMHIT-0000294,SUBJ-000034,RACHEL DRAVSTEIN,organized_crime,perpetrator,709,,1988-10-02,,1.0,0,wrong_entity
AMHIT-0000295,SUBJ-000097,TARIQ MOROPOULOS,sanctions_evasion,perpetrator,761,,1992-09-07,,1.0,0,wrong_entity
AMHIT-0000296,SUBJ-000053,MARIA GARCIA,money_laundering,perpetrator,128,,,,1.0,0,common_name_ambiguous
AMHIT-0000297,SUBJ-000112,JOHN SMITH,organized_crime,perpetrator,488,,,,1.0,0,common_name_ambiguous
AMHIT-0000298,SUBJ-000026,KWAME VOLADZE,organized_crime,victim,292,,,,1.0,0,low_role
AMHIT-0000299,SUBJ-000059,KWAME KREADZE,sanctions_evasion,perpetrator,684,,1972-05-09,,1.0,0,wrong_entity
AMHIT-0000300,SUBJ-000019,JOHN SMITH,organized_crime,perpetrator,409,,,,1.0,0,common_name_ambiguous
AMHIT-0000301,SUBJ-000054,WEI CHEN,organized_crime,perpetrator,43,,,,1.0,0,common_name_ambiguous
AMHIT-0000302,SUBJ-000018,RACHEL SEVOGLU,money_laundering,perpetrator,287,,1985-10-19,,1.0,0,wrong_entity
AMHIT-0000303,SUBJ-000025,DAVID JONES,corruption_bribery,perpetrator,255,,1974-10-27,,1.0,0,wrong_entity
AMHIT-0000304,SUBJ-000087,JOSE GONZALEZ,corruption_bribery,mentioned,400,,,,1.0,0,low_role
AMHIT-0000305,SUBJ-000112,JOHN SMITH,organized_crime,perpetrator,255,,,,1.0,0,common_name_ambiguous
AMHIT-0000306,SUBJ-000021,DMITRI MORSSON,litigation_civil,perpetrator,3675,,,,1.0,0,stale_immaterial
AMHIT-0000307,SUBJ-000113,MOHAMMED ALI,sanctions_evasion,perpetrator,677,,1953-09-02,,1.0,0,wrong_entity
AMHIT-0000308,SUBJ-000104,SVEN QOMSSON,money_laundering,perpetrator,26,,1976-03-27,,1.0,0,wrong_entity
AMHIT-0000309,SUBJ-000019,JOHN SMITH,money_laundering,perpetrator,243,,1982-08-12,,1.0,0,wrong_entity
AMHIT-0000310,SUBJ-000119,TARIQ MORADZE,sanctions_evasion,mentioned,347,,,,1.0,0,low_role
AMHIT-0000311,SUBJ-000070,KWAME KREOPOULOS,organized_crime,perpetrator,32,,1951-09-24,,1.0,0,wrong_entity
AMHIT-0000312,SUBJ-000080,WEI CHEN,organized_crime,perpetrator,432,,,,1.0,0,common_name_ambiguous
AMHIT-0000313,SUBJ-000117,JOHN SMITH,money_laundering,perpetrator,556,,1959-04-07,,1.0,0,wrong_entity
AMHIT-0000314,SUBJ-000045,RACHEL VOLADZE,corruption_bribery,perpetrator,426,,1955-06-13,,1.0,0,wrong_entity
AMHIT-0000315,SUBJ-000089,DMITRI ZARADZE,fraud,perpetrator,327,,1993-02-21,,1.0,0,wrong_entity
AMHIT-0000316,SUBJ-000004,PRIYA BUROGLU,money_laundering,mentioned,204,,,,1.0,0,low_role
AMHIT-0000317,SUBJ-000081,LI WANG,non_adverse,mentioned,9,,,,1.0,0,not_adverse
AMHIT-0000318,SUBJ-000108,WEI CHEN,organized_crime,perpetrator,680,,1971-10-28,,1.0,0,wrong_entity
AMHIT-0000319,SUBJ-000011,MOHAMMED ALI,fraud,perpetrator,128,,,,1.0,0,common_name_ambiguous
AMHIT-0000320,SUBJ-000072,MOHAMMED ALI,negative_general,perpetrator,2755,,,,1.0,0,stale_immaterial
AMHIT-0000321,SUBJ-000009,OLUWASEUN BURSSON,tax_evasion,perpetrator,767,,,,1.0,1,
AMHIT-0000322,SUBJ-000026,KWAME VOLADZE,non_adverse,mentioned,305,,,,1.0,0,not_adverse
AMHIT-0000323,SUBJ-000065,MOHAMMED ALI,money_laundering,perpetrator,173,,,,1.0,0,common_name_ambiguous
AMHIT-0000324,SUBJ-000106,OLUWASEUN KREADZE,organized_crime,perpetrator,713,,1984-06-13,,1.0,0,wrong_entity
AMHIT-0000325,SUBJ-000088,JOHN SMITH,money_laundering,perpetrator,532,,1972-01-04,,1.0,0,wrong_entity
AMHIT-0000326,SUBJ-000095,ANNA MULLER,sanctions_evasion,perpetrator,324,,,,1.0,0,common_name_ambiguous
AMHIT-0000327,SUBJ-000003,PRIYA KREOPOULOS,negative_general,perpetrator,3804,,,,1.0,0,stale_immaterial
AMHIT-0000328,SUBJ-000045,RACHEL VOLADZE,non_adverse,mentioned,288,,,,1.0,0,not_adverse
AMHIT-0000329,SUBJ-000087,JOSE GONZALEZ,non_adverse,mentioned,304,,,,1.0,0,not_adverse
AMHIT-0000330,SUBJ-000079,ANNA MULLER,corruption_bribery,perpetrator,272,,1995-02-03,,1.0,0,wrong_entity
AMHIT-0000331,SUBJ-000100,DAVID JONES,non_adverse,mentioned,329,,,,1.0,0,not_adverse
AMHIT-0000332,SUBJ-000046,INGRID BUROGLU,non_adverse,mentioned,59,,,,1.0,0,not_adverse
AMHIT-0000333,SUBJ-000063,ANNA MULLER,corruption_bribery,perpetrator,72,,,,1.0,0,common_name_ambiguous
AMHIT-0000334,SUBJ-000057,WEI CHEN,sanctions_evasion,perpetrator,588,,1982-07-04,,1.0,0,wrong_entity
AMHIT-0000335,SUBJ-000045,RACHEL VOLADZE,sanctions_evasion,perpetrator,326,SG,,,1.0,1,
AMHIT-0000336,SUBJ-000052,LI WANG,organized_crime,perpetrator,218,,,,1.0,0,common_name_ambiguous
AMHIT-0000337,SUBJ-000071,SVEN VOLADZE,litigation_civil,perpetrator,3371,,,,1.0,0,stale_immaterial
AMHIT-0000338,SUBJ-000021,DMITRI MORSSON,litigation_civil,perpetrator,2750,,,,1.0,0,stale_immaterial
AMHIT-0000339,SUBJ-000008,RACHEL KRESTEIN,non_adverse,mentioned,90,,,,1.0,0,not_adverse
AMHIT-0000340,SUBJ-000061,TARIQ BURMANN,non_adverse,mentioned,44,,,,1.0,0,not_adverse
AMHIT-0000341,SUBJ-000100,DAVID JONES,organized_crime,perpetrator,324,,,,1.0,0,common_name_ambiguous
AMHIT-0000342,SUBJ-000017,LI WANG,non_adverse,mentioned,160,,,,1.0,0,not_adverse
AMHIT-0000343,SUBJ-000050,KWAME TASHKOVSKY,sanctions_evasion,perpetrator,214,GB,,,1.0,1,
AMHIT-0000344,SUBJ-000042,MARIA GARCIA,non_adverse,mentioned,225,,,,1.0,0,not_adverse
AMHIT-0000345,SUBJ-000025,DAVID JONES,corruption_bribery,perpetrator,184,,,,1.0,0,common_name_ambiguous
AMHIT-0000346,SUBJ-000061,TARIQ BURMANN,negative_general,perpetrator,2563,,,,1.0,0,stale_immaterial
AMHIT-0000347,SUBJ-000112,JOHN SMITH,organized_crime,perpetrator,314,,,,1.0,0,common_name_ambiguous
AMHIT-0000348,SUBJ-000035,MARIA GARCIA,non_adverse,mentioned,206,,,,1.0,0,not_adverse
AMHIT-0000349,SUBJ-000092,DAVID JONES,sanctions_evasion,perpetrator,112,,,,1.0,0,common_name_ambiguous
AMHIT-0000350,SUBJ-000093,INGRID VOLADZE,organized_crime,victim,234,,,,1.0,0,low_role
AMHIT-0000351,SUBJ-000117,JOHN SMITH,organized_crime,perpetrator,364,,,,1.0,0,common_name_ambiguous
AMHIT-0000352,SUBJ-000030,KWAME KREOPOULOS,corruption_bribery,victim,376,,,,1.0,0,low_role
AMHIT-0000353,SUBJ-000057,WEI CHEN,non_adverse,mentioned,311,,,,1.0,0,not_adverse
AMHIT-0000354,SUBJ-000064,MOHAMMED ALI,non_adverse,mentioned,359,,,,1.0,0,not_adverse
AMHIT-0000355,SUBJ-000046,INGRID BUROGLU,sanctions_evasion,perpetrator,628,,1990-02-04,,1.0,0,wrong_entity
AMHIT-0000356,SUBJ-000045,RACHEL VOLADZE,fraud,victim,298,,,,1.0,0,low_role
AMHIT-0000357,SUBJ-000051,JOHN SMITH,corruption_bribery,mentioned,64,,,,1.0,0,low_role
AMHIT-0000358,SUBJ-000033,LI WANG,sanctions_evasion,perpetrator,305,DE,1977-03-09,,1.0,1,
AMHIT-0000359,SUBJ-000057,WEI CHEN,corruption_bribery,mentioned,247,,,,1.0,0,low_role
AMHIT-0000360,SUBJ-000064,MOHAMMED ALI,fraud,mentioned,22,,,,1.0,0,low_role
AMHIT-0000361,SUBJ-000117,JOHN SMITH,money_laundering,perpetrator,138,,1959-06-10,,1.0,0,wrong_entity
AMHIT-0000362,SUBJ-000066,SVEN VOLOGLU,negative_general,perpetrator,2913,,,,1.0,0,stale_immaterial
AMHIT-0000363,SUBJ-000089,DMITRI ZARADZE,non_adverse,mentioned,236,,,,1.0,0,not_adverse
AMHIT-0000364,SUBJ-000103,MOHAMMED ALI,non_adverse,mentioned,368,,,,1.0,0,not_adverse
AMHIT-0000365,SUBJ-000019,JOHN SMITH,fraud,perpetrator,496,,,,1.0,0,common_name_ambiguous
AMHIT-0000366,SUBJ-000022,TARIQ KREKOVSKY,sanctions_evasion,perpetrator,183,,1971-09-14,,1.0,0,wrong_entity
AMHIT-0000367,SUBJ-000051,JOHN SMITH,fraud,perpetrator,210,,1990-11-14,,1.0,0,wrong_entity
AMHIT-0000368,SUBJ-000113,MOHAMMED ALI,litigation_civil,perpetrator,3120,,,,1.0,0,stale_immaterial
AMHIT-0000369,SUBJ-000090,LI WANG,non_adverse,mentioned,114,,,,1.0,0,not_adverse
AMHIT-0000370,SUBJ-000103,MOHAMMED ALI,litigation_civil,perpetrator,3382,,,,1.0,0,stale_immaterial
AMHIT-0000371,SUBJ-000063,ANNA MULLER,corruption_bribery,perpetrator,120,,,,1.0,0,common_name_ambiguous
AMHIT-0000372,SUBJ-000110,LI WANG,organized_crime,perpetrator,560,,1990-06-20,,1.0,0,wrong_entity
AMHIT-0000373,SUBJ-000014,MOHAMMED ALI,non_adverse,mentioned,183,,,,1.0,0,not_adverse
AMHIT-0000374,SUBJ-000022,TARIQ KREKOVSKY,non_adverse,mentioned,349,,,,1.0,0,not_adverse
AMHIT-0000375,SUBJ-000078,LI WANG,sanctions_evasion,perpetrator,106,,1993-03-11,,1.0,0,wrong_entity
AMHIT-0000376,SUBJ-000023,RACHEL SEVENKO,non_adverse,mentioned,196,,,,1.0,0,not_adverse
AMHIT-0000377,SUBJ-000053,MARIA GARCIA,non_adverse,mentioned,310,,,,1.0,0,not_adverse
AMHIT-0000378,SUBJ-000023,RACHEL SEVENKO,non_adverse,mentioned,254,,,,1.0,0,not_adverse
AMHIT-0000379,SUBJ-000082,DMITRI MORMANN,litigation_civil,perpetrator,3336,,,,1.0,0,stale_immaterial
AMHIT-0000380,SUBJ-000023,RACHEL SEVENKO,corruption_bribery,perpetrator,481,,1989-01-28,,1.0,0,wrong_entity
AMHIT-0000381,SUBJ-000017,LI WANG,fraud,perpetrator,413,,1985-09-21,,1.0,0,wrong_entity
AMHIT-0000382,SUBJ-000053,MARIA GARCIA,negative_general,perpetrator,3200,,,,1.0,0,stale_immaterial
AMHIT-0000383,SUBJ-000101,DMITRI SEVADZE,fraud,mentioned,26,,,,1.0,0,low_role
AMHIT-0000384,SUBJ-000021,DMITRI MORSSON,non_adverse,mentioned,239,,,,1.0,0,not_adverse
AMHIT-0000385,SUBJ-000063,ANNA MULLER,litigation_civil,perpetrator,3372,,,,1.0,0,stale_immaterial
AMHIT-0000386,SUBJ-000105,MOHAMMED ALI,negative_general,perpetrator,3310,,,,1.0,0,stale_immaterial
AMHIT-0000387,SUBJ-000092,DAVID JONES,organized_crime,perpetrator,579,,1963-07-04,,1.0,0,wrong_entity
AMHIT-0000388,SUBJ-000031,SVEN QOMMANN,corruption_bribery,victim,240,,,,1.0,0,low_role
AMHIT-0000389,SUBJ-000072,MOHAMMED ALI,money_laundering,perpetrator,417,,,,1.0,0,common_name_ambiguous
AMHIT-0000390,SUBJ-000094,RACHEL MORKOVSKY,sanctions_evasion,perpetrator,725,,1972-12-20,,1.0,0,wrong_entity
AMHIT-0000391,SUBJ-000017,LI WANG,fraud,perpetrator,231,,1953-10-12,,1.0,0,wrong_entity
AMHIT-0000392,SUBJ-000021,DMITRI MORSSON,corruption_bribery,mentioned,158,,,,1.0,0,low_role
AMHIT-0000393,SUBJ-000108,WEI CHEN,money_laundering,perpetrator,89,,,,1.0,0,common_name_ambiguous
AMHIT-0000394,SUBJ-000117,JOHN SMITH,litigation_civil,perpetrator,2767,,,,1.0,0,stale_immaterial
AMHIT-0000395,SUBJ-000110,LI WANG,fraud,perpetrator,275,,1959-12-11,,1.0,0,wrong_entity
AMHIT-0000396,SUBJ-000086,OLUWASEUN ZAROGLU,negative_general,perpetrator,3202,,,,1.0,0,stale_immaterial
AMHIT-0000397,SUBJ-000080,WEI CHEN,organized_crime,mentioned,241,,,,1.0,0,low_role
AMHIT-0000398,SUBJ-000098,MOHAMMED ALI,litigation_civil,perpetrator,3025,,,,1.0,0,stale_immaterial
AMHIT-0000399,SUBJ-000119,TARIQ MORADZE,corruption_bribery,perpetrator,485,,1981-06-19,,1.0,0,wrong_entity
AMHIT-0000400,SUBJ-000099,PRIYA BURKOVSKY,regulatory_enforcement,alleged,1133,,,,1.0,1,
AMHIT-0000401,SUBJ-000050,KWAME TASHKOVSKY,litigation_civil,perpetrator,3079,,,,1.0,0,stale_immaterial
AMHIT-0000402,SUBJ-000041,INGRID QOMSTEIN,non_adverse,mentioned,150,,,,1.0,0,not_adverse
AMHIT-0000403,SUBJ-000072,MOHAMMED ALI,organized_crime,mentioned,359,,,,1.0,0,low_role
AMHIT-0000404,SUBJ-000080,WEI CHEN,organized_crime,perpetrator,36,,1957-03-15,,1.0,0,wrong_entity
AMHIT-0000405,SUBJ-000035,MARIA GARCIA,fraud,perpetrator,471,,,,1.0,0,common_name_ambiguous
AMHIT-0000406,SUBJ-000119,TARIQ MORADZE,corruption_bribery,perpetrator,115,,1991-06-09,,1.0,0,wrong_entity
AMHIT-0000407,SUBJ-000083,PRIYA SEVADZE,fraud,victim,212,,,,1.0,0,low_role
AMHIT-0000408,SUBJ-000096,SVEN DRAVENKO,litigation_civil,perpetrator,3079,,,,1.0,0,stale_immaterial
AMHIT-0000409,SUBJ-000000,DMITRI TASHADZE,litigation_civil,perpetrator,3176,,,,1.0,0,stale_immaterial
AMHIT-0000410,SUBJ-000066,SVEN VOLOGLU,organized_crime,victim,14,,,,1.0,0,low_role
AMHIT-0000411,SUBJ-000069,JOSE GONZALEZ,fraud,perpetrator,264,,,,1.0,0,common_name_ambiguous
AMHIT-0000412,SUBJ-000093,INGRID VOLADZE,non_adverse,mentioned,57,,,,1.0,0,not_adverse
AMHIT-0000413,SUBJ-000038,DAVID JONES,non_adverse,mentioned,75,,,,1.0,0,not_adverse
AMHIT-0000414,SUBJ-000025,DAVID JONES,fraud,perpetrator,55,,,,1.0,0,common_name_ambiguous
AMHIT-0000415,SUBJ-000083,PRIYA SEVADZE,fraud,perpetrator,470,,1972-12-07,,1.0,0,wrong_entity
AMHIT-0000416,SUBJ-000052,LI WANG,sanctions_evasion,perpetrator,723,,1978-04-03,,1.0,0,wrong_entity
AMHIT-0000417,SUBJ-000015,PRIYA BURADZE,sanctions_evasion,perpetrator,767,,1974-06-14,,1.0,0,wrong_entity
AMHIT-0000418,SUBJ-000035,MARIA GARCIA,money_laundering,perpetrator,274,,1985-10-20,,1.0,0,wrong_entity
AMHIT-0000419,SUBJ-000088,JOHN SMITH,money_laundering,perpetrator,694,,1969-04-17,,1.0,0,wrong_entity
AMHIT-0000420,SUBJ-000050,KWAME TASHKOVSKY,corruption_bribery,perpetrator,681,,1953-04-16,,1.0,0,wrong_entity
AMHIT-0000421,SUBJ-000081,LI WANG,sanctions_evasion,perpetrator,92,,1983-01-12,,1.0,0,wrong_entity
AMHIT-0000422,SUBJ-000110,LI WANG,sanctions_evasion,perpetrator,450,,1973-09-22,,1.0,0,wrong_entity
AMHIT-0000423,SUBJ-000098,MOHAMMED ALI,non_adverse,mentioned,42,,,,1.0,0,not_adverse
AMHIT-0000424,SUBJ-000008,RACHEL KRESTEIN,fraud,perpetrator,40,IN,,,1.0,1,
AMHIT-0000425,SUBJ-000080,WEI CHEN,corruption_bribery,perpetrator,341,,,,1.0,0,common_name_ambiguous
AMHIT-0000426,SUBJ-000054,WEI CHEN,negative_general,perpetrator,2368,,,,1.0,0,stale_immaterial
AMHIT-0000427,SUBJ-000019,JOHN SMITH,non_adverse,mentioned,147,,,,1.0,0,not_adverse
AMHIT-0000428,SUBJ-000117,JOHN SMITH,fraud,perpetrator,179,,1984-06-13,,1.0,0,wrong_entity
AMHIT-0000429,SUBJ-000083,PRIYA SEVADZE,litigation_civil,perpetrator,2835,,,,1.0,0,stale_immaterial
AMHIT-0000430,SUBJ-000108,WEI CHEN,litigation_civil,perpetrator,2318,,,,1.0,0,stale_immaterial
AMHIT-0000431,SUBJ-000075,MOHAMMED ALI,sanctions_evasion,perpetrator,331,,,,1.0,0,common_name_ambiguous
AMHIT-0000432,SUBJ-000084,PRIYA BURMANN,fraud,victim,16,,,,1.0,0,low_role
AMHIT-0000433,SUBJ-000020,TARIQ SEVADZE,negative_general,perpetrator,2910,,,,1.0,0,stale_immaterial
AMHIT-0000434,SUBJ-000092,DAVID JONES,negative_general,perpetrator,2541,,,,1.0,0,stale_immaterial
AMHIT-0000435,SUBJ-000111,LI WANG,negative_general,perpetrator,3701,,,,1.0,0,stale_immaterial
AMHIT-0000436,SUBJ-000003,PRIYA KREOPOULOS,negative_general,perpetrator,3852,,,,1.0,0,stale_immaterial
AMHIT-0000437,SUBJ-000033,LI WANG,non_adverse,mentioned,369,,,,1.0,0,not_adverse
AMHIT-0000438,SUBJ-000063,ANNA MULLER,organized_crime,mentioned,38,,,,1.0,0,low_role
AMHIT-0000439,SUBJ-000047,JOHN SMITH,fraud,mentioned,62,,,,1.0,0,low_role
AMHIT-0000440,SUBJ-000014,MOHAMMED ALI,fraud,victim,32,,,,1.0,0,low_role
AMHIT-0000441,SUBJ-000005,MARIA GARCIA,organized_crime,perpetrator,392,,1974-03-06,,1.0,0,wrong_entity
AMHIT-0000442,SUBJ-000110,LI WANG,organized_crime,perpetrator,134,,,,1.0,0,common_name_ambiguous
AMHIT-0000443,SUBJ-000092,DAVID JONES,non_adverse,mentioned,168,,,,1.0,0,not_adverse
AMHIT-0000444,SUBJ-000047,JOHN SMITH,money_laundering,perpetrator,534,,1993-01-06,,1.0,0,wrong_entity
AMHIT-0000445,SUBJ-000005,MARIA GARCIA,non_adverse,mentioned,210,,,,1.0,0,not_adverse
AMHIT-0000446,SUBJ-000036,PRIYA ZARENKO,non_adverse,mentioned,164,,,,1.0,0,not_adverse
AMHIT-0000447,SUBJ-000001,RACHEL MORMANN,corruption_bribery,victim,159,,,,1.0,0,low_role
AMHIT-0000448,SUBJ-000079,ANNA MULLER,non_adverse,mentioned,129,,,,1.0,0,not_adverse
AMHIT-0000449,SUBJ-000063,ANNA MULLER,fraud,victim,87,,,,1.0,0,low_role
AMHIT-0000450,SUBJ-000052,LI WANG,sanctions_evasion,perpetrator,197,SG,1995-07-18,,1.0,1,
AMHIT-0000451,SUBJ-000001,RACHEL MORMANN,negative_general,perpetrator,2202,,,,1.0,0,stale_immaterial
AMHIT-0000452,SUBJ-000094,RACHEL MORKOVSKY,non_adverse,mentioned,377,,,,1.0,0,not_adverse
AMHIT-0000453,SUBJ-000030,KWAME KREOPOULOS,organized_crime,perpetrator,523,,1953-03-23,,1.0,0,wrong_entity
AMHIT-0000454,SUBJ-000029,LI WANG,sanctions_evasion,perpetrator,442,,1994-06-15,,1.0,0,wrong_entity
AMHIT-0000455,SUBJ-000012,ANNA MULLER,sanctions_evasion,perpetrator,156,,1990-07-03,,1.0,0,wrong_entity
AMHIT-0000456,SUBJ-000084,PRIYA BURMANN,fraud,perpetrator,262,,1968-05-28,,1.0,0,wrong_entity
AMHIT-0000457,SUBJ-000112,JOHN SMITH,corruption_bribery,perpetrator,182,,,,1.0,0,common_name_ambiguous
AMHIT-0000458,SUBJ-000025,DAVID JONES,fraud,perpetrator,618,,1956-03-04,,1.0,0,wrong_entity
AMHIT-0000459,SUBJ-000052,LI WANG,non_adverse,mentioned,66,,,,1.0,0,not_adverse
AMHIT-0000460,SUBJ-000072,MOHAMMED ALI,corruption_bribery,perpetrator,257,,,,1.0,0,common_name_ambiguous
AMHIT-0000461,SUBJ-000020,TARIQ SEVADZE,corruption_bribery,perpetrator,741,,1994-10-02,,1.0,0,wrong_entity
AMHIT-0000462,SUBJ-000017,LI WANG,fraud,perpetrator,202,,,,1.0,0,common_name_ambiguous
AMHIT-0000463,SUBJ-000038,DAVID JONES,corruption_bribery,perpetrator,198,,1951-07-28,,1.0,0,wrong_entity
AMHIT-0000464,SUBJ-000031,SVEN QOMMANN,litigation_civil,perpetrator,3146,,,,1.0,0,stale_immaterial
AMHIT-0000465,SUBJ-000015,PRIYA BURADZE,litigation_civil,perpetrator,2326,,,,1.0,0,stale_immaterial
AMHIT-0000466,SUBJ-000035,MARIA GARCIA,organized_crime,perpetrator,210,,,,1.0,0,common_name_ambiguous
AMHIT-0000467,SUBJ-000092,DAVID JONES,sanctions_evasion,perpetrator,152,,,,1.0,0,common_name_ambiguous
AMHIT-0000468,SUBJ-000008,RACHEL KRESTEIN,fraud,perpetrator,681,,1978-03-03,,1.0,0,wrong_entity
AMHIT-0000469,SUBJ-000024,JOSE GONZALEZ,money_laundering,perpetrator,256,,,,1.0,0,common_name_ambiguous
AMHIT-0000470,SUBJ-000111,LI WANG,organized_crime,perpetrator,274,,,,1.0,0,common_name_ambiguous
AMHIT-0000471,SUBJ-000087,JOSE GONZALEZ,corruption_bribery,perpetrator,129,AE,1976-05-27,,1.0,1,
AMHIT-0000472,SUBJ-000057,WEI CHEN,fraud,perpetrator,55,,1989-10-20,,1.0,0,wrong_entity
AMHIT-0000473,SUBJ-000052,LI WANG,sanctions_evasion,perpetrator,510,,1953-02-09,,1.0,0,wrong_entity
AMHIT-0000474,SUBJ-000082,DMITRI MORMANN,non_adverse,mentioned,274,,,,1.0,0,not_adverse
AMHIT-0000475,SUBJ-000117,JOHN SMITH,money_laundering,perpetrator,215,,,,1.0,0,common_name_ambiguous
AMHIT-0000476,SUBJ-000069,JOSE GONZALEZ,non_adverse,mentioned,253,,,,1.0,0,not_adverse
AMHIT-0000477,SUBJ-000041,INGRID QOMSTEIN,organized_crime,mentioned,102,,,,1.0,0,low_role
AMHIT-0000478,SUBJ-000076,SVEN DRAVMANN,corruption_bribery,perpetrator,49,SG,,,1.0,1,
AMHIT-0000479,SUBJ-000045,RACHEL VOLADZE,non_adverse,mentioned,397,,,,1.0,0,not_adverse
AMHIT-0000480,SUBJ-000020,TARIQ SEVADZE,money_laundering,perpetrator,273,,1992-04-09,,1.0,0,wrong_entity
AMHIT-0000481,SUBJ-000094,RACHEL MORKOVSKY,litigation_civil,perpetrator,3764,,,,1.0,0,stale_immaterial
AMHIT-0000482,SUBJ-000108,WEI CHEN,organized_crime,perpetrator,383,,1961-03-08,,1.0,0,wrong_entity
AMHIT-0000483,SUBJ-000057,WEI CHEN,sanctions_evasion,perpetrator,34,,,,1.0,0,common_name_ambiguous
AMHIT-0000484,SUBJ-000072,MOHAMMED ALI,non_adverse,mentioned,293,,,,1.0,0,not_adverse
AMHIT-0000485,SUBJ-000079,ANNA MULLER,sanctions_evasion,perpetrator,178,,,,1.0,0,common_name_ambiguous
AMHIT-0000486,SUBJ-000007,SVEN MORADZE,fraud,perpetrator,636,,1964-01-17,,1.0,0,wrong_entity
AMHIT-0000487,SUBJ-000078,LI WANG,non_adverse,mentioned,108,,,,1.0,0,not_adverse
AMHIT-0000488,SUBJ-000022,TARIQ KREKOVSKY,non_adverse,mentioned,170,,,,1.0,0,not_adverse
AMHIT-0000489,SUBJ-000090,LI WANG,fraud,perpetrator,133,,1983-06-03,,1.0,0,wrong_entity
AMHIT-0000490,SUBJ-000092,DAVID JONES,money_laundering,perpetrator,192,,,,1.0,0,common_name_ambiguous
AMHIT-0000491,SUBJ-000020,TARIQ SEVADZE,organized_crime,perpetrator,674,,1981-11-11,,1.0,0,wrong_entity
AMHIT-0000492,SUBJ-000098,MOHAMMED ALI,corruption_bribery,perpetrator,134,,,,1.0,0,common_name_ambiguous
AMHIT-0000493,SUBJ-000053,MARIA GARCIA,corruption_bribery,perpetrator,85,,,,1.0,0,common_name_ambiguous
AMHIT-0000494,SUBJ-000089,DMITRI ZARADZE,sanctions_evasion,perpetrator,420,,1986-01-06,,1.0,0,wrong_entity
AMHIT-0000495,SUBJ-000042,MARIA GARCIA,sanctions_evasion,perpetrator,73,,,,1.0,0,common_name_ambiguous
AMHIT-0000496,SUBJ-000095,ANNA MULLER,money_laundering,perpetrator,263,,1972-06-06,,1.0,0,wrong_entity
AMHIT-0000497,SUBJ-000110,LI WANG,corruption_bribery,perpetrator,248,,,,1.0,0,common_name_ambiguous
AMHIT-0000498,SUBJ-000026,KWAME VOLADZE,money_laundering,perpetrator,199,RU,,,1.0,1,
AMHIT-0000499,SUBJ-000000,DMITRI TASHADZE,money_laundering,perpetrator,415,,1978-12-14,,1.0,0,wrong_entity
AMHIT-0000500,SUBJ-000064,MOHAMMED ALI,corruption_bribery,perpetrator,299,,,,1.0,0,common_name_ambiguous
AMHIT-0000501,SUBJ-000090,LI WANG,fraud,perpetrator,103,,,,1.0,0,common_name_ambiguous
AMHIT-0000502,SUBJ-000004,PRIYA BUROGLU,negative_general,perpetrator,2241,,,,1.0,0,stale_immaterial
AMHIT-0000503,SUBJ-000055,JOHN SMITH,fraud,perpetrator,474,,,,1.0,0,common_name_ambiguous
AMHIT-0000504,SUBJ-000070,KWAME KREOPOULOS,litigation_civil,perpetrator,2892,,,,1.0,0,stale_immaterial
AMHIT-0000505,SUBJ-000061,TARIQ BURMANN,money_laundering,mentioned,344,,,,1.0,0,low_role
AMHIT-0000506,SUBJ-000012,ANNA MULLER,money_laundering,perpetrator,189,,,,1.0,0,common_name_ambiguous
AMHIT-0000507,SUBJ-000089,DMITRI ZARADZE,sanctions_evasion,perpetrator,759,,1984-05-22,,1.0,0,wrong_entity
AMHIT-0000508,SUBJ-000006,KWAME SEVSTEIN,organized_crime,perpetrator,605,,1985-08-05,,1.0,0,wrong_entity
AMHIT-0000509,SUBJ-000011,MOHAMMED ALI,corruption_bribery,perpetrator,697,,1990-10-16,,1.0,0,wrong_entity
AMHIT-0000510,SUBJ-000021,DMITRI MORSSON,corruption_bribery,perpetrator,103,,1980-02-10,,1.0,0,wrong_entity
AMHIT-0000511,SUBJ-000114,INGRID SEVMANN,non_adverse,mentioned,343,,,,1.0,0,not_adverse
AMHIT-0000512,SUBJ-000049,MOHAMMED ALI,fraud,mentioned,205,,,,1.0,0,low_role
AMHIT-0000513,SUBJ-000033,LI WANG,non_adverse,mentioned,230,,,,1.0,0,not_adverse
AMHIT-0000514,SUBJ-000034,RACHEL DRAVSTEIN,sanctions_evasion,perpetrator,83,,1959-12-22,,1.0,0,wrong_entity
AMHIT-0000515,SUBJ-000103,MOHAMMED ALI,sanctions_evasion,mentioned,397,,,,1.0,0,low_role
AMHIT-0000516,SUBJ-000107,TARIQ VOLADZE,organized_crime,mentioned,284,,,,1.0,0,low_role
AMHIT-0000517,SUBJ-000047,JOHN SMITH,organized_crime,perpetrator,173,,,,1.0,0,common_name_ambiguous
AMHIT-0000518,SUBJ-000011,MOHAMMED ALI,sanctions_evasion,perpetrator,312,,,,1.0,0,common_name_ambiguous
AMHIT-0000519,SUBJ-000098,MOHAMMED ALI,fraud,perpetrator,81,,,,1.0,0,common_name_ambiguous
AMHIT-0000520,SUBJ-000021,DMITRI MORSSON,non_adverse,mentioned,113,,,,1.0,0,not_adverse
AMHIT-0000521,SUBJ-000054,WEI CHEN,money_laundering,perpetrator,719,,1977-04-27,,1.0,0,wrong_entity
AMHIT-0000522,SUBJ-000054,WEI CHEN,money_laundering,perpetrator,64,,,,1.0,0,common_name_ambiguous
AMHIT-0000523,SUBJ-000041,INGRID QOMSTEIN,non_adverse,mentioned,146,,,,1.0,0,not_adverse
AMHIT-0000524,SUBJ-000117,JOHN SMITH,sanctions_evasion,perpetrator,320,,,,1.0,0,common_name_ambiguous
AMHIT-0000525,SUBJ-000053,MARIA GARCIA,non_adverse,mentioned,81,,,,1.0,0,not_adverse
AMHIT-0000526,SUBJ-000097,TARIQ MOROPOULOS,money_laundering,victim,298,,,,1.0,0,low_role
AMHIT-0000527,SUBJ-000111,LI WANG,negative_general,perpetrator,3997,,,,1.0,0,stale_immaterial
AMHIT-0000528,SUBJ-000062,TARIQ NOROGLU,non_adverse,mentioned,297,,,,1.0,0,not_adverse
AMHIT-0000529,SUBJ-000035,MARIA GARCIA,organized_crime,perpetrator,167,,1989-10-22,,1.0,0,wrong_entity
AMHIT-0000530,SUBJ-000113,MOHAMMED ALI,corruption_bribery,perpetrator,727,,1965-01-24,,1.0,0,wrong_entity
AMHIT-0000531,SUBJ-000047,JOHN SMITH,money_laundering,perpetrator,365,,1969-05-09,,1.0,0,wrong_entity
AMHIT-0000532,SUBJ-000019,JOHN SMITH,fraud,perpetrator,88,,,,1.0,0,common_name_ambiguous
AMHIT-0000533,SUBJ-000099,PRIYA BURKOVSKY,negative_general,perpetrator,2751,,,,1.0,0,stale_immaterial
AMHIT-0000534,SUBJ-000011,MOHAMMED ALI,fraud,mentioned,118,,,,1.0,0,low_role
AMHIT-0000535,SUBJ-000062,TARIQ NOROGLU,non_adverse,mentioned,393,,,,1.0,0,not_adverse
AMHIT-0000536,SUBJ-000007,SVEN MORADZE,non_adverse,mentioned,268,,,,1.0,0,not_adverse
AMHIT-0000537,SUBJ-000090,LI WANG,sanctions_evasion,perpetrator,433,,1958-09-19,,1.0,0,wrong_entity
AMHIT-0000538,SUBJ-000024,JOSE GONZALEZ,regulatory_enforcement,perpetrator,910,,,,1.0,1,
AMHIT-0000539,SUBJ-000006,KWAME SEVSTEIN,fraud,perpetrator,961,,,,1.0,1,
AMHIT-0000540,SUBJ-000050,KWAME TASHKOVSKY,non_adverse,mentioned,330,,,,1.0,0,not_adverse
AMHIT-0000541,SUBJ-000030,KWAME KREOPOULOS,negative_general,perpetrator,3201,,,,1.0,0,stale_immaterial
AMHIT-0000542,SUBJ-000111,LI WANG,organized_crime,perpetrator,620,,1985-06-12,,1.0,0,wrong_entity
AMHIT-0000543,SUBJ-000109,WEI CHEN,money_laundering,perpetrator,165,,,,1.0,0,common_name_ambiguous
AMHIT-0000544,SUBJ-000006,KWAME SEVSTEIN,sanctions_evasion,perpetrator,129,IN,,,1.0,1,
AMHIT-0000545,SUBJ-000086,OLUWASEUN ZAROGLU,fraud,mentioned,343,,,,1.0,0,low_role
AMHIT-0000546,SUBJ-000099,PRIYA BURKOVSKY,money_laundering,perpetrator,505,,1958-11-06,,1.0,0,wrong_entity
AMHIT-0000547,SUBJ-000032,RACHEL ZARMANN,sanctions_evasion,perpetrator,332,,1995-12-21,,1.0,0,wrong_entity
AMHIT-0000548,SUBJ-000057,WEI CHEN,organized_crime,perpetrator,149,,,,1.0,0,common_name_ambiguous
AMHIT-0000549,SUBJ-000066,SVEN VOLOGLU,non_adverse,mentioned,324,,,,1.0,0,not_adverse
AMHIT-0000550,SUBJ-000065,MOHAMMED ALI,corruption_bribery,perpetrator,594,,1991-10-20,,1.0,0,wrong_entity
AMHIT-0000551,SUBJ-000061,TARIQ BURMANN,litigation_civil,perpetrator,2888,,,,1.0,0,stale_immaterial
AMHIT-0000552,SUBJ-000110,LI WANG,corruption_bribery,mentioned,345,,,,1.0,0,low_role
AMHIT-0000553,SUBJ-000035,MARIA GARCIA,fraud,perpetrator,284,,,,1.0,0,common_name_ambiguous
AMHIT-0000554,SUBJ-000095,ANNA MULLER,organized_crime,perpetrator,358,,,,1.0,0,common_name_ambiguous
AMHIT-0000555,SUBJ-000003,PRIYA KREOPOULOS,organized_crime,perpetrator,322,,1966-07-13,,1.0,0,wrong_entity
AMHIT-0000556,SUBJ-000090,LI WANG,sanctions_evasion,perpetrator,214,,1971-12-23,,1.0,0,wrong_entity
AMHIT-0000557,SUBJ-000100,DAVID JONES,non_adverse,mentioned,248,,,,1.0,0,not_adverse
AMHIT-0000558,SUBJ-000064,MOHAMMED ALI,corruption_bribery,victim,346,,,,1.0,0,low_role
AMHIT-0000559,SUBJ-000012,ANNA MULLER,organized_crime,perpetrator,151,,1966-12-26,,1.0,0,wrong_entity
AMHIT-0000560,SUBJ-000055,JOHN SMITH,money_laundering,perpetrator,133,,,,1.0,0,common_name_ambiguous
AMHIT-0000561,SUBJ-000039,SVEN ZARKOVSKY,negative_general,perpetrator,3814,,,,1.0,0,stale_immaterial
AMHIT-0000562,SUBJ-000074,RACHEL QOMADZE,non_adverse,mentioned,155,,,,1.0,0,not_adverse
AMHIT-0000563,SUBJ-000006,KWAME SEVSTEIN,sanctions_evasion,perpetrator,614,,1989-02-16,,1.0,0,wrong_entity
AMHIT-0000564,SUBJ-000111,LI WANG,non_adverse,mentioned,353,,,,1.0,0,not_adverse
AMHIT-0000565,SUBJ-000006,KWAME SEVSTEIN,fraud,perpetrator,160,,1962-06-14,,1.0,0,wrong_entity
AMHIT-0000566,SUBJ-000028,MARIA GARCIA,corruption_bribery,perpetrator,461,,,,1.0,0,common_name_ambiguous
AMHIT-0000567,SUBJ-000062,TARIQ NOROGLU,negative_general,perpetrator,3492,,,,1.0,0,stale_immaterial
AMHIT-0000568,SUBJ-000007,SVEN MORADZE,non_adverse,mentioned,7,,,,1.0,0,not_adverse
AMHIT-0000569,SUBJ-000099,PRIYA BURKOVSKY,fraud,perpetrator,610,,1960-08-26,,1.0,0,wrong_entity
AMHIT-0000570,SUBJ-000078,LI WANG,organized_crime,perpetrator,668,,1977-07-14,,1.0,0,wrong_entity
AMHIT-0000571,SUBJ-000004,PRIYA BUROGLU,non_adverse,mentioned,278,,,,1.0,0,not_adverse
AMHIT-0000572,SUBJ-000001,RACHEL MORMANN,non_adverse,mentioned,169,,,,1.0,0,not_adverse
AMHIT-0000573,SUBJ-000002,JOHN SMITH,non_adverse,mentioned,351,,,,1.0,0,not_adverse
AMHIT-0000574,SUBJ-000093,INGRID VOLADZE,corruption_bribery,perpetrator,179,GB,,,1.0,1,
AMHIT-0000575,SUBJ-000075,MOHAMMED ALI,non_adverse,mentioned,161,,,,1.0,0,not_adverse
AMHIT-0000576,SUBJ-000052,LI WANG,organized_crime,perpetrator,392,,,,1.0,0,common_name_ambiguous
AMHIT-0000577,SUBJ-000055,JOHN SMITH,non_adverse,mentioned,356,,,,1.0,0,not_adverse
AMHIT-0000578,SUBJ-000115,PRIYA TASHKOVSKY,non_adverse,mentioned,255,,,,1.0,0,not_adverse
AMHIT-0000579,SUBJ-000116,MARIA GARCIA,organized_crime,perpetrator,39,,1964-04-24,,1.0,0,wrong_entity
AMHIT-0000580,SUBJ-000002,JOHN SMITH,sanctions_evasion,perpetrator,536,,1960-02-12,,1.0,0,wrong_entity
AMHIT-0000581,SUBJ-000048,OLUWASEUN TASHSTEIN,negative_general,perpetrator,3779,,,,1.0,0,stale_immaterial
AMHIT-0000582,SUBJ-000006,KWAME SEVSTEIN,money_laundering,perpetrator,689,,1951-01-23,,1.0,0,wrong_entity
AMHIT-0000583,SUBJ-000015,PRIYA BURADZE,non_adverse,mentioned,285,,,,1.0,0,not_adverse
AMHIT-0000584,SUBJ-000026,KWAME VOLADZE,litigation_civil,perpetrator,2816,,,,1.0,0,stale_immaterial
AMHIT-0000585,SUBJ-000066,SVEN VOLOGLU,corruption_bribery,perpetrator,657,,1988-12-05,,1.0,0,wrong_entity
AMHIT-0000586,SUBJ-000111,LI WANG,sanctions_evasion,perpetrator,80,,,,1.0,0,common_name_ambiguous
AMHIT-0000587,SUBJ-000063,ANNA MULLER,litigation_civil,perpetrator,3447,,,,1.0,0,stale_immaterial
AMHIT-0000588,SUBJ-000066,SVEN VOLOGLU,fraud,perpetrator,386,,1995-07-10,,1.0,0,wrong_entity
AMHIT-0000589,SUBJ-000116,MARIA GARCIA,non_adverse,mentioned,111,,,,1.0,0,not_adverse
AMHIT-0000590,SUBJ-000030,KWAME KREOPOULOS,non_adverse,mentioned,6,,,,1.0,0,not_adverse
AMHIT-0000591,SUBJ-000011,MOHAMMED ALI,fraud,alleged,705,,,,1.0,1,
AMHIT-0000592,SUBJ-000009,OLUWASEUN BURSSON,litigation_civil,perpetrator,2724,,,,1.0,0,stale_immaterial
AMHIT-0000593,SUBJ-000037,KWAME TASHMANN,non_adverse,mentioned,140,,,,1.0,0,not_adverse
AMHIT-0000594,SUBJ-000022,TARIQ KREKOVSKY,money_laundering,perpetrator,317,,1973-11-11,,1.0,0,wrong_entity
AMHIT-0000595,SUBJ-000108,WEI CHEN,money_laundering,perpetrator,29,,1958-11-21,,1.0,0,wrong_entity
AMHIT-0000596,SUBJ-000056,SVEN SEVMANN,non_adverse,mentioned,323,,,,1.0,0,not_adverse
AMHIT-0000597,SUBJ-000047,JOHN SMITH,negative_general,perpetrator,2574,,,,1.0,0,stale_immaterial
AMHIT-0000598,SUBJ-000058,PRIYA KREOGLU,non_adverse,mentioned,144,,,,1.0,0,not_adverse
AMHIT-0000599,SUBJ-000061,TARIQ BURMANN,negative_general,perpetrator,3528,,,,1.0,0,stale_immaterial
AMHIT-0000600,SUBJ-000016,RACHEL NORENKO,money_laundering,perpetrator,183,,1956-07-19,,1.0,0,wrong_entity
AMHIT-0000601,SUBJ-000056,SVEN SEVMANN,fraud,mentioned,193,,,,1.0,0,low_role
AMHIT-0000602,SUBJ-000111,LI WANG,fraud,perpetrator,267,,,,1.0,0,common_name_ambiguous
AMHIT-0000603,SUBJ-000052,LI WANG,organized_crime,perpetrator,67,,1954-05-21,,1.0,0,wrong_entity
AMHIT-0000604,SUBJ-000086,OLUWASEUN ZAROGLU,litigation_civil,perpetrator,3571,,,,1.0,0,stale_immaterial
AMHIT-0000605,SUBJ-000088,JOHN SMITH,non_adverse,mentioned,363,,,,1.0,0,not_adverse
AMHIT-0000606,SUBJ-000093,INGRID VOLADZE,non_adverse,mentioned,132,,,,1.0,0,not_adverse
AMHIT-0000607,SUBJ-000082,DMITRI MORMANN,organized_crime,victim,295,,,,1.0,0,low_role
AMHIT-0000608,SUBJ-000001,RACHEL MORMANN,fraud,mentioned,263,,,,1.0,0,low_role
AMHIT-0000609,SUBJ-000062,TARIQ NOROGLU,corruption_bribery,perpetrator,266,,1971-05-02,,1.0,0,wrong_entity
AMHIT-0000610,SUBJ-000048,OLUWASEUN TASHSTEIN,organized_crime,victim,50,,,,1.0,0,low_role
AMHIT-0000611,SUBJ-000017,LI WANG,organized_crime,perpetrator,248,,,,1.0,0,common_name_ambiguous
AMHIT-0000612,SUBJ-000103,MOHAMMED ALI,money_laundering,perpetrator,72,,,,1.0,0,common_name_ambiguous
AMHIT-0000613,SUBJ-000070,KWAME KREOPOULOS,money_laundering,perpetrator,113,,1988-10-21,,1.0,0,wrong_entity
AMHIT-0000614,SUBJ-000026,KWAME VOLADZE,non_adverse,mentioned,340,,,,1.0,0,not_adverse
AMHIT-0000615,SUBJ-000012,ANNA MULLER,fraud,perpetrator,452,,,,1.0,0,common_name_ambiguous
AMHIT-0000616,SUBJ-000079,ANNA MULLER,sanctions_evasion,mentioned,376,,,,1.0,0,low_role
AMHIT-0000617,SUBJ-000014,MOHAMMED ALI,litigation_civil,perpetrator,3755,,,,1.0,0,stale_immaterial
AMHIT-0000618,SUBJ-000045,RACHEL VOLADZE,corruption_bribery,perpetrator,580,,1983-06-23,,1.0,0,wrong_entity
AMHIT-0000619,SUBJ-000025,DAVID JONES,organized_crime,perpetrator,74,,,,1.0,0,common_name_ambiguous
AMHIT-0000620,SUBJ-000015,PRIYA BURADZE,organized_crime,perpetrator,240,,1979-04-23,,1.0,0,wrong_entity
AMHIT-0000621,SUBJ-000005,MARIA GARCIA,litigation_civil,perpetrator,3781,,,,1.0,0,stale_immaterial
AMHIT-0000622,SUBJ-000075,MOHAMMED ALI,non_adverse,mentioned,263,,,,1.0,0,not_adverse
AMHIT-0000623,SUBJ-000067,DAVID JONES,non_adverse,mentioned,381,,,,1.0,0,not_adverse
AMHIT-0000624,SUBJ-000119,TARIQ MORADZE,sanctions_evasion,perpetrator,267,IN,,,1.0,1,
AMHIT-0000625,SUBJ-000116,MARIA GARCIA,litigation_civil,perpetrator,3616,,,,1.0,0,stale_immaterial
AMHIT-0000626,SUBJ-000016,RACHEL NORENKO,litigation_civil,perpetrator,2993,,,,1.0,0,stale_immaterial
AMHIT-0000627,SUBJ-000041,INGRID QOMSTEIN,sanctions_evasion,mentioned,224,,,,1.0,0,low_role
AMHIT-0000628,SUBJ-000047,JOHN SMITH,corruption_bribery,perpetrator,223,,,,1.0,0,common_name_ambiguous
AMHIT-0000629,SUBJ-000025,DAVID JONES,fraud,perpetrator,231,,,,1.0,0,common_name_ambiguous
AMHIT-0000630,SUBJ-000053,MARIA GARCIA,sanctions_evasion,perpetrator,460,,,,1.0,0,common_name_ambiguous
AMHIT-0000631,SUBJ-000070,KWAME KREOPOULOS,litigation_civil,perpetrator,2611,,,,1.0,0,stale_immaterial
AMHIT-0000632,SUBJ-000087,JOSE GONZALEZ,negative_general,perpetrator,3577,,,,1.0,0,stale_immaterial
AMHIT-0000633,SUBJ-000022,TARIQ KREKOVSKY,negative_general,perpetrator,3654,,,,1.0,0,stale_immaterial
AMHIT-0000634,SUBJ-000061,TARIQ BURMANN,non_adverse,mentioned,303,,,,1.0,0,not_adverse
AMHIT-0000635,SUBJ-000053,MARIA GARCIA,sanctions_evasion,mentioned,226,,,,1.0,0,low_role
AMHIT-0000636,SUBJ-000003,PRIYA KREOPOULOS,non_adverse,mentioned,200,,,,1.0,0,not_adverse
AMHIT-0000637,SUBJ-000025,DAVID JONES,corruption_bribery,victim,156,,,,1.0,0,low_role
AMHIT-0000638,SUBJ-000007,SVEN MORADZE,corruption_bribery,perpetrator,228,,1984-01-12,,1.0,0,wrong_entity
AMHIT-0000639,SUBJ-000111,LI WANG,sanctions_evasion,perpetrator,249,,1991-09-13,,1.0,0,wrong_entity
AMHIT-0000640,SUBJ-000102,INGRID DRAVOPOULOS,negative_general,perpetrator,3619,,,,1.0,0,stale_immaterial
AMHIT-0000641,SUBJ-000067,DAVID JONES,corruption_bribery,perpetrator,302,,,,1.0,0,common_name_ambiguous
AMHIT-0000642,SUBJ-000025,DAVID JONES,negative_general,perpetrator,3899,,,,1.0,0,stale_immaterial
AMHIT-0000643,SUBJ-000090,LI WANG,corruption_bribery,victim,381,,,,1.0,0,low_role
AMHIT-0000644,SUBJ-000022,TARIQ KREKOVSKY,money_laundering,perpetrator,211,,1961-12-17,,1.0,0,wrong_entity
AMHIT-0000645,SUBJ-000035,MARIA GARCIA,sanctions_evasion,perpetrator,290,,1958-03-19,,1.0,0,wrong_entity
AMHIT-0000646,SUBJ-000059,KWAME KREADZE,fraud,perpetrator,60,,1959-06-20,,1.0,0,wrong_entity
AMHIT-0000647,SUBJ-000105,MOHAMMED ALI,corruption_bribery,perpetrator,271,,,,1.0,0,common_name_ambiguous
AMHIT-0000648,SUBJ-000009,OLUWASEUN BURSSON,corruption_bribery,victim,104,,,,1.0,0,low_role
AMHIT-0000649,SUBJ-000020,TARIQ SEVADZE,negative_general,perpetrator,3312,,,,1.0,0,stale_immaterial
AMHIT-0000650,SUBJ-000028,MARIA GARCIA,fraud,perpetrator,699,,1971-06-12,,1.0,0,wrong_entity
AMHIT-0000651,SUBJ-000081,LI WANG,organized_crime,perpetrator,307,,,,1.0,0,common_name_ambiguous
AMHIT-0000652,SUBJ-000024,JOSE GONZALEZ,corruption_bribery,perpetrator,248,,,,1.0,0,common_name_ambiguous
AMHIT-0000653,SUBJ-000117,JOHN SMITH,sanctions_evasion,victim,30,,,,1.0,0,low_role
AMHIT-0000654,SUBJ-000117,JOHN SMITH,non_adverse,mentioned,63,,,,1.0,0,not_adverse
AMHIT-0000655,SUBJ-000036,PRIYA ZARENKO,non_adverse,mentioned,17,,,,1.0,0,not_adverse
AMHIT-0000656,SUBJ-000080,WEI CHEN,sanctions_evasion,perpetrator,248,,,,1.0,0,common_name_ambiguous
AMHIT-0000657,SUBJ-000083,PRIYA SEVADZE,fraud,perpetrator,348,,1982-02-04,,1.0,0,wrong_entity
AMHIT-0000658,SUBJ-000087,JOSE GONZALEZ,money_laundering,perpetrator,340,,,,1.0,0,common_name_ambiguous
AMHIT-0000659,SUBJ-000099,PRIYA BURKOVSKY,fraud,mentioned,63,,,,1.0,0,low_role
AMHIT-0000660,SUBJ-000112,JOHN SMITH,organized_crime,perpetrator,351,,,,1.0,0,common_name_ambiguous
AMHIT-0000661,SUBJ-000087,JOSE GONZALEZ,fraud,perpetrator,44,,1979-12-11,,1.0,0,wrong_entity
AMHIT-0000662,SUBJ-000009,OLUWASEUN BURSSON,corruption_bribery,perpetrator,305,RU,,,1.0,1,
AMHIT-0000663,SUBJ-000049,MOHAMMED ALI,organized_crime,perpetrator,218,,,,1.0,0,common_name_ambiguous
AMHIT-0000664,SUBJ-000040,DMITRI SEVSTEIN,non_adverse,mentioned,13,,,,1.0,0,not_adverse
AMHIT-0000665,SUBJ-000000,DMITRI TASHADZE,sanctions_evasion,perpetrator,84,,1987-01-23,,1.0,0,wrong_entity
AMHIT-0000666,SUBJ-000064,MOHAMMED ALI,non_adverse,mentioned,59,,,,1.0,0,not_adverse
AMHIT-0000667,SUBJ-000077,KWAME TASHADZE,litigation_civil,perpetrator,2776,,,,1.0,0,stale_immaterial
AMHIT-0000668,SUBJ-000050,KWAME TASHKOVSKY,non_adverse,mentioned,343,,,,1.0,0,not_adverse
AMHIT-0000669,SUBJ-000020,TARIQ SEVADZE,fraud,perpetrator,220,DE,,,1.0,1,
AMHIT-0000670,SUBJ-000100,DAVID JONES,fraud,perpetrator,172,,,,1.0,0,common_name_ambiguous
AMHIT-0000671,SUBJ-000111,LI WANG,corruption_bribery,perpetrator,25,,,,1.0,0,common_name_ambiguous
AMHIT-0000672,SUBJ-000015,PRIYA BURADZE,money_laundering,victim,303,,,,1.0,0,low_role
AMHIT-0000673,SUBJ-000010,RACHEL MORENKO,non_adverse,mentioned,161,,,,1.0,0,not_adverse
AMHIT-0000674,SUBJ-000092,DAVID JONES,negative_general,perpetrator,2633,,,,1.0,0,stale_immaterial
AMHIT-0000675,SUBJ-000065,MOHAMMED ALI,fraud,victim,104,,,,1.0,0,low_role
AMHIT-0000676,SUBJ-000024,JOSE GONZALEZ,fraud,perpetrator,363,,,,1.0,0,common_name_ambiguous
AMHIT-0000677,SUBJ-000113,MOHAMMED ALI,sanctions_evasion,perpetrator,256,,,,1.0,0,common_name_ambiguous
AMHIT-0000678,SUBJ-000085,PRIYA MORKOVSKY,money_laundering,perpetrator,276,,1956-04-24,,1.0,0,wrong_entity
AMHIT-0000679,SUBJ-000025,DAVID JONES,fraud,perpetrator,71,,,,1.0,0,common_name_ambiguous
AMHIT-0000680,SUBJ-000024,JOSE GONZALEZ,corruption_bribery,perpetrator,517,,1978-06-20,,1.0,0,wrong_entity
AMHIT-0000681,SUBJ-000019,JOHN SMITH,negative_general,perpetrator,3854,,,,1.0,0,stale_immaterial
AMHIT-0000682,SUBJ-000000,DMITRI TASHADZE,non_adverse,mentioned,165,,,,1.0,0,not_adverse
AMHIT-0000683,SUBJ-000094,RACHEL MORKOVSKY,organized_crime,perpetrator,303,,1973-03-22,,1.0,0,wrong_entity
AMHIT-0000684,SUBJ-000072,MOHAMMED ALI,corruption_bribery,perpetrator,416,,,,1.0,0,common_name_ambiguous
AMHIT-0000685,SUBJ-000022,TARIQ KREKOVSKY,sanctions_evasion,victim,153,,,,1.0,0,low_role
AMHIT-0000686,SUBJ-000068,PRIYA NOROGLU,fraud,perpetrator,289,,1990-02-24,,1.0,0,wrong_entity
AMHIT-0000687,SUBJ-000064,MOHAMMED ALI,money_laundering,perpetrator,615,,1987-07-25,,1.0,0,wrong_entity
AMHIT-0000688,SUBJ-000049,MOHAMMED ALI,sanctions_evasion,perpetrator,477,,,,1.0,0,common_name_ambiguous
AMHIT-0000689,SUBJ-000099,PRIYA BURKOVSKY,non_adverse,mentioned,81,,,,1.0,0,not_adverse
AMHIT-0000690,SUBJ-000098,MOHAMMED ALI,sanctions_evasion,perpetrator,770,,1968-03-15,,1.0,0,wrong_entity
AMHIT-0000691,SUBJ-000046,INGRID BUROGLU,sanctions_evasion,perpetrator,30,,1992-04-28,,1.0,0,wrong_entity
AMHIT-0000692,SUBJ-000029,LI WANG,sanctions_evasion,perpetrator,91,,,,1.0,0,common_name_ambiguous
AMHIT-0000693,SUBJ-000072,MOHAMMED ALI,fraud,perpetrator,773,,1980-06-02,,1.0,0,wrong_entity
AMHIT-0000694,SUBJ-000008,RACHEL KRESTEIN,non_adverse,mentioned,140,,,,1.0,0,not_adverse
AMHIT-0000695,SUBJ-000026,KWAME VOLADZE,sanctions_evasion,perpetrator,389,,1974-08-15,,1.0,0,wrong_entity
AMHIT-0000696,SUBJ-000083,PRIYA SEVADZE,corruption_bribery,perpetrator,125,,1995-09-21,,1.0,0,wrong_entity
AMHIT-0000697,SUBJ-000092,DAVID JONES,sanctions_evasion,perpetrator,311,,,,1.0,0,common_name_ambiguous
AMHIT-0000698,SUBJ-000046,INGRID BUROGLU,sanctions_evasion,victim,274,,,,1.0,0,low_role
AMHIT-0000699,SUBJ-000081,LI WANG,organized_crime,perpetrator,200,,,,1.0,0,common_name_ambiguous
AMHIT-0000700,SUBJ-000101,DMITRI SEVADZE,non_adverse,mentioned,251,,,,1.0,0,not_adverse
AMHIT-0000701,SUBJ-000112,JOHN SMITH,fraud,perpetrator,470,,1960-04-03,,1.0,0,wrong_entity
AMHIT-0000702,SUBJ-000019,JOHN SMITH,fraud,perpetrator,181,,1973-10-23,,1.0,0,wrong_entity
AMHIT-0000703,SUBJ-000053,MARIA GARCIA,corruption_bribery,victim,256,,,,1.0,0,low_role
AMHIT-0000704,SUBJ-000075,MOHAMMED ALI,non_adverse,mentioned,87,,,,1.0,0,not_adverse
AMHIT-0000705,SUBJ-000031,SVEN QOMMANN,non_adverse,mentioned,27,,,,1.0,0,not_adverse
AMHIT-0000706,SUBJ-000017,LI WANG,sanctions_evasion,victim,303,,,,1.0,0,low_role
AMHIT-0000707,SUBJ-000118,DMITRI KREOGLU,fraud,perpetrator,549,,1975-10-19,,1.0,0,wrong_entity
AMHIT-0000708,SUBJ-000105,MOHAMMED ALI,corruption_bribery,perpetrator,63,,,,1.0,0,common_name_ambiguous
AMHIT-0000709,SUBJ-000060,INGRID KREKOVSKY,organized_crime,victim,122,,,,1.0,0,low_role
AMHIT-0000710,SUBJ-000101,DMITRI SEVADZE,sanctions_evasion,victim,329,,,,1.0,0,low_role
AMHIT-0000711,SUBJ-000092,DAVID JONES,corruption_bribery,perpetrator,484,,1988-10-03,,1.0,0,wrong_entity
AMHIT-0000712,SUBJ-000013,SVEN KREOPOULOS,non_adverse,mentioned,13,,,,1.0,0,not_adverse
AMHIT-0000713,SUBJ-000108,WEI CHEN,organized_crime,perpetrator,443,,,,1.0,0,common_name_ambiguous
AMHIT-0000714,SUBJ-000060,INGRID KREKOVSKY,sanctions_evasion,perpetrator,634,,1952-09-17,,1.0,0,wrong_entity
AMHIT-0000715,SUBJ-000084,PRIYA BURMANN,fraud,perpetrator,637,,1984-01-25,,1.0,0,wrong_entity
AMHIT-0000716,SUBJ-000053,MARIA GARCIA,non_adverse,mentioned,194,,,,1.0,0,not_adverse
AMHIT-0000717,SUBJ-000054,WEI CHEN,litigation_civil,perpetrator,3843,,,,1.0,0,stale_immaterial
AMHIT-0000718,SUBJ-000044,TARIQ DRAVSSON,litigation_civil,perpetrator,3071,,,,1.0,0,stale_immaterial
AMHIT-0000719,SUBJ-000029,LI WANG,non_adverse,mentioned,47,,,,1.0,0,not_adverse
AMHIT-0000720,SUBJ-000049,MOHAMMED ALI,fraud,perpetrator,22,,,,1.0,0,common_name_ambiguous
AMHIT-0000721,SUBJ-000073,INGRID QOMOPOULOS,litigation_civil,perpetrator,3264,,,,1.0,0,stale_immaterial
AMHIT-0000722,SUBJ-000083,PRIYA SEVADZE,corruption_bribery,perpetrator,229,BR,,,1.0,1,
AMHIT-0000723,SUBJ-000083,PRIYA SEVADZE,sanctions_evasion,perpetrator,279,,1966-09-14,,1.0,0,wrong_entity
AMHIT-0000724,SUBJ-000087,JOSE GONZALEZ,organized_crime,victim,221,,,,1.0,0,low_role
AMHIT-0000725,SUBJ-000022,TARIQ KREKOVSKY,corruption_bribery,mentioned,139,,,,1.0,0,low_role
AMHIT-0000726,SUBJ-000099,PRIYA BURKOVSKY,organized_crime,victim,347,,,,1.0,0,low_role
AMHIT-0000727,SUBJ-000100,DAVID JONES,fraud,perpetrator,122,,1963-09-13,,1.0,0,wrong_entity
AMHIT-0000728,SUBJ-000109,WEI CHEN,money_laundering,perpetrator,102,,,,1.0,0,common_name_ambiguous
AMHIT-0000729,SUBJ-000102,INGRID DRAVOPOULOS,money_laundering,victim,251,,,,1.0,0,low_role
AMHIT-0000730,SUBJ-000008,RACHEL KRESTEIN,non_adverse,mentioned,139,,,,1.0,0,not_adverse
AMHIT-0000731,SUBJ-000004,PRIYA BUROGLU,organized_crime,perpetrator,430,,1989-11-17,,1.0,0,wrong_entity
AMHIT-0000732,SUBJ-000116,MARIA GARCIA,fraud,perpetrator,347,,,,1.0,0,common_name_ambiguous
AMHIT-0000733,SUBJ-000108,WEI CHEN,sanctions_evasion,perpetrator,312,,1962-01-26,,1.0,0,wrong_entity
AMHIT-0000734,SUBJ-000029,LI WANG,non_adverse,mentioned,319,,,,1.0,0,not_adverse
AMHIT-0000735,SUBJ-000030,KWAME KREOPOULOS,money_laundering,perpetrator,181,,1955-05-25,,1.0,0,wrong_entity
AMHIT-0000736,SUBJ-000051,JOHN SMITH,sanctions_evasion,victim,275,,,,1.0,0,low_role
AMHIT-0000737,SUBJ-000090,LI WANG,money_laundering,perpetrator,301,GB,1986-04-15,,1.0,1,
AMHIT-0000738,SUBJ-000092,DAVID JONES,corruption_bribery,perpetrator,197,,,,1.0,0,common_name_ambiguous
AMHIT-0000739,SUBJ-000077,KWAME TASHADZE,fraud,perpetrator,485,,1975-10-01,,1.0,0,wrong_entity
AMHIT-0000740,SUBJ-000013,SVEN KREOPOULOS,non_adverse,mentioned,291,,,,1.0,0,not_adverse
AMHIT-0000741,SUBJ-000014,MOHAMMED ALI,sanctions_evasion,perpetrator,283,,1984-10-09,,1.0,0,wrong_entity
AMHIT-0000742,SUBJ-000078,LI WANG,fraud,perpetrator,407,,,,1.0,0,common_name_ambiguous
AMHIT-0000743,SUBJ-000087,JOSE GONZALEZ,negative_general,perpetrator,3401,,,,1.0,0,stale_immaterial
AMHIT-0000744,SUBJ-000033,LI WANG,non_adverse,mentioned,39,,,,1.0,0,not_adverse
AMHIT-0000745,SUBJ-000028,MARIA GARCIA,litigation_civil,perpetrator,3838,,,,1.0,0,stale_immaterial
AMHIT-0000746,SUBJ-000087,JOSE GONZALEZ,money_laundering,perpetrator,378,,,,1.0,0,common_name_ambiguous
AMHIT-0000747,SUBJ-000011,MOHAMMED ALI,organized_crime,perpetrator,709,,1971-02-18,,1.0,0,wrong_entity
AMHIT-0000748,SUBJ-000045,RACHEL VOLADZE,non_adverse,mentioned,116,,,,1.0,0,not_adverse
AMHIT-0000749,SUBJ-000095,ANNA MULLER,fraud,perpetrator,530,,1962-04-24,,1.0,0,wrong_entity
