record_id,customer_id,full_name,entity_type,dob,country,national_id,account_prefix,onboarding_date,status,last_refresh,label,category
REC-0000000,CUS-0000000,RENÉE DA-COSTA,INDIVIDUAL,1977-10-26,IT,HV00000017,IT-42,2012-03-29,DORMANT,2025-11-02,0,clean_edge
REC-0000001,CUS-0000001,OMAR MULLER,INDIVIDUAL,1998-06-21,ES,HV00000024,ES-15,2011-01-11,ACTIVE,2026-02-24,0,clean
REC-0000002,CUS-0000002,CARLOS NAKAMURA,INDIVIDUAL,1951-04-29,US,HV00000031,US-70,2019-12-08,ACTIVE,2025-09-15,0,clean
REC-0000003,CUS-0000003,NORTHGATE MARINE SUPPLY LLC,ENTITY,,MX,HV00000048,MX-87,2021-09-09,ACTIVE,2026-05-03,0,clean
REC-0000004,CUS-0000004,AISHA DUBOIS,INDIVIDUAL,1942-04-21,SG,HV00000055,SG-49,2012-12-23,ACTIVE,2025-07-05,0,clean_edge
REC-0000005,CUS-0000005,PINNACLE FREIGHT LTD,ENTITY,,AE,HV00000062,AE-99,2007-09-15,ACTIVE,2026-04-30,0,clean
REC-0000006,CUS-0000006,MARIA SCHMIDT,INDIVIDUAL,1987-10-17,NO,HV00000079,NO-64,2023-07-22,ACTIVE,2026-05-26,0,clean
REC-0000007,CUS-0000007,LENA FERREIRA,INDIVIDUAL,1983-12-23,NL,HV00000086,NL-23,2006-04-14,ACTIVE,2025-12-27,0,clean
REC-0000008,CUS-0000008,ALEKSANDR AL-RASHID,INDIVIDUAL,1979-01-26,DK,HV00000093,DK-32,2016-04-24,ACTIVE,2026-02-12,0,clean
REC-0000009,CUS-0000009,YUSUF MORETTI,INDIVIDUAL,1981-09-14,LU,HV00000106,LU-65,2018-01-26,ACTIVE,2023-08-05,0,stale_refresh
REC-0000010,CUS-0000010,NORTHGATE COMPONENTS LLC,ENTITY,,DK,HV00000113,DK-69,2007-12-11,ACTIVE,2025-12-18,0,clean
REC-0000011,CUS-0000011,FATIMA IVANOV,INDIVIDUAL,1900-01-01,IN,HV00000120,IN-37,2025-02-01,ACTIVE,2026-02-18,0,clean_edge
REC-0000012,CUS-0000012,DIEGO HANSSON,INDIVIDUAL,1989-11-11,IE,HV00000137,IE-11,2021-09-23,ACTIVE,2026-03-25,0,clean
REC-0000013,CUS-0000013,SUMMIT LOGISTICS LTD,ENTITY,1973-03-13,PT,HV00000144,PT-98,2015-02-12,ACTIVE,2025-10-22,0,entity_dob_conflict
REC-0000014,CUS-0000014,JOHAN NGUYEN,INDIVIDUAL,1992-03-04,PL,HV00000151,PL-57,2011-06-17,ACTIVE,2025-10-02,0,clean
REC-0000015,CUS-0000015,FATIMA SCHMIDT,INDIVIDUAL,2003-01-21,PT,HV00000168,PT-68,2018-05-06,ACTIVE,2026-02-22,0,clean
REC-0000016,CUS-0000016,FATIMA TANAKA,INDIVIDUAL,1988-01-28,PT,HV00000175,PT-98,2010-04-27,ACTIVE,2026-03-12,0,clean
REC-0000017,CUS-0000017,VIKTOR ANDERSEN,INDIVIDUAL,1987-01-25,AU,HV00000182,AU-86,2022-04-02,ACTIVE,2026-05-10,0,clean
REC-0000018,CUS-0000018,BLUEWATER COMMODITIES GMBH,ENTITY,,CH,HV00000199,CH-11,,ACTIVE,2026-04-27,0,missing_supporting
REC-0000019,CUS-0000019,JOHAN HASSAN,INDIVIDUAL,1951-04-30,GB,HV00000202,GB-91,2018-05-31,DORMANT,2025-10-22,0,clean
REC-0000020,CUS-0000020,JOHAN MORETTI,INDIVIDUAL,1982-12-12,US,HV00000219,US-66,2018-11-16,ACTIVE,2026-06-04,0,clean
REC-0000021,CUS-0000021,AISHA KHAN,INDIVIDUAL,1945-11-11,FI,HV00000226,FI-61,2016-09-18,ACTIVE,2025-09-08,0,clean
REC-0000022,CUS-0000022,ZOË ØSTERGAARD,INDIVIDUAL,1990-06-30,GB,HV00000233,GB-48,2009-05-27,ACTIVE,2026-02-23,0,clean_edge
REC-0000023,CUS-0000023,ELENA ANDERSEN,INDIVIDUAL,1986-11-18,AT,HV00000240,AT-58,2019-11-15,ACTIVE,2025-11-16,0,clean
REC-0000024,CUS-0000024,JOHAN DUBOIS,,1995-09-18,NO,HV00000257,NO-17,2015-08-14,ACTIVE,2026-05-11,0,missing_supporting
REC-0000025,CUS-0000025,WEI IVANOV,INDIVIDUAL,1961-07-08,AU,HV00000264,AU-32,2020-10-24,ACTIVE,2026-04-11,0,clean
REC-0000026,CUS-0000026,CHLOE MORETTI,INDIVIDUAL,1966-02-16,MX,HV00000271,MX-14,2021-06-18,ACTIVE,2026-02-06,0,clean
REC-0000027,CUS-0000027,SOFIA NAKAMURA,INDIVIDUAL,1963-09-25,MX,HV00000288,MX-90,2007-08-07,ACTIVE,2026-03-21,0,clean
REC-0000028,CUS-0000028,OMAR AL-RASHID,INDIVIDUAL,1963-10-31,SE,HV00000295,SE-28,2011-01-16,ACTIVE,2026-04-07,0,clean
REC-0000029,CUS-0000029,TARIQ DUBOIS,INDIVIDUAL,1965-11-22,IE,HV00000308,IE-66,2022-10-19,ACTIVE,2026-01-26,0,clean
REC-0000030,CUS-0000030,NADIA MORETTI,INDIVIDUAL,1979-04-10,AU,HV00000315,AU-20,2017-03-23,ACTIVE,2025-11-21,0,clean
REC-0000031,CUS-0000031,JAMES MULLER,INDIVIDUAL,1960-07-15,IE,HV00000322,IE-96,2011-08-14,DORMANT,2025-09-09,0,clean
REC-0000032,CUS-0000032,SOFIA KHAN,INDIVIDUAL,1964-03-06,ZZ,HV00000339,ZA-93,2023-02-25,ACTIVE,2026-04-02,1,country_drift
REC-0000033,CUS-0000033,VIKTOR FERREIRA,INDIVIDUAL,1996-12-12,AU,HV00000346,AU-72,2010-01-26,CLOSED,2025-11-02,0,clean
REC-0000034,CUS-0000034,SOFIA TANAKA,INDIVIDUAL,1954-06-05,NL,HV00000353,NL-52,2013-03-15,ACTIVE,2025-10-20,0,clean
REC-0000035,CUS-0000035,YUSUF JOHANSSON,INDIVIDUAL,1943-04-17,IT,HV00000360,IT-68,2024-03-31,ACTIVE,2026-02-21,0,clean
REC-0000036,CUS-0000036,LENA KARIMI,INDIVIDUAL,1940-02-07,BE,HV00000377,BE-94,2015-01-25,ACTIVE,2025-07-05,0,clean_edge
REC-0000037,CUS-0000037,CHLOE ANDERSEN,INDIVIDUAL,1984-09-20,ZA,HV00000384,ZA-90,2014-02-11,ACTIVE,2026-06-04,0,clean
REC-0000038,CUS-0000038,KATHERINE KOWALSKI,INDIVIDUAL,1979-04-22,SE,,SE-99,2008-12-09,ACTIVE,2026-06-16,0,missing_supporting
REC-0000039,CUS-0000039,YUKI KOWALSKI,INDIVIDUAL,1989-06-01,JP,HV00000404,JP-11,2021-12-02,ACTIVE,2026-05-14,0,clean
REC-0000040,CUS-0000040,KENJI TANAKA,INDIVIDUAL,1998-02-09,DK,HV00000411,DK-29,2008-07-18,ACTIVE,2026-02-01,0,clean
REC-0000041,CUS-0000041,TARIQ MORETTI,INDIVIDUAL,1982-05-13,AU,HV00000428,AU-41,2015-04-27,ACTIVE,2026-04-17,0,clean
REC-0000042,CUS-0000042,PABLO VARGAS,INDIVIDUAL,1952-03-31,LU,HV00000435,LU-18,2019-06-12,ACTIVE,2025-11-30,0,clean
REC-0000043,CUS-0000043,PRIYA KHAN,INDIVIDUAL,1940-03-25,AT,HV00000442,AT-46,2017-05-22,ACTIVE,2025-09-03,0,clean
REC-0000044,CUS-0000044,LENA AL-RASHID,INDIVIDUAL,1980-01-23,KR,HV00O00459,KR-78,2016-12-25,ACTIVE,2026-01-11,1,invalid_id_checksum
REC-0000045,CUS-0000045,MOHAMMED HASSAN,INDIVIDUAL,1961-06-04,NL,HV00000466,NL-83,2025-07-03,ACTIVE,2025-12-02,0,clean
REC-0000046,CUS-0000046,ALEKSANDR WATANABE,INDIVIDUAL,1974-03-15,PT,HV00000473,PT-59,2016-08-10,CLOSED,2026-04-14,0,clean
REC-0000047,CUS-0000047,PABLO DUBOIS,INDIVIDUAL,1969-10-13,GB,HV00000480,GB-22,2008-10-31,DORMANT,2025-11-17,0,clean
REC-0000048,CUS-0000048,JAMES VARGAS,INDIVIDUAL,1952-12-06,LU,HV00000497,LU-62,2016-04-01,DORMANT,2026-04-12,0,clean
REC-0000049,CUS-0000049,FATIMA PETROV,INDIVIDUAL,2002-02-22,AT,HV00000500,AT-60,2011-12-12,ACTIVE,2026-01-13,0,clean
REC-0000050,CUS-0000050,IRONWOOD MARINE SUPPLY BV,ENTITY,,FI,HV00000517,FI-72,2017-12-20,DORMANT,2026-06-12,0,clean
REC-0000051,CUS-0000051,RENÉE N'DIAYE,INDIVIDUAL,1965-10-12,JP,HV00000524,JP-39,2020-02-27,ACTIVE,2025-11-20,0,clean_edge
REC-0000052,CUS-0000052,NORTHGATE LOGISTICS LTD,ENTITY,,MX,HV00000531,MX-51,2009-09-24,DORMANT,2026-01-31,0,clean
REC-0000053,CUS-0000053,ELENA KARIMI,INDIVIDUAL,1976-12-19,BR,HV00000548,BR-82,2009-04-07,ACTIVE,2026-03-30,0,clean
REC-0000054,CUS-0000054,ATLANTIC FREIGHT SA,ENTITY,1988-08-12,DE,HV00000555,DE-97,2019-09-02,ACTIVE,2025-09-05,0,entity_dob_conflict
REC-0000055,CUS-0000055,JAMES BERGSTROM,INDIVIDUAL,1981-09-27,AU,HV00000562,AU-46,2020-12-15,ACTIVE,2026-04-11,0,clean
REC-0000056,CUS-0000056,JOHAN YAMAMOTO,INDIVIDUAL,1978-01-24,ES,HV00000579,ES-98,2019-03-07,ACTIVE,2026-01-27,0,clean
REC-0000057,CUS-0000057,AMARA TANAKA,INDIVIDUAL,1961-04-12,IT,HV00000586,IT-58,2025-02-20,ACTIVE,2025-09-09,0,clean
REC-0000058,CUS-0000058,JAMES KHAN,INDIVIDUAL,1999-01-19,PL,HV00000593,PL-60,2012-08-15,ACTIVE,2025-09-14,0,clean
REC-0000059,CUS-0000059,MERIDIAN FOODS BV,ENTITY,,BE,HV00000606,BE-73,2022-09-14,DORMANT,2026-02-04,0,clean
REC-0000060,CUS-0000060,HANNAH SCHMIDT,INDIVIDUAL,1959-08-25,JP,HV00000613,JP-91,2019-08-14,ACTIVE,2026-02-22,0,clean
REC-0000061,CUS-0000061,SOFIA NGUYEN,INDIVIDUAL,1952-04-08,PT,HV00000620,PT-90,2023-03-20,ACTIVE,2026-06-10,0,clean
REC-0000062,CUS-0000062,VIKTOR SCHMIDT,INDIVIDUAL,2005-09-13,MX,HV00000637,MX-26,2006-10-01,ACTIVE,2026-01-30,0,clean
REC-0000063,CUS-0000063,MOHAMMED AL-RASHID,INDIVIDUAL,1988-05-23,BR,HV00000644,BR-56,2009-12-09,ACTIVE,2026-02-11,0,clean
REC-0000064,CUS-0000064,SUMMIT CONSULTING BV,,,AU,HV00000651,AU-53,2024-06-30,DORMANT,2025-11-03,0,missing_supporting
REC-0000065,CUS-0000065,SOFIA VARGAS,INDIVIDUAL,2000-07-02,JP,HV00000668,JP-60,2025-04-17,ACTIVE,2023-05-08,0,stale_refresh
REC-0000066,CUS-0000066,PRIYA JOHANSSON,INDIVIDUAL,1951-02-01,IT,HV00000675,IT-68,2006-04-25,ACTIVE,2026-02-16,0,clean
REC-0000067,CUS-0000067,DAVID TANAKA,INDIVIDUAL,2000-07-17,DK,HV00000682,DK-39,2020-04-27,ACTIVE,2025-09-16,0,clean
REC-0000068,CUS-0000068,OMAR MULLER,INDIVIDUAL,1997-01-01,IE,HV00000699,IE-69,2010-12-19,CLOSED,2026-01-27,0,clean
REC-0000069,CUS-0000069,MARIA SILVA,INDIVIDUAL,1967-04-22,NZ,HV00000702,NZ-59,2009-02-19,ACTIVE,2026-03-02,0,clean_edge
REC-0000070,CUS-0000070,ALEKSANDR JOHANSSON,INDIVIDUAL,1977-08-07,KR,HV00O00719,KR-85,2022-09-01,ACTIVE,2026-04-12,1,invalid_id_checksum
REC-0000071,CUS-0000071,CHLOE FERREIRA,INDIVIDUAL,1965-02-04,DK,HV00000726,DK-14,2016-12-22,ACTIVE,2026-03-11,0,clean
REC-0000072,CUS-0000072,,INDIVIDUAL,2001-07-07,JP,HV00000733,JP-57,2025-03-09,ACTIVE,2025-12-29,1,null_name_active
REC-0000073,CUS-0000073,AISHA COSTA,INDIVIDUAL,1980-10-17,AU,HV00000740,AU-21,2010-04-04,ACTIVE,2026-06-20,0,clean
REC-0000074,CUS-0000074,CARLOS ROSSI,INDIVIDUAL,1990-08-26,NL,HV00000757,NL-36,2011-06-19,ACTIVE,2024-03-28,0,stale_refresh
REC-0000075,CUS-0000075,ELENA REYES,INDIVIDUAL,1953-03-28,DK,HV00000764,DK-86,2025-07-04,ACTIVE,2026-04-17,0,clean
REC-0000076,CUS-0000076,ATLANTIC TEXTILES BV,ENTITY,,SE,HV00000771,SE-13,2011-08-16,ACTIVE,2025-12-29,0,clean
REC-0000077,CUS-0000077,FATIMA OKONKWO,INDIVIDUAL,1955-08-19,JP,HV00000788,JP-43,2019-03-17,ACTIVE,2025-11-27,0,clean
REC-0000078,CUS-0000078,AMARA LINDQVIST,INDIVIDUAL,1972-06-24,PT,HV00000795,PT-75,2007-06-05,ACTIVE,2025-11-11,0,clean
REC-0000079,CUS-0000079,MEI ROSSI,INDIVIDUAL,1999-02-10,IE,HV00000808,IE-76,2006-12-22,ACTIVE,2026-06-15,0,clean
REC-0000080,CUS-0000080,HUSSEIN FERREIRA,INDIVIDUAL,2001-07-21,IN,HV00000815,IN-23,2025-01-02,ACTIVE,2025-11-15,0,clean
REC-0000081,CUS-0000081,CHLOE AL-RASHID,INDIVIDUAL,1945-11-22,DE,HV00000822,DE-26,2013-03-23,ACTIVE,2025-09-04,0,clean
REC-0000082,CUS-0000082,CHLOE KARIMI,INDIVIDUAL,1966-06-16,NL,HV00000839,NL-68,2014-07-18,ACTIVE,2025-11-22,0,clean
REC-0000083,CUS-0000083,LENA YAMAMOTO,INDIVIDUAL,1998-05-25,PL,HV00000846,PL-80,2008-07-26,ACTIVE,2026-03-12,0,clean
REC-0000084,CUS-0000084,INGRID REYES,INDIVIDUAL,1980-09-07,NZ,HV00000853,NZ-61,2011-02-15,ACTIVE,2026-05-13,0,clean
REC-0000085,CUS-0000085,JOSÉ MÜLLER,INDIVIDUAL,1953-09-10,NL,HV00000860,NL-97,2020-12-01,CLOSED,2026-05-27,0,clean_edge
REC-0000086,CUS-0000086,DAVID ROSSI,INDIVIDUAL,1951-09-03,PT,HV00000877,PT-81,2022-07-28,ACTIVE,2025-09-16,0,clean
REC-0000087,CUS-0000087,INGRID SCHMIDT,INDIVIDUAL,1999-09-09,KR,HV00000884,KR-64,2008-09-28,DORMANT,2026-06-04,0,clean
REC-0000088,CUS-0000088,BLUEWATER TEXTILES PTE,ENTITY,,IE,HV00000891,IE-74,2013-01-03,ACTIVE,2025-10-27,0,clean
REC-0000089,CUS-0000089,LENA JOHANSSON,INDIVIDUAL,1972-12-22,FR,HV00000904,FR-24,2013-11-08,ACTIVE,2025-09-10,0,clean
REC-0000090,CUS-0000090,NADIA ANDERSEN,INDIVIDUAL,1995-10-11,BR,HV00000911,BR-88,2024-12-15,ACTIVE,2025-09-18,0,clean
REC-0000091,CUS-0000091,TARIQ HASSAN,INDIVIDUAL,1963-12-29,LU,HV00000928,LU-13,2020-10-02,ACTIVE,2026-01-23,0,clean
REC-0000092,CUS-0000092,ATLANTIC COMMODITIES PTE,ENTITY,,UK,HV00000935,DE-77,2006-02-20,ACTIVE,2026-04-19,1,country_drift
REC-0000093,CUS-0000093,FATIMA IVANOV,INDIVIDUAL,1973-03-13,BR,,BR-49,2016-03-05,ACTIVE,2025-09-13,0,missing_supporting
REC-0000094,CUS-0000094,YUKI ANDERSEN,INDIVIDUAL,1995-06-06,GB,HV00000959,GB-16,2009-06-28,ACTIVE,2026-02-11,0,clean
REC-0000095,CUS-0000095,CHLOE LINDQVIST,INDIVIDUAL,1985-02-30,BR,HV00000966,BR-44,2016-11-22,ACTIVE,2025-10-11,1,malformed_dob
REC-0000096,CUS-0000096,SOFIA NGUYEN,INDIVIDUAL,1993-03-18,FR,HV00000973,FR-72,2012-05-09,ACTIVE,2026-01-24,0,clean
REC-0000097,CUS-0000097,MARIA OKONKWO,INDIVIDUAL,1900-01-01,IT,HV00000980,IT-48,2019-06-11,CLOSED,2026-04-21,0,clean_edge
REC-0000098,CUS-0000098,AMARA VARGAS,INDIVIDUAL,1978-08-20,FR,HV00000997,FR-32,2006-03-05,ACTIVE,2025-10-01,0,clean
REC-0000099,CUS-0000099,TARIQ NGUYEN,INDIVIDUAL,1971-10-10,ZA,HV00001005,ZA-19,2018-07-14,ACTIVE,2026-06-09,0,clean
REC-0000100,CUS-0000100,LENA REYES,INDIVIDUAL,1991-08-27,MX,HV00001012,MX-64,2007-09-30,ACTIVE,2025-11-29,0,clean
REC-0000101,CUS-0000101,FATIMA IVANOV,INDIVIDUAL,1995-06-15,IT,HV00001029,IT-68,2006-06-20,DORMANT,2025-12-27,0,clean
REC-0000102,CUS-0000102,ELENA FERREIRA,INDIVIDUAL,1992-10-30,FI,HV00001036,FI-61,2008-05-17,ACTIVE,2025-12-10,0,clean
REC-0000103,CUS-0000103,CRESTLINE MARINE SUPPLY LLC,ENTITY,,PT,HV00001043,PT-19,2013-08-13,ACTIVE,2026-05-03,0,clean
REC-0000104,CUS-0000104,DAVID SCHMIDT,INDIVIDUAL,2005-04-03,AE,HV00001050,AE-92,2023-05-30,DORMANT,2026-03-02,0,clean
REC-0000105,CUS-0000105,YUKI PETROV,INDIVIDUAL,1953-09-18,AU,HV00001067,AU-93,2010-06-05,ACTIVE,2025-10-21,0,clean
REC-0000106,CUS-0000106,VIKTOR LINDQVIST,INDIVIDUAL,1900-01-01,NO,HV00001074,NO-82,2023-01-16,ACTIVE,2026-01-16,0,clean_edge
REC-0000107,CUS-0000107,KENJI YAMAMOTO,INDIVIDUAL,1967-03-02,DE,HV00001081,DE-45,2016-07-08,ACTIVE,2026-01-01,0,clean
REC-0000108,CUS-0000108,KENJI SILVA,INDIVIDUAL,1945-02-07,CH,HV00001098,CH-57,2016-05-10,DORMANT,2026-05-22,0,clean
REC-0000109,CUS-0000109,CHLOE PETROV,INDIVIDUAL,1985-06-28,FI,HV00001101,FI-59,2008-01-10,ACTIVE,2025-09-20,0,clean
REC-0000110,CUS-0000110,SUMMIT FOODS BV,ENTITY,,PT,HV00001118,PT-34,2006-12-03,ACTIVE,2025-10-30,0,clean
REC-0000111,CUS-0000111,AISHA ROSSI,INDIVIDUAL,1970-10-23,GB,HV00001125,GB-20,2016-02-08,ACTIVE,2026-04-03,0,clean
REC-0000112,CUS-0000112,KENJI KARIMI,INDIVIDUAL,1986-11-24,PL,HV00001132,PL-88,2015-10-27,ACTIVE,2025-12-22,0,clean
REC-0000113,CUS-0000113,BLUEWATER FOODS LTD,ENTITY,,IT,HV00001149,IT-90,2015-03-03,ACTIVE,2026-05-28,0,clean
REC-0000114,CUS-0000114,HUSSEIN KOWALSKI,INDIVIDUAL,1962-08-10,SE,HV00001156,SE-94,2021-03-20,CLOSED,2026-04-15,0,clean
REC-0000115,CUS-0000115,CARLOS WATANABE,INDIVIDUAL,1996-02-29,NO,HV00001163,NO-49,2020-11-19,CLOSED,2025-12-12,0,clean_edge
REC-0000116,CUS-0000116,NADIA HAIDARI,INDIVIDUAL,1997-09-23,DE,HV00001170,DE-52,2012-12-11,DORMANT,2025-10-04,0,clean
REC-0000117,CUS-0000117,PABLO SCHMIDT,INDIVIDUAL,1941-08-20,KR,HV00001187,KR-56,2015-07-01,ACTIVE,2026-03-13,0,clean
REC-0000118,CUS-0000118,MOHAMMED NAKAMURA,INDIVIDUAL,1952-05-04,LU,HV00001194,LU-94,2016-11-27,ACTIVE,2026-05-10,0,clean_edge
REC-0000119,CUS-0000119,CARLOS PETROV,INDIVIDUAL,1973-10-18,BE,HV00001207,BE-29,2019-11-11,ACTIVE,2026-04-07,0,clean
REC-0000120,CUS-0000120,DAVID NGUYEN,INDIVIDUAL,2004-07-22,GB,HV00001214,GB-40,2015-03-20,CLOSED,2026-02-05,0,clean
REC-0000121,CUS-0000121,ELENA JOHANSSON,INDIVIDUAL,1961-06-16,AT,HV00001221,AT-49,2016-01-26,CLOSED,2025-11-02,0,clean
REC-0000122,CUS-0000122,PINNACLE COMPONENTS SA,ENTITY,,AE,,AE-46,2014-04-02,ACTIVE,2025-10-16,0,missing_supporting
REC-0000123,CUS-0000123,MOHAMMED ROSSI,INDIVIDUAL,1994-03-31,SG,HV00001245,SG-27,2024-04-27,DORMANT,2026-06-04,0,clean
REC-0000124,CUS-0000124,NADIA WATANABE,INDIVIDUAL,1949-03-15,FI,HV00001252,FI-76,2014-04-29,DORMANT,2026-02-05,0,clean
REC-0000125,CUS-0000125,KENJI BERGSTROM,INDIVIDUAL,1986-01-20,SG,HV00001269,SG-28,2012-02-13,DORMANT,2026-05-15,0,clean
REC-0000126,CUS-0000126,SUMMIT MARINE SUPPLY LTD,ENTITY,,JP,HV00001276,JP-63,2024-04-26,ACTIVE,2025-10-16,0,clean
REC-0000127,CUS-0000127,DAVID NAKAMURA,INDIVIDUAL,1942-07-12,IT,HV00001283,IT-50,2007-10-31,CLOSED,2026-01-10,0,clean
REC-0000128,CUS-0000128,JOHAN WATANABE,INDIVIDUAL,1982-05-21,CA,HV00001290,CA-99,2006-11-10,DORMANT,2025-11-02,0,clean
REC-0000129,CUS-0000129,JAMES HANSSON,INDIVIDUAL,1959-05-07,US,HV00001303,US-29,2007-10-12,ACTIVE,2025-10-03,0,clean
REC-0000130,CUS-0000130,ELENA KOWALSKI,INDIVIDUAL,1950-12-06,BE,HV00001310,BE-16,2012-06-18,ACTIVE,2025-11-08,0,clean
REC-0000131,CUS-0000131,CHLOE JOHANSSON,INDIVIDUAL,1941-06-22,DK,HV00001327,DK-90,2017-03-18,ACTIVE,2026-02-27,0,clean
REC-0000132,CUS-0000132,JAMES PETROV,INDIVIDUAL,1971-08-27,CH,HV00001334,CH-40,2015-08-18,ACTIVE,2026-03-27,0,clean
REC-0000133,CUS-0000133,DAVID MULLER,INDIVIDUAL,1987-03-12,DE,,DE-79,2017-09-28,ACTIVE,2025-10-14,0,missing_supporting
REC-0000134,CUS-0000134,BLUEWATER TEXTILES GMBH,ENTITY,1970-10-25,FI,HV00001358,FI-57,2016-07-18,ACTIVE,2026-06-22,0,entity_dob_conflict
REC-0000135,CUS-0000135,YUSUF DUBOIS,INDIVIDUAL,2005-12-15,HK,HV00001365,HK-52,2008-04-29,ACTIVE,2026-01-01,0,clean
REC-0000136,CUS-0000136,YUKI KHAN,INDIVIDUAL,2001-06-04,DK,HV00001372,DK-69,2020-06-01,CLOSED,2025-10-28,0,clean
REC-0000137,CUS-0000137,WEI HASSAN,INDIVIDUAL,1981-01-22,YU,HV00001389,NZ-15,2009-01-09,ACTIVE,2026-06-08,1,country_drift
REC-0000138,CUS-0000138,HUSSEIN KHAN,INDIVIDUAL,1988-09-19,CH,HV00001396,CH-70,2017-07-24,ACTIVE,2026-03-25,0,clean
REC-0000139,CUS-0000139,MARIA COSTA,INDIVIDUAL,1998-10-30,FI,HV00001409,FI-52,2023-07-07,ACTIVE,2025-12-24,0,clean
REC-0000140,CUS-0000140,KENJI BERGSTROM,INDIVIDUAL,1974-09-08,IT,HV00001416,IT-53,2022-09-03,CLOSED,2025-10-19,0,clean
REC-0000141,CUS-0000141,PABLO HANSSON,INDIVIDUAL,1947-05-31,ES,HV00001423,ES-64,2023-11-19,ACTIVE,2026-03-30,0,clean
REC-0000142,CUS-0000142,WEI REYES,INDIVIDUAL,1999-04-18,NL,HV00001430,NL-47,2008-04-20,ACTIVE,2025-11-24,0,clean
REC-0000143,CUS-0000143,KENJI SILVA,INDIVIDUAL,2005-03-16,MX,HV00001447,MX-55,2013-11-19,ACTIVE,2025-11-20,0,clean
REC-0000144,CUS-0000144,WEI NGUYEN,INDIVIDUAL,2020-05-29,AT,HV00001454,AT-61,2006-09-13,ACTIVE,2026-04-10,1,impossible_dob_sequence
REC-0000145,CUS-0000145,CARLOS MULLER,INDIVIDUAL,1961-03-04,LU,HV00001461,LU-87,2006-10-13,ACTIVE,2025-12-16,0,clean_edge
REC-0000146,CUS-0000146,DAVID LINDQVIST,INDIVIDUAL,1946-11-24,MX,HV00001478,MX-83,2014-04-27,ACTIVE,2025-12-25,0,clean
REC-0000147,CUS-0000147,ELENA TANAKA,INDIVIDUAL,1942-04-29,HK,HV00001485,HK-33,2012-04-02,ACTIVE,2025-12-14,0,clean
REC-0000148,CUS-0000148,NORTHGATE COMPONENTS LLC,ENTITY,,FR,HV00001492,FR-88,2011-11-15,ACTIVE,2025-10-22,0,clean
REC-0000149,CUS-0000149,WEI LINDQVIST,INDIVIDUAL,1955-06-28,CA,HV00001505,CA-66,2025-02-16,CLOSED,2026-01-18,0,clean
REC-0000150,CUS-0000150,,INDIVIDUAL,1966-01-18,PL,HV00001512,PL-48,2007-06-16,ACTIVE,2026-04-02,1,null_name_active
REC-0000151,CUS-0000151,AISHA GARCIA,INDIVIDUAL,1952-06-16,ZA,HV00001529,ZA-40,2011-01-11,DORMANT,2026-06-17,0,clean
REC-0000152,CUS-0000152,KENJI ROSSI,INDIVIDUAL,1989-06-28,NO,HV00001536,NO-26,2014-04-11,ACTIVE,2026-05-17,0,clean
REC-0000153,CUS-0000153,MEI MORETTI,INDIVIDUAL,1987-02-28,IT,HV00001543,IT-62,2022-01-30,ACTIVE,2025-09-09,0,clean
REC-0000154,CUS-0000154,WEI LINDQVIST,INDIVIDUAL,1981-10-16,NL,HV00001550,NL-97,2020-05-29,ACTIVE,2026-04-26,0,clean
REC-0000155,CUS-0000155,PINNACLE COMMODITIES LLC,ENTITY,,BE,HV00001567,BE-65,2018-05-14,ACTIVE,2026-06-02,0,clean
REC-0000156,CUS-0000156,BLUEWATER MEDIA GMBH,ENTITY,1997-12-11,ZA,HV00001574,ZA-51,2009-06-07,CLOSED,2026-03-07,0,entity_dob_conflict
REC-0000157,CUS-0000157,NADIA HANSSON,INDIVIDUAL,1951-03-25,AE,HV00001581,AE-90,2020-03-30,ACTIVE,2025-09-30,0,clean
REC-0000158,CUS-0000158,VIKTOR DUBOIS,INDIVIDUAL,1953-10-31,HK,HV00001598,HK-31,2009-10-13,ACTIVE,2026-01-09,0,clean
REC-0000159,CUS-0000159,MERIDIAN TEXTILES LTD,ENTITY,,NO,HV00001601,NO-92,2006-12-04,ACTIVE,2026-02-15,0,clean
REC-0000160,CUS-0000160,INGRID PETROV,INDIVIDUAL,1997-04-29,BE,HV00001618,BE-13,2018-10-31,ACTIVE,2025-09-24,0,clean
REC-0000161,CUS-0000161,ELENA ROSSI,INDIVIDUAL,2001-06-14,CH,HV00001625,CH-61,2016-10-31,ACTIVE,2026-05-24,0,clean
REC-0000162,CUS-0000162,INGRID MORETTI,INDIVIDUAL,1981-08-31,SG,HV00001632,SG-36,2015-11-11,ACTIVE,2026-04-18,0,clean
REC-0000163,CUS-0000163,MEI COSTA,INDIVIDUAL,1970-12-26,PL,HV00001649,PL-61,2013-02-28,ACTIVE,2025-12-23,0,clean
REC-0000164,CUS-0000164,ELENA LINDQVIST,INDIVIDUAL,1950-12-28,FR,HV00001656,FR-44,2013-02-27,ACTIVE,2026-04-19,0,clean
REC-0000165,CUS-0000165,LENA PETROV,INDIVIDUAL,1977-07-06,CH,HV00001663,CH-41,2014-08-13,ACTIVE,2023-07-26,0,stale_refresh
REC-0000166,CUS-0000166,CRESTLINE COMMODITIES SA,ENTITY,,PT,HV00001670,PT-75,2013-01-05,ACTIVE,2026-01-24,0,clean
REC-0000167,CUS-0000167,MARIA KOWALSKI,INDIVIDUAL,1961-08-06,DE,HV00001687,DE-37,2014-10-27,ACTIVE,2026-06-06,1,near_dup_shared_id
REC-0000168,CUS-0000168,MARIA KOWELSKI,INDIVIDUAL,1961-08-06,DE,HV00001687,DE-37,2025-09-13,ACTIVE,2026-06-06,1,near_dup_shared_id
REC-0000169,CUS-0000169,SUMMIT CONSULTING PTE,ENTITY,,HK,HV00001694,HK-11,2021-01-31,DORMANT,2025-11-22,0,clean
REC-0000170,CUS-0000170,DAVID ANDERSEN,INDIVIDUAL,1976-03-05,AU,HV00001707,AU-56,2022-04-26,ACTIVE,2026-06-04,0,clean
REC-0000171,CUS-0000171,NADIA KOWALSKI,INDIVIDUAL,1946-08-06,AE,HV00001714,AE-59,2014-02-17,ACTIVE,2025-09-22,0,clean
REC-0000172,CUS-0000172,CHLOE TANAKA,INDIVIDUAL,1951-07-18,IE,HV00001721,IE-22,2021-04-05,ACTIVE,2026-01-08,0,clean
REC-0000173,CUS-0000173,CARLOS GARCIA,INDIVIDUAL,1994-01-18,ES,HV00001738,ES-75,2022-12-07,ACTIVE,2026-06-10,0,clean
REC-0000174,CUS-0000174,FATIMA ROSSI,INDIVIDUAL,1982-07-02,CA,HV00001745,CA-76,2022-01-02,ACTIVE,2025-10-10,0,clean
REC-0000175,CUS-0000175,FATIMA IVANOV,INDIVIDUAL,1975-04-03,LU,HV00001752,LU-88,2019-10-02,ACTIVE,2026-01-28,0,clean
REC-0000176,CUS-0000176,PABLO JOHANSSON,INDIVIDUAL,1983-12-12,ZA,HV00001769,ZA-82,2024-07-30,ACTIVE,2026-06-22,0,clean
REC-0000177,CUS-0000177,INGRID DUBOIS,INDIVIDUAL,1967-08-08,KR,HV00001776,KR-98,2008-06-16,ACTIVE,2025-10-31,0,clean
REC-0000178,CUS-0000178,YUSUF DUBOIS,INDIVIDUAL,1991-10-27,HK,HV00001783,HK-39,2023-07-24,ACTIVE,2025-09-05,0,clean
REC-0000179,CUS-0000179,MEI PETROV,INDIVIDUAL,1974-02-09,ZA,HV00001790,ZA-28,2020-02-09,DORMANT,2026-02-26,0,clean
REC-0000180,CUS-0000180,MOHAMMED OKONKWO,INDIVIDUAL,1979-07-26,PL,HV00001803,PL-50,2008-06-19,ACTIVE,2025-12-01,0,clean
REC-0000181,CUS-0000181,YUSUF PETROV,INDIVIDUAL,1982-04-23,BR,HV00001810,BR-17,2017-04-03,ACTIVE,2025-10-08,0,clean
REC-0000182,CUS-0000182,AMARA KARIMI,INDIVIDUAL,1973-10-21,NL,HV00001827,NL-50,2020-11-07,CLOSED,2025-11-07,0,clean
REC-0000183,CUS-0000183,BLUEWATER CONSULTING PTE,ENTITY,,NL,HV00001834,NL-71,2018-04-03,ACTIVE,2026-02-24,0,clean
REC-0000184,CUS-0000184,JOHAN ANDERSEN,INDIVIDUAL,1965-12-05,CH,HV00001841,CH-36,2011-01-17,ACTIVE,2025-10-23,0,clean
REC-0000185,CUS-0000185,KATHERINE WATANABE,INDIVIDUAL,2004-09-28,ES,HV00001858,ES-45,2018-07-28,ACTIVE,2023-04-10,0,stale_refresh
REC-0000186,CUS-0000186,BLUEWATER COMMODITIES GMBH,ENTITY,,IT,HV00001865,IT-15,2024-05-10,ACTIVE,2026-05-21,0,clean
REC-0000187,CUS-0000187,PRIYA VARGAS,INDIVIDUAL,1982-12-24,MX,HV00001872,MX-37,2020-09-17,ACTIVE,2025-09-28,0,clean
REC-0000188,CUS-0000188,PRIYA AL-RASHID,INDIVIDUAL,1949-10-19,SE,HV00001889,SE-88,2021-08-13,ACTIVE,2026-02-28,0,clean
REC-0000189,CUS-0000189,ELENA YAMAMOTO,INDIVIDUAL,1960-11-20,KR,HV00001896,KR-16,2017-11-29,ACTIVE,2026-01-12,0,clean
REC-0000190,CUS-0000190,YUSUF AL-RASHID,INDIVIDUAL,1940-06-18,FR,HV00001909,FR-80,2021-04-12,CLOSED,2026-04-11,0,clean
REC-0000191,CUS-0000191,DIEGO MORETTI,INDIVIDUAL,1982-11-01,LU,HV00001916,LU-93,2025-10-02,ACTIVE,2026-02-03,0,clean
REC-0000192,CUS-0000192,KATHERINE ANDERSEN,INDIVIDUAL,1948-01-10,HK,HV00001923,HK-93,2007-04-30,ACTIVE,2025-09-30,0,clean
REC-0000193,CUS-0000193,KATHERINE WATANABE,INDIVIDUAL,1955-09-15,FI,HV00001930,FI-63,2006-11-02,DORMANT,2026-04-01,0,clean
REC-0000194,CUS-0000194,IRONWOOD COMPONENTS LLC,ENTITY,,GB,HV00001947,GB-47,2024-10-03,DORMANT,2026-06-26,0,clean
REC-0000195,CUS-0000195,KATHERINE REYES,INDIVIDUAL,1965-07-12,IE,HV00001954,ZA-73,2008-05-29,CLOSED,2025-09-25,0,prefix_country_mismatch
REC-0000196,CUS-0000196,LAKESHORE COMPONENTS GMBH,ENTITY,,CA,HV00001961,CA-34,2025-02-01,DORMANT,2026-01-12,0,clean
REC-0000197,CUS-0000197,PRIYA HASSAN,INDIVIDUAL,1956-09-14,MX,HV00001978,MX-11,2020-07-16,ACTIVE,2026-01-30,0,clean
REC-0000198,CUS-0000198,YUKI PETROV,INDIVIDUAL,1997-04-20,BE,HV00001985,BE-61,2010-05-02,DORMANT,2025-10-10,0,clean
REC-0000199,CUS-0000199,AISHA IVANOV,INDIVIDUAL,1952-08-12,IT,HV00001992,IT-71,2021-01-04,ACTIVE,2026-02-23,0,clean
REC-0000200,CUS-0000200,KENJI ANDERSEN,INDIVIDUAL,1963-12-14,IT,HV00002000,IT-52,2011-04-14,ACTIVE,2025-09-10,0,clean
REC-0000201,CUS-0000201,ALEKSANDR NAKAMURA,INDIVIDUAL,1945-07-28,HK,HV00002017,HK-95,2014-01-24,ACTIVE,2026-01-24,0,clean
REC-0000202,CUS-0000202,KATHERINE BERGSTROM,INDIVIDUAL,2003-02-13,KR,HV00002024,KR-49,2017-04-09,ACTIVE,2026-01-30,0,clean
REC-0000203,CUS-0000203,CARLOS MORETTI,INDIVIDUAL,1953-09-28,JP,HV00002031,JP-68,2010-12-01,ACTIVE,2025-12-21,0,clean
REC-0000204,CUS-0000204,YUSUF JOHANSSON,INDIVIDUAL,1999-07-31,SE,HV00002048,SE-37,2016-07-24,ACTIVE,2026-05-20,0,clean
REC-0000205,CUS-0000205,DAVID MULLER,INDIVIDUAL,1990-08-12,ZA,HV00002055,ZA-24,2021-10-14,ACTIVE,2025-09-23,0,clean
REC-0000206,CUS-0000206,LAKESHORE COMMODITIES LLC,ENTITY,,AE,HV00002062,AE-51,2018-11-05,DORMANT,2025-11-16,0,clean
REC-0000207,CUS-0000207,VIKTOR MORETTI,INDIVIDUAL,1948-02-27,AE,HV00002079,AE-75,2022-01-29,ACTIVE,2026-06-02,0,clean
REC-0000208,CUS-0000208,KENJI DUBOIS,INDIVIDUAL,1945-03-06,ZA,HV00002086,ZA-81,2015-04-27,ACTIVE,2026-01-24,0,clean
REC-0000209,CUS-0000209,TARIQ OKONKWO,INDIVIDUAL,1959-07-20,IT,HV00002093,IT-84,2011-09-16,ACTIVE,2025-11-26,0,clean
REC-0000210,CUS-0000210,MARIA WATANABE,INDIVIDUAL,1946-03-11,DE,HV00002106,DE-70,2018-02-20,ACTIVE,2025-12-03,0,clean
REC-0000211,CUS-0000211,OMAR VARGAS,INDIVIDUAL,1997-12-11,CA,HV00002113,CA-63,2023-03-06,ACTIVE,2022-11-20,0,stale_refresh
REC-0000212,CUS-0000212,IRONWOOD TEXTILES BV,ENTITY,,LU,HV00002120,LU-94,2014-06-20,DORMANT,2026-04-23,0,clean
REC-0000213,CUS-0000213,YUKI JOHANSSON,INDIVIDUAL,1975-04-06,ES,HV00002137,ES-77,2008-08-29,ACTIVE,2026-03-08,0,clean
REC-0000214,CUS-0000214,NORTHGATE COMPONENTS BV,ENTITY,,BE,HV00002144,BE-79,2006-07-06,ACTIVE,2025-12-18,0,clean
REC-0000215,CUS-0000215,BLUEWATER COMMODITIES GMBH,ENTITY,,JP,HV00002151,JP-34,2016-05-01,CLOSED,2026-05-04,0,clean
REC-0000216,CUS-0000216,CHLOE ANDERSEN,INDIVIDUAL,1941-05-27,KR,HV00002168,KR-40,2015-05-28,ACTIVE,2026-05-10,0,clean
REC-0000217,CUS-0000217,SOFIA HASSAN,INDIVIDUAL,1944-05-14,MX,HV00002175,MX-41,2019-05-30,ACTIVE,2025-12-07,0,clean
REC-0000218,CUS-0000218,YUSUF COSTA,INDIVIDUAL,1945-01-23,SE,HV00002182,SE-27,2010-11-15,ACTIVE,2026-02-02,0,clean
REC-0000219,CUS-0000219,VIKTOR REYES,INDIVIDUAL,1991-10-22,LU,HV00002199,LU-86,2022-05-29,ACTIVE,2026-01-17,0,clean
REC-0000220,CUS-0000220,SOFIA KARIMI,INDIVIDUAL,1959-10-31,NZ,,NZ-62,2009-03-19,ACTIVE,2026-05-30,0,missing_supporting
REC-0000221,CUS-0000221,ATLANTIC AGRO EXPORTS PTE,ENTITY,,NZ,HV00002219,NZ-73,2022-06-28,ACTIVE,2026-01-05,0,clean
REC-0000222,CUS-0000222,LAKESHORE MARINE SUPPLY BV,ENTITY,,KR,HV00002226,KR-63,2014-07-20,ACTIVE,2026-01-28,0,clean
REC-0000223,CUS-0000223,AMARA NAKAMURA,INDIVIDUAL,1960-03-20,BE,HV00002233,BE-48,2018-01-24,DORMANT,2026-04-18,0,clean
REC-0000224,CUS-0000224,LAKESHORE AGRO EXPORTS SA,INDIVIDUAL,2000-02-29,LU,HV00002240,LU-81,2007-04-18,ACTIVE,2025-12-14,0,clean_edge
REC-0000225,CUS-0000225,KATHERINE LINDQVIST,INDIVIDUAL,1973-04-16,HK,HV00002257,HK-21,2007-10-10,ACTIVE,2026-03-25,0,clean
REC-0000226,CUS-0000226,CHLOE PETROV,INDIVIDUAL,1943-07-19,IT,HV00002264,IT-19,2021-02-09,ACTIVE,2024-03-08,0,stale_refresh
REC-0000227,CUS-0000227,,INDIVIDUAL,1941-05-17,FI,HV00002271,FI-37,2013-06-20,ACTIVE,2026-05-01,1,null_name_active
REC-0000228,CUS-0000228,KATHERINE NAKAMURA,INDIVIDUAL,2002-05-29,BE,HV00002288,BE-87,2016-09-28,ACTIVE,2025-12-09,0,clean
REC-0000229,CUS-0000229,NORTHGATE AGRO EXPORTS SA,ENTITY,,SE,HV00002295,SE-78,2013-03-19,ACTIVE,2026-01-24,0,clean
REC-0000230,CUS-0000230,AMARA LINDQVIST,INDIVIDUAL,1948-11-05,ZA,HV00002308,ZA-70,2025-10-19,ACTIVE,2026-01-18,0,clean
REC-0000231,CUS-0000231,IRONWOOD LOGISTICS PTE,ENTITY,,ES,HV00002315,ES-38,2013-01-07,ACTIVE,2026-06-22,0,clean
REC-0000232,CUS-0000232,VIKTOR VARGAS,INDIVIDUAL,1977-06-18,LU,HV00002322,LU-47,2019-02-06,ACTIVE,2026-01-13,0,clean
REC-0000233,CUS-0000233,ELENA MORETTI,INDIVIDUAL,1989-05-26,NO,HV00002339,NO-93,2024-09-09,ACTIVE,2023-12-16,0,stale_refresh
REC-0000234,CUS-0000234,OMAR VARGAS,INDIVIDUAL,1984-01-05,IN,HV00002346,IN-68,2022-03-25,ACTIVE,2026-01-01,0,clean
REC-0000235,CUS-0000235,AMARA IVANOV,INDIVIDUAL,1988-08-20,PT,HV00002353,PT-92,2018-04-05,CLOSED,2025-10-05,0,clean
REC-0000236,CUS-0000236,TARIQ NGUYEN,INDIVIDUAL,1944-05-08,FI,HV00002360,FI-10,2007-09-01,ACTIVE,2026-03-04,0,clean
REC-0000237,CUS-0000237,MOHAMMED KARIMI,INDIVIDUAL,1980-11-28,CA,HV00002377,CA-57,2006-03-16,ACTIVE,2022-08-31,0,stale_refresh
REC-0000238,CUS-0000238,INGRID OKONKWO,INDIVIDUAL,1941-07-02,SE,HV00002384,SE-77,2018-05-17,ACTIVE,2025-09-29,0,clean
REC-0000239,CUS-0000239,IRONWOOD COMMODITIES LTD,ENTITY,,US,HV00002391,US-22,2017-04-07,ACTIVE,2026-02-27,0,clean
REC-0000240,CUS-0000240,TARIQ SCHMIDT,INDIVIDUAL,1963-12-25,ZA,HV00002404,ZA-60,2011-08-30,ACTIVE,2025-12-05,0,clean
REC-0000241,CUS-0000241,ELENA KOWALSKI,INDIVIDUAL,2001-05-14,JP,HV00002411,JP-20,2021-08-21,ACTIVE,2026-06-14,0,clean
REC-0000242,CUS-0000242,ANNE-MARIE ØSTERGAARD,INDIVIDUAL,1945-01-12,IT,HV00002428,IT-91,2014-06-17,ACTIVE,2026-04-04,0,clean_edge
REC-0000243,CUS-0000243,LENA TANAKA,INDIVIDUAL,1987-05-20,NL,HV00002435,NL-15,2018-09-10,ACTIVE,2025-09-13,0,clean
REC-0000244,CUS-0000244,SOFIA WATANABE,INDIVIDUAL,1965-02-25,GB,HV00002442,GB-79,2007-09-02,ACTIVE,2026-06-14,0,clean
REC-0000245,CUS-0000245,JAMES GARCIA,INDIVIDUAL,1992-08-30,FI,HV00002459,FI-28,2013-01-20,ACTIVE,2025-12-09,0,clean
REC-0000246,CUS-0000246,PINNACLE FREIGHT PTE,ENTITY,,CH,HV00002466,CH-59,2009-08-23,ACTIVE,2025-09-27,0,clean
REC-0000247,CUS-0000247,CARLOS ROSSI,INDIVIDUAL,2001-11-03,BE,HV00002473,BE-20,2022-08-04,ACTIVE,2026-01-04,0,clean
REC-0000248,CUS-0000248,TARIQ MULLER,INDIVIDUAL,1970-07-22,BR,HV00002480,BR-87,2011-03-17,ACTIVE,2025-12-09,0,clean
REC-0000249,CUS-0000249,NORTHGATE COMPONENTS SA,ENTITY,,NL,HV00002497,NL-39,2006-08-31,ACTIVE,2025-12-20,0,clean
REC-0000250,CUS-0000250,SOFIA HAIDARI,INDIVIDUAL,1947-09-09,KR,HV00002500,KR-89,2019-02-21,ACTIVE,2026-02-24,0,clean
REC-0000251,CUS-0000251,CARLOS HAIDARI,INDIVIDUAL,2015-03-28,DE,HV00002517,DE-91,2013-02-07,ACTIVE,2025-12-13,1,impossible_dob_sequence
REC-0000252,CUS-0000252,DAVID ANDERSEN,INDIVIDUAL,1964-03-14,CH,HV00002524,CH-23,2015-12-23,ACTIVE,2026-03-27,0,clean
REC-0000253,CUS-0000253,PABLO FERREIRA,INDIVIDUAL,1949-04-07,SE,HV00002531,SE-13,2018-06-11,ACTIVE,2025-09-20,0,clean
REC-0000254,CUS-0000254,FATIMA COSTA,INDIVIDUAL,1974-07-24,IE,HV00002548,IE-11,2023-08-06,ACTIVE,2025-12-14,0,clean
REC-0000255,CUS-0000255,YUKI AL-RASHID,INDIVIDUAL,1991-04-24,PT,HV00002555,PT-76,2018-07-20,ACTIVE,2025-12-18,1,near_dup_shared_id
REC-0000256,CUS-0000256,YUKI AL RASHEED,INDIVIDUAL,1991-04-24,PT,HV00002555,PT-76,2022-01-06,ACTIVE,2025-12-18,1,near_dup_shared_id
REC-0000257,CUS-0000257,WEI IVANOV,INDIVIDUAL,1978-12-30,IN,HV00002562,IN-45,2009-04-10,ACTIVE,2025-10-26,0,clean
REC-0000258,CUS-0000258,ELENA VARGAS,INDIVIDUAL,1996-01-28,ES,HV00002579,ES-73,2011-08-24,ACTIVE,2026-03-22,0,clean
REC-0000259,CUS-0000259,JAMES HAIDARI,INDIVIDUAL,1969-10-21,CA,HV00002586,CA-89,,ACTIVE,2026-01-13,0,missing_supporting
REC-0000260,CUS-0000260,LENA YAMAMOTO,INDIVIDUAL,1993-04-29,DK,HV00002593,IN-50,2024-06-21,ACTIVE,2026-03-20,0,prefix_country_mismatch
REC-0000261,CUS-0000261,JOHAN VARGAS,INDIVIDUAL,2002-05-07,IT,HV00002606,IT-91,2013-02-27,ACTIVE,2025-09-09,0,clean
REC-0000262,CUS-0000262,PRIYA KHAN,INDIVIDUAL,1975-04-02,NL,HV00002613,NL-56,2014-06-08,ACTIVE,2025-09-15,0,clean
REC-0000263,CUS-0000263,SOFIA ANDERSEN,INDIVIDUAL,1989-05-08,SE,HV00002620,SE-13,2010-01-13,CLOSED,2025-11-06,0,clean
REC-0000264,CUS-0000264,NORTHGATE TEXTILES SA,ENTITY,,AE,HV00002637,AE-96,2015-11-01,ACTIVE,2026-01-26,0,clean
REC-0000265,CUS-0000265,ALEKSANDR FERREIRA,INDIVIDUAL,1973-10-27,KR,HV00002644,KR-19,2009-06-16,ACTIVE,2025-10-28,0,clean
REC-0000266,CUS-0000266,KATHERINE WATANABE,INDIVIDUAL,2002-01-20,SE,HV00002651,SE-63,2017-05-13,ACTIVE,2022-05-23,0,stale_refresh
REC-0000267,CUS-0000267,AISHA ANDERSEN,INDIVIDUAL,1962-04-09,LU,HV00002668,LU-94,2007-11-28,ACTIVE,2026-04-06,0,clean
REC-0000268,CUS-0000268,OMAR NGUYEN,INDIVIDUAL,1998-01-08,GB,HV00002675,GB-61,2018-08-19,CLOSED,2026-01-12,0,clean
REC-0000269,CUS-0000269,MERIDIAN TEXTILES GMBH,ENTITY,,BR,HV00002682,BR-38,2008-05-17,ACTIVE,2025-10-08,0,clean
REC-0000270,CUS-0000270,ELENA LINDQVIST,,1973-07-25,PL,HV00002699,PL-60,2018-11-26,ACTIVE,2025-10-17,0,missing_supporting
REC-0000271,CUS-0000271,AISHA KOWALSKI,INDIVIDUAL,1900-01-01,US,HV00002702,US-20,2016-10-29,ACTIVE,2026-04-19,0,clean_edge
REC-0000272,CUS-0000272,MOHAMMED KARIMI,INDIVIDUAL,1983-04-29,MX,HV00002719,MX-54,2023-08-04,ACTIVE,2025-11-18,0,clean
REC-0000273,CUS-0000273,WEI KOWALSKI,INDIVIDUAL,1944-01-04,MX,,MX-24,2013-02-25,ACTIVE,2026-01-06,0,missing_supporting
REC-0000274,CUS-0000274,,INDIVIDUAL,1961-11-18,AT,HV00002733,AT-76,2009-09-08,CLOSED,2026-04-10,0,null_name_inactive
REC-0000275,CUS-0000275,ELENA ROSSI,INDIVIDUAL,1976-05-03,BR,HV00002740,BR-90,2016-05-13,ACTIVE,2025-11-21,0,clean
REC-0000276,CUS-0000276,DIEGO GARCIA,INDIVIDUAL,1980-05-01,PT,HV00002757,PT-85,2019-10-10,ACTIVE,2026-06-28,0,clean
REC-0000277,CUS-0000277,YUSUF HASSAN,INDIVIDUAL,1945-08-12,AE,HV00002764,AE-83,2012-03-30,ACTIVE,2025-09-29,0,clean
REC-0000278,CUS-0000278,KENJI TANAKA,INDIVIDUAL,1963-07-15,NL,HV00002771,NL-95,2010-06-03,DORMANT,2025-10-03,0,clean
REC-0000279,CUS-0000279,IRONWOOD FOODS SA,INDIVIDUAL,1985.06.01,NL,HV00002788,NL-85,2019-05-23,ACTIVE,2026-01-01,1,malformed_dob
REC-0000280,CUS-0000280,SOFIA HASSAN,INDIVIDUAL,1966-09-07,SG,HV00002795,SG-88,2024-04-02,ACTIVE,2026-04-23,0,clean
REC-0000281,CUS-0000281,AISHA IVANOV,INDIVIDUAL,1973-06-28,JP,HV00002808,JP-98,2012-11-06,ACTIVE,2025-12-14,0,clean
REC-0000282,CUS-0000282,HUSSEIN FERREIRA,INDIVIDUAL,1956-08-30,CA,HV00002815,CA-72,2018-11-22,ACTIVE,2026-04-03,0,clean
REC-0000283,CUS-0000283,CARLOS IVANOV,INDIVIDUAL,1968-03-22,IN,HV00002822,IN-67,2012-06-24,ACTIVE,2025-12-29,0,clean
REC-0000284,CUS-0000284,CRESTLINE AGRO EXPORTS PTE,ENTITY,,IN,HV00002839,IN-74,2009-01-23,ACTIVE,2025-12-03,0,clean
REC-0000285,CUS-0000285,TARIQ LINDQVIST,INDIVIDUAL,1983-11-04,BR,HV00002846,BR-31,2021-12-05,ACTIVE,2026-06-15,0,clean
REC-0000286,CUS-0000286,MARIA HANSSON,INDIVIDUAL,1960-03-03,JP,HV00002853,JP-78,2012-07-20,ACTIVE,2025-11-08,0,clean
REC-0000287,CUS-0000287,AMARA JOHANSSON,INDIVIDUAL,1985-10-29,BE,HV00002860,BE-24,2023-03-07,ACTIVE,2026-02-13,0,clean
REC-0000288,CUS-0000288,NADIA KHAN,INDIVIDUAL,1943-09-25,DK,HV00002877,DK-66,2014-03-25,ACTIVE,2025-11-25,0,clean
REC-0000289,CUS-0000289,YUSUF NAKAMURA,INDIVIDUAL,1966-09-16,DK,HV00002884,DK-14,2020-08-29,ACTIVE,2026-01-03,1,exact_dup
REC-0000290,CUS-0000290,YUSUF NAKAMURA,INDIVIDUAL,1966-09-16,DK,HV00002884,DK-14,2020-08-29,ACTIVE,2026-01-03,1,exact_dup
REC-0000291,CUS-0000291,HARBORVIEW FREIGHT LLC,ENTITY,,DE,HV00002891,DE-85,2015-11-06,ACTIVE,2025-11-23,0,clean
REC-0000292,CUS-0000292,MOHAMMED KHAN,INDIVIDUAL,1958-07-26,CA,HV00002904,CA-17,2023-08-09,ACTIVE,2025-10-01,0,clean
REC-0000293,CUS-0000293,FRANÇOIS ØSTERGAARD,INDIVIDUAL,1966-04-03,SE,HV00002911,SE-47,2009-10-11,ACTIVE,2025-10-10,0,clean_edge
REC-0000294,CUS-0000294,ATLANTIC COMMODITIES LLC,ENTITY,,AU,HV00002928,AU-28,2025-06-12,ACTIVE,2026-02-24,0,clean
REC-0000295,CUS-0000295,AMARA AL-RASHID,INDIVIDUAL,1991-10-21,KR,HV00002935,KR-90,2014-10-23,ACTIVE,2025-11-30,1,exact_dup
REC-0000296,CUS-0000296,AMARA AL-RASHID,INDIVIDUAL,1991-10-21,KR,HV00002935,KR-90,2014-10-23,ACTIVE,2025-11-30,1,exact_dup
REC-0000297,CUS-0000297,HANNAH BERGSTROM,INDIVIDUAL,1948-05-08,DE,HV00002942,DE-61,2020-03-18,ACTIVE,2026-02-08,0,clean
REC-0000298,CUS-0000298,KENJI MORETTI,INDIVIDUAL,1969-05-12,NZ,HV00002959,NZ-84,2014-04-12,ACTIVE,2026-05-14,0,clean
REC-0000299,CUS-0000299,SOFIA HASSAN,INDIVIDUAL,1972-02-20,MX,HV00002966,MX-18,2020-03-28,DORMANT,2025-12-09,0,clean
REC-0000300,CUS-0000300,MOHAMMED MORETTI,INDIVIDUAL,1964-02-03,BR,HV00002973,BR-51,2024-07-02,DORMANT,2026-01-09,0,clean
REC-0000301,CUS-0000301,LENA MORETTI,INDIVIDUAL,1970-11-02,CA,HV00002980,CA-97,2018-09-12,ACTIVE,2026-06-07,0,clean
REC-0000302,CUS-0000302,KENJI OKONKWO,INDIVIDUAL,1951-02-23,AT,HV00002997,AT-30,2024-10-07,ACTIVE,2026-06-30,0,clean
REC-0000303,CUS-0000303,ATLANTIC CONSULTING LLC,ENTITY,,BR,HV00003005,BR-45,2010-07-16,ACTIVE,2025-12-28,0,clean
REC-0000304,CUS-0000304,,INDIVIDUAL,1954-11-06,ES,HV00003012,ES-16,2020-11-26,CLOSED,2026-01-25,0,null_name_inactive
REC-0000305,CUS-0000305,INGRID YAMAMOTO,INDIVIDUAL,1948-03-07,BE,HV00003029,BE-22,2011-04-03,ACTIVE,2024-12-18,0,stale_refresh
REC-0000306,CUS-0000306,SOFIA LINDQVIST,INDIVIDUAL,1940-10-31,XX,HV00003036,PL-26,2017-08-26,ACTIVE,2026-04-30,1,country_drift
REC-0000307,CUS-0000307,WEI VARGAS,INDIVIDUAL,1949-03-10,JP,HV00003043,JP-23,2014-08-05,ACTIVE,2026-01-28,0,clean
REC-0000308,CUS-0000308,YUSUF COSTA,INDIVIDUAL,1951-12-11,BE,HV00003050,BE-92,2024-03-30,CLOSED,2026-04-18,0,clean
REC-0000309,CUS-0000309,CHLOE YAMAMOTO,INDIVIDUAL,2000-02-29,NO,HV00003067,NO-66,2006-03-11,ACTIVE,2026-03-13,0,clean_edge
REC-0000310,CUS-0000310,MOHAMMED MULLER,INDIVIDUAL,1949-01-05,MX,HV00003074,MX-27,2025-04-15,ACTIVE,2025-12-16,0,clean
REC-0000311,CUS-0000311,HANNAH AL-RASHID,INDIVIDUAL,1962-03-25,BR,HV00003081,BR-45,2013-01-20,ACTIVE,2026-02-23,0,clean
REC-0000312,CUS-0000312,CHLOE KOWALSKI,INDIVIDUAL,2001-12-11,IE,HV00003098,IE-13,2022-03-05,DORMANT,2026-01-27,0,clean
REC-0000313,CUS-0000313,MOHAMMED VARGAS,INDIVIDUAL,1975-02-22,IE,HV00003101,IE-47,2017-06-06,ACTIVE,2025-07-05,0,clean_edge
REC-0000314,CUS-0000314,OMAR PETROV,INDIVIDUAL,1946-05-15,JP,HV00003118,JP-77,2017-03-16,DORMANT,2026-06-24,0,clean
REC-0000315,CUS-0000315,ATLANTIC AGRO EXPORTS PTE,ENTITY,,LU,HV00003125,LU-63,2013-02-05,ACTIVE,2026-04-03,0,clean
REC-0000316,CUS-0000316,JAMES DUBOIS,INDIVIDUAL,1946-01-21,BE,HV00003132,BE-11,2007-08-21,ACTIVE,2026-06-10,0,clean
REC-0000317,CUS-0000317,LAKESHORE CONSULTING BV,ENTITY,,AT,HV00003149,AT-74,2014-12-05,ACTIVE,2025-11-26,0,clean
REC-0000318,CUS-0000318,NADIA JOHANSSON,INDIVIDUAL,1995-04-08,DE,HV00003156,DE-29,2020-05-14,ACTIVE,2026-01-23,0,clean
REC-0000319,CUS-0000319,HANNAH AL-RASHID,INDIVIDUAL,1988-02-14,LU,HV00003163,LU-51,2010-07-23,ACTIVE,2026-05-28,0,clean
REC-0000320,CUS-0000320,LENA NAKAMURA,INDIVIDUAL,1945-03-12,BR,HV00003170,FR-68,2022-05-16,ACTIVE,2025-11-20,0,prefix_country_mismatch
REC-0000321,CUS-0000321,SOFIA VARGAS,INDIVIDUAL,1999-01-14,GB,HV00003187,GB-32,2012-12-08,ACTIVE,2026-04-21,0,clean
REC-0000322,CUS-0000322,DAVID KARIMI,INDIVIDUAL,1986-05-27,SG,HV00003194,SG-43,2017-02-18,ACTIVE,2023-11-23,0,stale_refresh
REC-0000323,CUS-0000323,DIEGO OKONKWO,INDIVIDUAL,1970-01-20,FR,HV00003207,FR-64,2023-04-21,ACTIVE,2023-12-05,0,stale_refresh
REC-0000324,CUS-0000324,WEI MORETTI,INDIVIDUAL,1980-11-01,NO,HV00003214,NO-75,2020-01-28,ACTIVE,2025-10-18,0,clean
REC-0000325,CUS-0000325,ATLANTIC CONSULTING LTD,ENTITY,,SG,HV00003221,SG-83,2014-04-01,ACTIVE,2026-05-02,0,clean
REC-0000326,CUS-0000326,MARIA COSTA,INDIVIDUAL,07/04/1985,ZA,HV00003238,ZA-41,2006-01-22,ACTIVE,2025-12-26,1,malformed_dob
REC-0000327,CUS-0000327,MERIDIAN MEDIA BV,ENTITY,,SG,HV00003245,SG-93,2025-03-26,ACTIVE,2026-01-17,0,clean
REC-0000328,CUS-0000328,FATIMA HANSSON,INDIVIDUAL,1946-12-27,LU,HV00003252,LU-83,2022-02-26,ACTIVE,2025-10-16,0,clean
REC-0000329,CUS-0000329,ELENA ROSSI,INDIVIDUAL,1986-04-09,ZZ,HV00003269,FI-46,2010-01-09,CLOSED,2026-05-26,1,country_drift
REC-0000330,CUS-0000330,WEI JOHANSSON,INDIVIDUAL,19851207,CH,HV00003276,CH-11,2013-05-05,ACTIVE,2026-02-01,1,malformed_dob
REC-0000331,CUS-0000331,ELENA LINDQVIST,INDIVIDUAL,1973-01-14,PT,HV00003283,PT-85,2019-12-20,CLOSED,2026-03-22,0,clean
REC-0000332,CUS-0000332,HANNAH NAKAMURA,INDIVIDUAL,1953-07-04,SE,HV00003290,SE-10,2023-01-21,CLOSED,2026-06-18,0,clean
REC-0000333,CUS-0000333,TARIQ HASSAN,INDIVIDUAL,1940-11-10,ES,HV00003303,ES-52,2020-04-06,ACTIVE,2025-12-20,0,clean
REC-0000334,CUS-0000334,HARBORVIEW FREIGHT PTE,ENTITY,,PT,HV00003310,PT-40,2012-11-24,ACTIVE,2026-05-31,0,clean
REC-0000335,CUS-0000335,NORTHGATE TEXTILES LTD,ENTITY,,CA,HV00003327,CA-39,2021-12-17,DORMANT,2025-10-07,0,clean
REC-0000336,CUS-0000336,KENJI VARGAS,INDIVIDUAL,1947-08-14,NZ,HV00003334,NZ-84,2014-05-10,ACTIVE,2026-04-23,0,clean
REC-0000337,CUS-0000337,VIKTOR DUBOIS,INDIVIDUAL,1945-08-02,IT,HV00003341,IT-65,2007-09-06,ACTIVE,2026-04-25,0,clean
REC-0000338,CUS-0000338,FATIMA WATANABE,INDIVIDUAL,1975-04-03,AU,HV00003358,AU-99,2025-01-31,DORMANT,2026-01-14,0,clean
REC-0000339,CUS-0000339,WEI GARCIA,INDIVIDUAL,1952-03-18,AU,HV00003365,AU-84,2011-03-29,ACTIVE,2026-05-07,0,clean
REC-0000340,CUS-0000340,INGRID TANAKA,INDIVIDUAL,1988-01-30,MX,HV00003372,MX-55,2013-01-16,ACTIVE,2022-11-13,0,stale_refresh
REC-0000341,CUS-0000341,AISHA MULLER,INDIVIDUAL,1954-02-20,AU,HV00003389,AU-97,2025-02-13,ACTIVE,2026-06-10,0,clean
REC-0000342,CUS-0000342,CARLOS MULLER,INDIVIDUAL,2003-10-20,FI,HV00003396,FI-41,2013-05-09,ACTIVE,2022-07-10,0,stale_refresh
REC-0000343,CUS-0000343,TARIQ IVANOV,INDIVIDUAL,1942-10-15,CH,HV00003409,CH-61,2011-11-02,DORMANT,2025-09-19,0,clean
REC-0000344,CUS-0000344,KENJI TANAKA,INDIVIDUAL,1952-07-16,JP,HV00003416,JP-25,2008-02-15,ACTIVE,2026-03-09,0,clean
REC-0000345,CUS-0000345,DAVID NGUYEN,INDIVIDUAL,1996-07-18,DK,HV00003423,DK-92,2014-12-26,ACTIVE,2025-09-03,0,clean
REC-0000346,CUS-0000346,JAMES MULLER,INDIVIDUAL,1957-09-27,DK,HV00003430,DK-92,2007-09-07,ACTIVE,2026-04-26,0,clean
REC-0000347,CUS-0000347,HANNAH REYES,INDIVIDUAL,1950-12-28,FI,HV00003447,FI-15,2024-08-08,CLOSED,2026-06-05,0,clean
REC-0000348,CUS-0000348,TARIQ VARGAS,INDIVIDUAL,1975-06-09,NO,HV00003454,NO-73,2015-09-19,ACTIVE,2025-11-24,0,clean
REC-0000349,CUS-0000349,PRIYA HANSSON,INDIVIDUAL,1980-01-05,AE,HV00003461,AE-29,2010-03-14,ACTIVE,2026-02-25,0,clean
REC-0000350,CUS-0000350,DIEGO JOHANSSON,INDIVIDUAL,1982-12-22,IN,HV00003478,IN-17,2015-03-30,ACTIVE,2025-12-16,0,clean
REC-0000351,CUS-0000351,DIEGO ROSSI,INDIVIDUAL,,AE,HV00003485,AE-41,2020-05-31,ACTIVE,2025-09-25,1,missing_dob
REC-0000352,CUS-0000352,ALEKSANDR SCHMIDT,INDIVIDUAL,1983-01-13,IT,HV00003492,IT-79,2023-07-16,DORMANT,2026-01-05,0,clean
REC-0000353,CUS-0000353,IRONWOOD CONSULTING LLC,ENTITY,,ZA,HV00003505,ZA-13,2013-03-19,ACTIVE,2026-03-10,0,clean
REC-0000354,CUS-0000354,PRIYA SILVA,INDIVIDUAL,1982-04-26,AT,HV00003512,AT-77,2023-06-18,ACTIVE,2025-09-04,0,clean
REC-0000355,CUS-0000355,CRESTLINE FREIGHT GMBH,INDIVIDUAL,1996-02-29,SG,HV00003529,SG-78,2008-03-31,DORMANT,2026-06-02,0,clean_edge
REC-0000356,CUS-0000356,BLUEWATER COMMODITIES LLC,ENTITY,,LU,HV00003536,LU-99,2014-09-17,ACTIVE,2025-12-29,0,clean_edge
REC-0000357,CUS-0000357,CARLOS DUBOIS,INDIVIDUAL,1956-11-20,NO,HV00003543,NO-73,2018-08-23,ACTIVE,2026-04-02,0,clean
REC-0000358,CUS-0000358,ELENA PETROV,INDIVIDUAL,1959-08-18,DE,HV00003550,DE-12,2007-04-06,ACTIVE,2026-06-30,0,clean
REC-0000359,CUS-0000359,HANNAH AL-RASHID,INDIVIDUAL,1970-07-27,IE,HV00003567,IE-32,2010-07-09,CLOSED,2026-01-16,0,clean
REC-0000360,CUS-0000360,ALEKSANDR WATANABE,INDIVIDUAL,1952-09-15,CA,HV00003574,CA-24,2019-02-27,DORMANT,2025-12-26,0,clean
REC-0000361,CUS-0000361,IRONWOOD FOODS LTD,ENTITY,,ES,HV00003581,ES-53,2021-10-20,ACTIVE,2026-04-22,0,clean
REC-0000362,CUS-0000362,SUMMIT MARINE SUPPLY LLC,ENTITY,,PT,HV00003598,PT-81,2015-10-19,ACTIVE,2025-12-30,0,clean
REC-0000363,CUS-0000363,YUKI HAIDARI,INDIVIDUAL,1967-07-11,NO,HV00003601,NO-98,2024-04-08,ACTIVE,2026-04-01,0,clean
REC-0000364,CUS-0000364,HUSSEIN COSTA,INDIVIDUAL,1990-11-29,PL,HV00003618,PL-14,2018-11-06,ACTIVE,2026-01-19,0,clean
REC-0000365,CUS-0000365,PINNACLE TEXTILES SA,ENTITY,,IE,HV00003625,IE-28,2010-12-15,ACTIVE,2024-01-25,0,stale_refresh
REC-0000366,CUS-0000366,OMAR BERGSTROM,INDIVIDUAL,1947-12-17,NL,HV00003632,NL-95,2009-10-07,ACTIVE,2026-01-10,0,clean
REC-0000367,CUS-0000367,ELENA HASSAN,INDIVIDUAL,1946-01-30,AU,HV00003649,AU-54,2010-09-14,ACTIVE,2026-05-06,0,clean
REC-0000368,CUS-0000368,KENJI VARGAS,INDIVIDUAL,1977-08-25,GB,HV00003656,GB-31,2014-08-28,DORMANT,2025-10-21,0,clean
REC-0000369,CUS-0000369,IRONWOOD TEXTILES SA,ENTITY,,ES,HV00003663,ES-83,2018-04-01,ACTIVE,2024-06-27,0,stale_refresh
REC-0000370,CUS-0000370,MARIA KOWALSKI,INDIVIDUAL,1941-10-19,AT,HV00003670,AT-50,2024-12-20,ACTIVE,2026-05-08,0,clean
REC-0000371,CUS-0000371,HUSSEIN IVANOV,INDIVIDUAL,2005-09-01,SG,HV00003687,SG-19,2025-11-30,ACTIVE,2026-05-14,0,clean
REC-0000372,CUS-0000372,ALEKSANDR OKONKWO,INDIVIDUAL,1978-09-11,IE,HV00003694,IE-93,2016-10-29,ACTIVE,2025-11-20,0,clean
REC-0000373,CUS-0000373,MOHAMMED GARCIA,INDIVIDUAL,1976-09-19,FR,HV00003707,FR-99,2013-06-05,ACTIVE,2025-09-27,0,clean
REC-0000374,CUS-0000374,ELENA TANAKA,INDIVIDUAL,1944-06-14,CH,HV00003714,CH-60,2012-09-02,ACTIVE,2025-10-22,0,clean
REC-0000375,CUS-0000375,INGRID MULLER,INDIVIDUAL,1966-06-04,ES,HV00003721,ES-94,2006-02-01,ACTIVE,2025-10-28,0,clean
REC-0000376,CUS-0000376,YUKI YAMAMOTO,INDIVIDUAL,1966-03-07,US,HV00003738,US-20,2010-08-23,ACTIVE,2026-05-02,0,clean
REC-0000377,CUS-0000377,AMARA BERGSTROM,INDIVIDUAL,1999-04-21,IT,HV00003745,IT-43,2016-07-24,ACTIVE,2025-09-25,0,clean
REC-0000378,CUS-0000378,HUSSEIN SCHMIDT,INDIVIDUAL,1956-09-26,ES,HV00003752,ES-67,2025-11-10,ACTIVE,2025-07-05,0,clean_edge
REC-0000379,CUS-0000379,VIKTOR SILVA,INDIVIDUAL,1953-07-23,DK,HV00003769,DK-99,2012-01-10,ACTIVE,2026-05-18,0,clean
REC-0000380,CUS-0000380,INGRID ANDERSEN,INDIVIDUAL,1992-11-27,AT,HV00003776,AT-39,2018-02-22,ACTIVE,2025-12-14,0,clean
REC-0000381,CUS-0000381,SUMMIT FOODS LLC,ENTITY,,BR,HV00003783,BR-70,2018-01-04,ACTIVE,2025-03-16,0,stale_refresh
REC-0000382,CUS-0000382,HANNAH DUBOIS,INDIVIDUAL,2000-10-13,NZ,HV00003790,NZ-89,2017-08-04,ACTIVE,2025-11-13,0,clean
REC-0000383,CUS-0000383,HANNAH GARCIA,INDIVIDUAL,2028-05-02,SG,HV00003803,SG-15,2010-07-13,ACTIVE,2025-11-20,1,impossible_dob_sequence
REC-0000384,CUS-0000384,FATIMA WATANABE,INDIVIDUAL,2005-03-25,IE,HV00003810,IE-18,2011-10-14,ACTIVE,2025-09-19,0,clean
REC-0000385,CUS-0000385,LAKESHORE AGRO EXPORTS LTD,ENTITY,1978-08-04,NL,HV00003827,NL-11,2025-03-19,DORMANT,2025-09-03,0,entity_dob_conflict
REC-0000386,CUS-0000386,VIKTOR ANDERSEN,INDIVIDUAL,1948-12-27,NO,HV00003834,NO-23,2019-03-10,ACTIVE,2026-05-10,0,clean
REC-0000387,CUS-0000387,DIEGO SCHMIDT,INDIVIDUAL,1976-11-11,FI,HV00003841,FI-43,2018-01-05,ACTIVE,2025-10-25,0,clean
REC-0000388,CUS-0000388,YUKI HANSSON,INDIVIDUAL,1976-02-25,IN,HV00003858,IN-28,2006-11-03,ACTIVE,2025-12-07,0,clean
REC-0000389,CUS-0000389,FATIMA HASSAN,INDIVIDUAL,1900-01-01,NZ,HV00003865,NZ-16,2025-09-18,ACTIVE,2026-02-13,0,clean_edge
REC-0000390,CUS-0000390,JOHAN KOWALSKI,INDIVIDUAL,1965-02-24,DK,HV00003872,DK-72,2023-10-20,DORMANT,2026-05-11,0,clean
REC-0000391,CUS-0000391,NORTHGATE COMPONENTS GMBH,INDIVIDUAL,2000-02-29,JP,HV00003889,JP-44,2009-01-05,ACTIVE,2026-05-16,0,clean_edge
REC-0000392,CUS-0000392,MEI MORETTI,INDIVIDUAL,1986-05-03,DK,HV00003896,DK-57,2015-02-18,DORMANT,2025-10-10,0,clean
REC-0000393,CUS-0000393,ALEKSANDR KARIMI,INDIVIDUAL,1976-03-10,DE,HV00003909,DE-27,2012-12-23,DORMANT,2025-10-05,0,clean
REC-0000394,CUS-0000394,CRESTLINE FREIGHT LTD,ENTITY,,US,HV00003916,US-41,2009-11-24,ACTIVE,2026-06-05,0,clean
REC-0000395,CUS-0000395,NORTHGATE MARINE SUPPLY SA,ENTITY,,PL,HV00003923,PL-74,2010-06-20,ACTIVE,2026-04-28,0,clean
REC-0000396,CUS-0000396,AMARA PETROV,INDIVIDUAL,1980-01-08,JP,HV00003930,JP-32,2014-05-10,CLOSED,2025-10-31,0,clean
REC-0000397,CUS-0000397,YUKI KHAN,INDIVIDUAL,1963-03-16,ES,HV00003947,ES-98,2013-09-21,ACTIVE,2026-06-16,0,clean
REC-0000398,CUS-0000398,VIKTOR ANDERSEN,INDIVIDUAL,1959-03-24,SG,HV00003954,SG-38,2025-02-24,ACTIVE,2026-03-17,0,clean
REC-0000399,CUS-0000399,JAMES COSTA,INDIVIDUAL,2001-03-15,BR,HV00003961,BR-11,2017-07-06,ACTIVE,2026-04-24,0,clean
REC-0000400,CUS-0000400,JAMES NAKAMURA,INDIVIDUAL,1962-08-23,IE,HV00003978,IE-87,2023-12-18,DORMANT,2026-01-25,0,clean
REC-0000401,CUS-0000401,PRIYA FERREIRA,INDIVIDUAL,1973-10-10,PL,HV00003985,PL-54,2020-06-01,ACTIVE,2026-03-11,0,clean
REC-0000402,CUS-0000402,TARIQ PETROV,INDIVIDUAL,1975-08-18,KR,HV00003992,KR-84,2017-09-05,ACTIVE,2025-10-12,0,clean
REC-0000403,CUS-0000403,BLUEWATER MEDIA BV,ENTITY,,DK,HV00004000,DK-86,2024-10-29,ACTIVE,2026-01-29,0,clean
REC-0000404,CUS-0000404,FATIMA HANSSON,INDIVIDUAL,1997-06-21,IN,HV00004017,IN-51,2007-06-07,DORMANT,2026-02-17,0,clean
REC-0000405,CUS-0000405,JOHAN GARCIA,INDIVIDUAL,1953-06-13,NZ,HV00004024,NZ-76,2020-08-11,ACTIVE,2026-06-01,0,clean
REC-0000406,CUS-0000406,PINNACLE AGRO EXPORTS BV,ENTITY,,AT,HV00004031,AT-50,2024-03-02,ACTIVE,2026-06-17,0,clean
REC-0000407,CUS-0000407,KATHERINE FERREIRA,INDIVIDUAL,1976-04-18,NZ,HV00004048,NZ-53,2011-10-27,ACTIVE,2025-09-05,0,clean_edge
REC-0000408,CUS-0000408,NADIA YAMAMOTO,INDIVIDUAL,1982-09-05,JP,HV00004055,NZ-31,2021-05-24,ACTIVE,2026-01-28,0,prefix_country_mismatch
REC-0000409,CUS-0000409,ATLANTIC CONSULTING LTD,ENTITY,,NZ,HV00004062,NZ-70,2018-07-10,ACTIVE,2026-02-18,0,clean
REC-0000410,CUS-0000410,KATHERINE IVANOV,INDIVIDUAL,2000-12-23,SE,HV00004079,SE-52,2023-02-10,ACTIVE,2026-03-09,0,clean
REC-0000411,CUS-0000411,,INDIVIDUAL,1969-09-21,PT,HV00004086,PT-57,2025-07-18,CLOSED,2026-01-31,0,null_name_inactive
REC-0000412,CUS-0000412,MARIA COSTA,INDIVIDUAL,1996-11-29,FR,HV00004093,FR-84,2016-07-21,ACTIVE,2026-05-25,0,clean
REC-0000413,CUS-0000413,AISHA COSTA,INDIVIDUAL,2001-01-25,AE,HV00004106,AE-58,2017-03-23,ACTIVE,2025-12-01,0,clean
REC-0000414,CUS-0000414,CARLOS GARCIA,INDIVIDUAL,1970-09-28,FI,HV00004113,FI-62,2009-05-20,CLOSED,2025-11-08,0,clean
REC-0000415,CUS-0000415,YUKI ANDERSEN,INDIVIDUAL,1947-04-02,FI,HV00004120,FI-72,2022-01-19,ACTIVE,2026-04-01,0,clean
REC-0000416,CUS-0000416,KENJI HANSSON,INDIVIDUAL,1958-10-14,GB,HV00004137,GB-31,2006-02-08,ACTIVE,2026-04-10,0,clean
REC-0000417,CUS-0000417,WEI AL-RASHID,INDIVIDUAL,1995-02-16,BE,HV00004144,BE-65,2023-06-28,ACTIVE,2025-12-06,0,clean
REC-0000418,CUS-0000418,JAMES SILVA,INDIVIDUAL,1987-11-20,IN,HV00004151,IN-35,2014-08-07,ACTIVE,2026-06-23,0,clean
REC-0000419,CUS-0000419,LAKESHORE FREIGHT LTD,ENTITY,,BE,HV00004168,BE-96,2024-09-08,ACTIVE,2026-02-23,0,clean
REC-0000420,CUS-0000420,JOHAN AL-RASHID,INDIVIDUAL,1949-03-19,NZ,HV00004175,NZ-59,2013-09-21,ACTIVE,2026-01-25,0,clean
REC-0000421,CUS-0000421,JOHAN KOWALSKI,INDIVIDUAL,1980-11-25,DK,HV00004182,DK-76,2007-01-10,ACTIVE,2026-01-09,0,clean
REC-0000422,CUS-0000422,FATIMA BERGSTROM,INDIVIDUAL,1983-12-23,KR,HV00004199,KR-55,2009-01-01,ACTIVE,2026-04-07,0,clean
REC-0000423,CUS-0000423,IRONWOOD LOGISTICS LLC,ENTITY,,LU,HV00004202,LU-38,2024-03-18,ACTIVE,2026-04-24,0,clean
REC-0000424,CUS-0000424,PABLO IVANOV,INDIVIDUAL,1951-01-18,US,HV00004219,US-56,2019-03-24,ACTIVE,2023-04-19,0,stale_refresh
REC-0000425,CUS-0000425,LAKESHORE FOODS LTD,ENTITY,,AU,HV00004226,AU-86,2023-04-20,CLOSED,2026-05-06,0,clean
REC-0000426,CUS-0000426,ALEKSANDR TANAKA,INDIVIDUAL,1900-01-01,US,HV00004233,US-66,2007-01-31,ACTIVE,2025-09-23,0,clean_edge
REC-0000427,CUS-0000427,ALEKSANDR NGUYEN,INDIVIDUAL,1996-07-19,CA,HV00004240,CA-11,2010-08-11,ACTIVE,2026-05-10,0,clean
REC-0000428,CUS-0000428,,INDIVIDUAL,1952-04-21,AU,HV00004257,AU-63,2019-12-20,CLOSED,2026-05-08,0,null_name_inactive
REC-0000429,CUS-0000429,JOHAN TANAKA,INDIVIDUAL,1949-07-14,IE,HV00004264,IE-73,2008-08-22,ACTIVE,2026-03-20,0,clean
REC-0000430,CUS-0000430,MOHAMMED SCHMIDT,INDIVIDUAL,2003-02-09,DK,HV00004271,DK-62,2017-09-25,ACTIVE,2026-06-10,0,clean
REC-0000431,CUS-0000431,ALEKSANDR WATANABE,INDIVIDUAL,1983-02-14,LU,HV00004288,LU-52,2010-08-29,ACTIVE,2026-06-24,0,clean
REC-0000432,CUS-0000432,TARIQ DUBOIS,INDIVIDUAL,2000-01-08,LU,HV00004295,LU-73,2008-06-23,ACTIVE,2026-05-15,0,clean
REC-0000433,CUS-0000433,MEI TANAKA,INDIVIDUAL,1962-12-16,DE,HV00004308,DE-92,2022-03-25,ACTIVE,2026-01-30,0,clean
REC-0000434,CUS-0000434,TARIQ IVANOV,INDIVIDUAL,1943-07-16,GB,HV00004315,GB-47,2008-03-28,ACTIVE,2026-01-21,0,clean
REC-0000435,CUS-0000435,,INDIVIDUAL,1944-02-12,FR,HV00004322,FR-11,2008-02-18,CLOSED,2026-04-04,0,null_name_inactive
REC-0000436,CUS-0000436,CHLOE HANSSON,INDIVIDUAL,2005-10-07,NZ,HV00004339,NZ-21,2015-10-26,ACTIVE,2026-01-06,0,clean
REC-0000437,CUS-0000437,KENJI HANSSON,INDIVIDUAL,1974-08-09,IT,HV00004346,IT-98,2014-12-23,DORMANT,2025-11-27,0,clean
REC-0000438,CUS-0000438,,INDIVIDUAL,2002-06-16,AT,HV00004353,AT-17,2009-09-28,ACTIVE,2026-04-10,1,null_name_active
REC-0000439,CUS-0000439,AMARA ROSSI,INDIVIDUAL,1991-01-16,LU,HV00004360,LU-96,2019-04-02,ACTIVE,2025-12-18,0,clean
REC-0000440,CUS-0000440,LENA NGUYEN,INDIVIDUAL,2005-03-31,IE,HV00004377,IE-26,2006-08-25,ACTIVE,2025-10-24,0,clean
REC-0000441,CUS-0000441,MARIA MULLER,INDIVIDUAL,1963-06-21,BR,HV00004384,BR-93,2015-11-20,ACTIVE,2025-10-05,0,clean
REC-0000442,CUS-0000442,VIKTOR NAKAMURA,INDIVIDUAL,2000-02-04,NO,HV00004391,NO-53,2022-03-27,ACTIVE,2026-05-13,0,clean
REC-0000443,CUS-0000443,AMARA SCHMIDT,INDIVIDUAL,1999-07-18,PT,HV00004404,PT-96,2011-07-30,ACTIVE,2026-04-15,0,clean
REC-0000444,CUS-0000444,MERIDIAN LOGISTICS BV,ENTITY,,SE,HV00004411,SE-30,2019-09-30,ACTIVE,2025-11-02,0,clean
REC-0000445,CUS-0000445,HARBORVIEW COMPONENTS GMBH,ENTITY,,FI,HV00004428,FI-40,2009-09-16,ACTIVE,2026-02-08,0,clean
REC-0000446,CUS-0000446,OMAR HAIDARI,INDIVIDUAL,1976-03-06,JP,HV00004435,JP-40,2018-05-07,ACTIVE,2025-11-15,0,clean
REC-0000447,CUS-0000447,SUMMIT COMPONENTS GMBH,ENTITY,,MX,HV00004442,MX-25,2007-12-23,CLOSED,2026-06-21,0,clean
REC-0000448,CUS-0000448,NADIA JOHANSSON,INDIVIDUAL,1940-01-06,BR,HV00004459,BR-21,2006-10-21,DORMANT,2026-01-26,0,clean
REC-0000449,CUS-0000449,SUMMIT MARINE SUPPLY GMBH,ENTITY,,SE,HV00004466,SE-16,2010-08-22,DORMANT,2025-11-10,0,clean
REC-0000450,CUS-0000450,JOSÉ N'DIAYE,INDIVIDUAL,2004-04-17,BE,HV00004473,BE-94,2019-11-26,ACTIVE,2025-11-11,0,clean_edge
REC-0000451,CUS-0000451,TARIQ YAMAMOTO,INDIVIDUAL,1966-03-12,NL,HV00004480,NL-80,2013-12-19,ACTIVE,2026-05-07,0,clean
REC-0000452,CUS-0000452,CARLOS KHAN,INDIVIDUAL,2004-04-23,SG,HV00004497,SG-62,2017-01-16,ACTIVE,2026-03-22,0,clean
REC-0000453,CUS-0000453,HUSSEIN GARCIA,INDIVIDUAL,1981-01-01,LU,HV00004500,LU-34,2025-02-11,ACTIVE,2026-05-06,0,clean
REC-0000454,CUS-0000454,TARIQ NGUYEN,INDIVIDUAL,1992-10-28,GB,HV00004517,GB-25,2020-03-15,ACTIVE,2025-11-12,0,clean
REC-0000455,CUS-0000455,CARLOS MORETTI,INDIVIDUAL,1940-05-22,NO,HV00004524,NO-77,2017-04-23,ACTIVE,2025-09-20,0,clean
REC-0000456,CUS-0000456,SUMMIT MEDIA LLC,ENTITY,,DK,HV00004531,DK-98,2019-02-15,ACTIVE,2026-04-26,0,clean
REC-0000457,CUS-0000457,CHLOE BERGSTROM,INDIVIDUAL,1968-11-15,KR,HV00004548,KR-74,2019-06-21,DORMANT,2025-11-28,0,clean
REC-0000458,CUS-0000458,CRESTLINE CONSULTING SA,ENTITY,,LU,HV00004555,LU-53,2021-07-14,CLOSED,2025-11-11,0,clean
REC-0000459,CUS-0000459,PINNACLE MEDIA GMBH,ENTITY,,CA,HV00004562,CA-99,2015-04-05,ACTIVE,2026-01-21,0,clean
REC-0000460,CUS-0000460,OMAR GARCIA,INDIVIDUAL,1958-01-08,LU,HV00004579,LU-36,2018-06-01,ACTIVE,2026-02-02,0,clean
REC-0000461,CUS-0000461,CARLOS HASSAN,INDIVIDUAL,1998-04-28,LU,,LU-32,2021-01-30,ACTIVE,2026-01-16,0,missing_supporting
REC-0000462,CUS-0000462,AMARA DUBOIS,INDIVIDUAL,1991-03-12,ES,HV00004593,ES-95,2018-08-12,ACTIVE,2025-09-30,0,clean
REC-0000463,CUS-0000463,HANNAH OKONKWO,INDIVIDUAL,1985-02-30,FI,HV00004606,FI-23,2015-06-23,ACTIVE,2026-04-17,1,malformed_dob
REC-0000464,CUS-0000464,YUSUF ROSSI,INDIVIDUAL,1954-06-09,AE,HV00004613,AE-46,2011-12-28,ACTIVE,2026-04-17,0,clean
REC-0000465,CUS-0000465,NORTHGATE FREIGHT PTE,ENTITY,,PL,HV00004620,PL-14,2023-08-05,ACTIVE,2025-11-11,0,clean
REC-0000466,CUS-0000466,MEI JOHANSSON,INDIVIDUAL,1960-02-15,FI,HV00004637,FI-92,2021-02-24,ACTIVE,2026-03-01,0,clean
REC-0000467,CUS-0000467,ALEKSANDR KOWALSKI,INDIVIDUAL,2002-03-02,AT,HV00004644,AT-95,2023-12-01,ACTIVE,2025-12-17,0,clean
REC-0000468,CUS-0000468,FATIMA JOHANSSON,INDIVIDUAL,1944-10-28,AT,HV00004651,AT-11,2021-05-14,ACTIVE,2026-03-19,0,clean
REC-0000469,CUS-0000469,LENA LINDQVIST,INDIVIDUAL,1960-03-26,NZ,HV00004668,NZ-34,2025-04-19,ACTIVE,2025-12-24,0,clean_edge
REC-0000470,CUS-0000470,WEI IVANOV,INDIVIDUAL,,SG,HV00004675,SG-75,2021-04-24,ACTIVE,2026-06-10,1,missing_dob
REC-0000471,CUS-0000471,CARLOS IVANOV,INDIVIDUAL,1992-05-23,SE,HV00004682,SE-42,2011-12-05,ACTIVE,2025-11-04,0,clean
REC-0000472,CUS-0000472,CARLOS WATANABE,INDIVIDUAL,1968-12-10,CA,HV00004699,CA-86,2006-11-24,ACTIVE,2026-01-27,0,clean
REC-0000473,CUS-0000473,DAVID MULLER,INDIVIDUAL,2003-06-28,NO,HV00004702,NO-50,2018-05-04,ACTIVE,2026-03-28,0,clean
REC-0000474,CUS-0000474,YUKI FERREIRA,INDIVIDUAL,1988-09-20,AT,HV00004719,AT-78,2017-05-01,ACTIVE,2026-01-03,0,clean
REC-0000475,CUS-0000475,FATIMA REYES,INDIVIDUAL,1972-05-14,AE,HV00004726,AE-47,2020-11-17,ACTIVE,2025-10-02,0,clean
REC-0000476,CUS-0000476,YUSUF YAMAMOTO,INDIVIDUAL,1940-10-15,SE,HV00004733,SE-24,2024-06-22,ACTIVE,2025-11-14,0,clean
REC-0000477,CUS-0000477,KATHERINE PETROV,INDIVIDUAL,1961-11-15,HK,HV00004740,HK-15,2019-10-07,ACTIVE,2026-01-17,0,clean
REC-0000478,CUS-0000478,HUSSEIN HANSSON,INDIVIDUAL,1988-06-19,AT,HV00004757,AT-46,2008-07-17,ACTIVE,2025-10-09,0,clean
REC-0000479,CUS-0000479,LAKESHORE COMPONENTS SA,ENTITY,,ES,HV00004764,ES-15,2017-07-15,ACTIVE,2026-03-24,0,clean
REC-0000480,CUS-0000480,YUKI ANDERSEN,INDIVIDUAL,1988-04-06,DE,HV00004771,DE-78,2008-02-26,ACTIVE,2026-05-28,0,clean
REC-0000481,CUS-0000481,MOHAMMED COSTA,INDIVIDUAL,2001-06-28,HK,HV00004788,HK-64,2023-05-09,DORMANT,2026-03-17,0,clean
REC-0000482,CUS-0000482,MEI ANDERSEN,INDIVIDUAL,1979-01-17,PL,HV00004795,PL-92,2025-09-15,DORMANT,2026-05-25,0,clean
REC-0000483,CUS-0000483,KENJI HASSAN,INDIVIDUAL,,CA,HV00004808,CA-14,2006-07-14,ACTIVE,2026-06-03,1,missing_dob
REC-0000484,CUS-0000484,WEI DUBOIS,INDIVIDUAL,1960-06-03,AU,HV00004815,AU-43,2018-07-08,ACTIVE,2025-11-12,0,clean
REC-0000485,CUS-0000485,JAMES HAIDARI,INDIVIDUAL,2000-05-27,BR,,BR-25,2013-02-04,ACTIVE,2026-05-29,0,missing_supporting
REC-0000486,CUS-0000486,WEI SCHMIDT,INDIVIDUAL,1985-02-09,PL,HV00004839,PL-23,2025-01-09,ACTIVE,2026-01-27,0,clean
REC-0000487,CUS-0000487,KATHERINE LINDQVIST,INDIVIDUAL,1974-03-21,CH,HV00004846,CH-60,2023-03-02,DORMANT,2026-06-15,0,clean
REC-0000488,CUS-0000488,CARLOS VARGAS,INDIVIDUAL,1975-01-29,SE,HV00004853,SE-79,2010-12-07,ACTIVE,2026-04-18,0,clean
REC-0000489,CUS-0000489,LENA VARGAS,INDIVIDUAL,1998-02-16,NZ,HV00004860,NZ-57,2023-10-31,CLOSED,2026-06-25,0,clean
REC-0000490,CUS-0000490,AISHA SILVA,INDIVIDUAL,1940-06-13,SE,HV00004877,SE-83,2009-03-04,ACTIVE,2024-12-03,0,stale_refresh
REC-0000491,CUS-0000491,DIEGO VARGAS,INDIVIDUAL,1970-11-06,PT,HV00004884,PT-37,2022-08-18,ACTIVE,2025-10-11,0,clean
REC-0000492,CUS-0000492,CHLOE KHAN,INDIVIDUAL,1962-09-03,SG,HV00004891,SG-34,2010-12-14,ACTIVE,2025-09-13,0,clean
REC-0000493,CUS-0000493,LAKESHORE COMPONENTS BV,ENTITY,,FI,HV00004904,FI-80,2022-11-05,ACTIVE,2026-05-27,0,clean
REC-0000494,CUS-0000494,VIKTOR MORETTI,INDIVIDUAL,1969-09-06,AE,HV00004911,AE-55,2022-04-11,ACTIVE,2026-03-02,0,clean
REC-0000495,CUS-0000495,DIEGO GARCIA,INDIVIDUAL,1968-07-05,IE,HV00004928,IE-72,2007-07-26,ACTIVE,2026-01-25,0,clean
REC-0000496,CUS-0000496,VIKTOR SCHMIDT,INDIVIDUAL,1968-05-18,CA,HV00004935,CA-64,2018-09-08,ACTIVE,2026-01-21,0,clean
REC-0000497,CUS-0000497,MEI YAMAMOTO,INDIVIDUAL,1979-02-15,JP,HV00004942,JP-45,2021-12-22,DORMANT,2026-04-23,0,clean
REC-0000498,CUS-0000498,AMARA LINDQVIST,INDIVIDUAL,1979-12-15,NL,HV00004959,NL-55,2025-09-09,ACTIVE,2025-10-24,0,clean
REC-0000499,CUS-0000499,CHLOE MULLER,INDIVIDUAL,1965-03-05,SG,HV00004966,CH-90,2020-06-24,DORMANT,2026-03-22,0,prefix_country_mismatch
REC-0000500,CUS-0000500,LENA KARIMI,INDIVIDUAL,1996-08-31,DE,HV00004973,DE-13,2006-06-02,DORMANT,2025-09-07,0,clean
REC-0000501,CUS-0000501,KATHERINE SILVA,INDIVIDUAL,1989-06-26,NO,HV00004980,NO-43,2010-10-09,ACTIVE,2025-09-27,0,clean
REC-0000502,CUS-0000502,DAVID HAIDARI,INDIVIDUAL,1960-01-13,BE,HV00004997,BE-85,2009-05-02,ACTIVE,2026-02-02,0,clean
REC-0000503,CUS-0000503,WEI HAIDARI,INDIVIDUAL,1972-08-23,ZA,HV00005005,ZA-74,2017-06-13,ACTIVE,2024-06-21,0,stale_refresh
REC-0000504,CUS-0000504,YUKI IVANOV,INDIVIDUAL,1990-10-23,CA,HV00005012,CA-82,2016-01-04,ACTIVE,2026-04-17,0,clean
REC-0000505,CUS-0000505,MARIA NAKAMURA,INDIVIDUAL,1988-02-29,IN,HV00005029,IN-39,2014-01-18,ACTIVE,2025-12-23,0,clean_edge
REC-0000506,CUS-0000506,DAVID HAIDARI,INDIVIDUAL,1982-02-19,ZA,HV00005036,ZA-68,2023-10-02,DORMANT,2026-06-10,0,clean
REC-0000507,CUS-0000507,LAKESHORE CONSULTING BV,ENTITY,,NL,HV00005043,NL-43,2008-04-25,ACTIVE,2025-09-12,0,clean
REC-0000508,CUS-0000508,DAVID DUBOIS,INDIVIDUAL,1996-02-29,HK,HV00005050,HK-19,2014-06-28,ACTIVE,2025-12-20,0,clean_edge
REC-0000509,CUS-0000509,DAVID MORETTI,INDIVIDUAL,1983-04-02,DK,HV00005067,DK-87,2025-06-18,ACTIVE,2026-04-20,0,clean
REC-0000510,CUS-0000510,PABLO YAMAMOTO,INDIVIDUAL,1900-01-01,JP,HV00005074,JP-37,2007-09-24,ACTIVE,2026-04-11,0,clean_edge
REC-0000511,CUS-0000511,SOFIA NAKAMURA,INDIVIDUAL,1977-03-13,DK,HV00005081,DK-52,2008-08-27,ACTIVE,2025-10-27,0,clean
REC-0000512,CUS-0000512,VIKTOR IVANOV,INDIVIDUAL,1998-01-25,IN,HV00005098,IN-62,2010-09-23,ACTIVE,2026-06-08,0,clean
REC-0000513,CUS-0000513,CARLOS YAMAMOTO,INDIVIDUAL,1985-12-28,NO,HV00005101,NO-15,2009-08-12,DORMANT,2026-04-16,0,clean
REC-0000514,CUS-0000514,PABLO HAIDARI,INDIVIDUAL,1993-10-08,AU,HV00005118,AU-82,2010-01-14,ACTIVE,2026-02-05,0,clean
REC-0000515,CUS-0000515,PINNACLE COMPONENTS SA,ENTITY,,AE,HB00005125,AE-31,2016-01-28,ACTIVE,2025-12-02,1,invalid_id_checksum
REC-0000516,CUS-0000516,YUKI PETROV,INDIVIDUAL,1999-03-07,DK,HV00005132,DK-75,2023-03-20,ACTIVE,2025-07-05,0,clean_edge
REC-0000517,CUS-0000517,HUSSEIN HAIDARI,INDIVIDUAL,1951-11-11,DE,HV00005149,DE-23,2011-02-26,ACTIVE,2025-10-06,0,clean
REC-0000518,CUS-0000518,IRONWOOD COMMODITIES PTE,ENTITY,,ZA,HV00005156,ZA-22,2021-05-08,ACTIVE,2026-06-11,0,clean
REC-0000519,CUS-0000519,RENÉE N'DIAYE,INDIVIDUAL,1979-07-19,SE,HV00005163,SE-94,2017-04-16,ACTIVE,2025-09-27,0,clean_edge
REC-0000520,CUS-0000520,LENA SILVA,INDIVIDUAL,2002-08-03,BR,HV00005170,BR-77,2014-04-23,ACTIVE,2025-10-27,0,clean
REC-0000521,CUS-0000521,VIKTOR ROSSI,INDIVIDUAL,2002-07-03,IT,HV00005187,IT-83,2013-11-11,ACTIVE,2026-04-23,0,clean
REC-0000522,CUS-0000522,KATHERINE COSTA,INDIVIDUAL,1947-07-09,BE,HV00005194,BE-46,2011-03-20,ACTIVE,2025-09-25,0,clean
REC-0000523,CUS-0000523,ALEKSANDR VARGAS,INDIVIDUAL,1940-08-21,AE,HV00005207,AE-83,2006-02-14,ACTIVE,2025-10-07,0,clean
REC-0000524,CUS-0000524,ALEKSANDR ROSSI,INDIVIDUAL,1968-05-04,HK,HV00005214,HK-62,2010-08-10,ACTIVE,2023-01-05,0,stale_refresh
REC-0000525,CUS-0000525,LENA JOHANSSON,INDIVIDUAL,1977-12-31,AU,HV00005221,AU-82,2011-11-11,ACTIVE,2026-02-09,0,clean
REC-0000526,CUS-0000526,CRESTLINE AGRO EXPORTS PTE,ENTITY,,IT,HV00005238,IT-81,2022-12-07,ACTIVE,2025-12-23,0,clean
REC-0000527,CUS-0000527,JOHAN DUBOIS,INDIVIDUAL,1970-11-22,IN,HV00005245,IN-60,2011-09-10,ACTIVE,2026-05-01,0,clean
REC-0000528,CUS-0000528,ALEKSANDR IVANOV,INDIVIDUAL,1948-12-29,MX,HV00005252,MX-37,2023-07-26,ACTIVE,2026-01-08,0,clean
REC-0000529,CUS-0000529,MERIDIAN COMMODITIES SA,ENTITY,,IE,HV00005269,IE-91,2021-08-20,ACTIVE,2026-05-15,0,clean
REC-0000530,CUS-0000530,IRONWOOD TEXTILES LTD,ENTITY,,IN,HV00005276,IN-43,2019-06-19,ACTIVE,2026-05-21,0,clean
REC-0000531,CUS-0000531,KATHERINE HAIDARI,INDIVIDUAL,1995-01-30,PT,HV00005283,PT-93,2014-08-15,ACTIVE,2026-06-01,0,clean
REC-0000532,CUS-0000532,SUMMIT COMPONENTS LTD,ENTITY,,DK,HV00005290,DK-35,2009-12-06,DORMANT,2025-10-08,0,clean
REC-0000533,CUS-0000533,CHLOE KARIMI,INDIVIDUAL,1986-04-11,GB,HV00005303,GB-99,2023-08-02,ACTIVE,2026-04-05,0,clean
REC-0000534,CUS-0000534,OMAR OKONKWO,INDIVIDUAL,1954-02-15,ES,HV00005310,ES-21,2011-05-14,CLOSED,2025-12-08,0,clean
REC-0000535,CUS-0000535,VIKTOR GARCIA,INDIVIDUAL,1986-06-13,IT,HV00005327,IT-11,2015-02-04,ACTIVE,2026-05-26,0,clean
REC-0000536,CUS-0000536,LAKESHORE FOODS GMBH,ENTITY,,SE,HV00005334,SE-54,2012-05-19,ACTIVE,2024-02-18,0,stale_refresh
REC-0000537,CUS-0000537,KATHERINE HAIDARI,INDIVIDUAL,1991-07-30,AE,HV00005341,AE-10,2016-03-14,ACTIVE,2022-07-25,0,stale_refresh
REC-0000538,CUS-0000538,JOHAN REYES,INDIVIDUAL,1950-07-01,DE,HV000053,DE-75,2017-04-14,CLOSED,2025-09-28,1,invalid_id_checksum
REC-0000539,CUS-0000539,AMARA ANDERSEN,INDIVIDUAL,1961-10-28,IT,HV00005365,IT-53,2018-08-19,CLOSED,2025-11-08,0,clean
REC-0000540,CUS-0000540,LENA OKONKWO,INDIVIDUAL,1983-03-29,NZ,,NZ-24,2019-03-01,ACTIVE,2025-12-17,0,missing_supporting
REC-0000541,CUS-0000541,ALEKSANDR NAKAMURA,INDIVIDUAL,1968-04-28,JP,HV00005389,JP-62,2021-03-08,CLOSED,2025-10-09,0,clean
REC-0000542,CUS-0000542,PRIYA NAKAMURA,INDIVIDUAL,1965-10-09,PL,HV00005396,PL-21,2024-08-31,ACTIVE,2026-01-06,0,clean
REC-0000543,CUS-0000543,AMARA REYES,INDIVIDUAL,2028-06-28,LU,HV00005409,LU-37,2010-02-06,DORMANT,2026-02-13,1,impossible_dob_sequence
REC-0000544,CUS-0000544,CRESTLINE FREIGHT BV,ENTITY,,AE,HV00005416,AE-40,2017-03-11,DORMANT,2026-03-17,0,clean
REC-0000545,CUS-0000545,TARIQ PETROV,INDIVIDUAL,1971-12-10,DK,HV00005423,DK-29,2011-08-08,ACTIVE,2026-04-30,0,clean
REC-0000546,CUS-0000546,SUMMIT FOODS LTD,ENTITY,,KR,HV00005430,KR-79,2020-11-17,CLOSED,2025-10-27,0,clean
REC-0000547,CUS-0000547,DIEGO BERGSTROM,INDIVIDUAL,1991-07-17,NL,HV00005447,NL-45,2017-01-16,ACTIVE,2025-10-12,0,clean
REC-0000548,CUS-0000548,VIKTOR AL-RASHID,INDIVIDUAL,1944-11-09,LU,HV00005454,LU-74,2022-10-29,DORMANT,2025-10-29,0,clean_edge
REC-0000549,CUS-0000549,YUSUF IVANOV,INDIVIDUAL,1981-01-06,FI,HV00005461,FI-25,2021-05-24,ACTIVE,2025-11-07,0,clean
REC-0000550,CUS-0000550,SOFIA GARCIA,INDIVIDUAL,1974-01-15,US,HV00005478,US-84,2006-04-07,ACTIVE,2025-12-27,0,clean
REC-0000551,CUS-0000551,NADIA HANSSON,INDIVIDUAL,1900-01-01,AU,HV00005485,AU-44,2010-03-14,ACTIVE,2026-01-06,0,clean_edge
REC-0000552,CUS-0000552,INGRID HASSAN,INDIVIDUAL,1973-05-26,BR,HV00005492,BR-56,2010-09-21,DORMANT,2026-02-07,0,clean
REC-0000553,CUS-0000553,VIKTOR NGUYEN,INDIVIDUAL,1960-07-03,NO,HV00005505,NO-22,2008-12-10,ACTIVE,2026-03-02,0,clean
REC-0000554,CUS-0000554,MOHAMMED AL-RASHID,INDIVIDUAL,1953-06-01,FI,HV00005512,FI-70,2014-07-18,DORMANT,2026-04-01,0,clean
REC-0000555,CUS-0000555,OMAR KARIMI,INDIVIDUAL,1987-11-27,CA,HV00005529,CA-50,2025-01-19,DORMANT,2026-01-28,0,clean
REC-0000556,CUS-0000556,MARIA HAIDARI,INDIVIDUAL,1948-11-17,FI,HV00005536,FI-98,2018-09-26,ACTIVE,2026-03-12,0,clean
REC-0000557,CUS-0000557,HARBORVIEW COMPONENTS BV,ENTITY,,IN,HV00005543,IN-52,2024-10-25,ACTIVE,2025-12-28,0,clean
REC-0000558,CUS-0000558,PRIYA SCHMIDT,INDIVIDUAL,1941-10-11,LU,HV00005550,LU-62,2024-03-02,ACTIVE,2026-03-21,0,clean
REC-0000559,CUS-0000559,NADIA IVANOV,INDIVIDUAL,1965-07-14,HK,HV00005567,IN-67,2020-07-23,ACTIVE,2025-10-12,0,prefix_country_mismatch
REC-0000560,CUS-0000560,NORTHGATE COMPONENTS BV,ENTITY,,IT,HV00005574,IT-28,2019-10-07,DORMANT,2026-01-09,0,clean
REC-0000561,CUS-0000561,HUSSEIN COSTA,INDIVIDUAL,1946-05-26,IE,HV00005581,IE-20,2018-10-27,ACTIVE,2026-03-06,0,clean
REC-0000562,CUS-0000562,ALEKSANDR HANSSON,INDIVIDUAL,1994-04-24,HK,HV00005598,HK-92,2012-07-14,ACTIVE,2025-11-15,0,clean
REC-0000563,CUS-0000563,VIKTOR KARIMI,INDIVIDUAL,1980-05-25,ES,HV00005601,ES-62,2022-10-10,ACTIVE,2026-06-19,0,clean
REC-0000564,CUS-0000564,JOSÉ MÜLLER,INDIVIDUAL,2002-11-11,JP,HV00005618,JP-20,2020-11-06,ACTIVE,2025-12-09,0,clean_edge
REC-0000565,CUS-0000565,MERIDIAN LOGISTICS SA,ENTITY,,IN,HV00005625,IN-77,2018-04-20,ACTIVE,2026-05-19,0,clean
REC-0000566,CUS-0000566,WEI YAMAMOTO,INDIVIDUAL,1974-12-22,IE,HV00005632,IE-49,2009-06-26,ACTIVE,2026-02-05,0,clean
REC-0000567,CUS-0000567,PABLO KHAN,INDIVIDUAL,1955-04-22,CA,HV00005649,CA-13,2008-12-11,ACTIVE,2025-12-30,0,clean
REC-0000568,CUS-0000568,SUMMIT COMPONENTS PTE,ENTITY,,NL,HV00005656,NL-44,2025-05-20,ACTIVE,2026-04-22,0,clean
REC-0000569,CUS-0000569,ATLANTIC FOODS PTE,ENTITY,,PL,HV00005663,PL-68,2018-02-04,ACTIVE,2025-09-15,0,clean
REC-0000570,CUS-0000570,NADIA KOWALSKI,INDIVIDUAL,1971-02-23,HK,HV00005670,HK-71,2020-05-06,ACTIVE,2026-05-16,0,clean
REC-0000571,CUS-0000571,PRIYA AL-RASHID,INDIVIDUAL,1967-03-27,ES,HV00005687,ES-11,2015-03-31,ACTIVE,2026-04-22,0,clean
REC-0000572,CUS-0000572,JAMES HASSAN,INDIVIDUAL,1984-02-18,IN,HV00005694,IN-71,2018-01-01,ACTIVE,2025-11-22,0,clean
REC-0000573,CUS-0000573,IRONWOOD AGRO EXPORTS LLC,ENTITY,1967-04-29,IE,HV00005707,IE-57,2011-03-10,ACTIVE,2025-09-16,0,entity_dob_conflict
REC-0000574,CUS-0000574,TARIQ HAIDARI,INDIVIDUAL,1959-10-16,FI,HV00005714,FI-46,2014-09-28,ACTIVE,2026-02-28,0,clean_edge
REC-0000575,CUS-0000575,PRIYA FERREIRA,INDIVIDUAL,1956-11-12,SE,HV00005721,SE-18,2024-02-21,ACTIVE,2026-02-02,0,clean
REC-0000576,CUS-0000576,KENJI HANSSON,INDIVIDUAL,2002-11-04,MX,HV00005738,MX-89,2019-11-09,ACTIVE,2026-01-17,0,clean
REC-0000577,CUS-0000577,JAMES IVANOV,INDIVIDUAL,1949-03-05,GB,HV00005745,GB-46,2017-12-31,ACTIVE,2025-11-18,0,clean
REC-0000578,CUS-0000578,CARLOS OKONKWO,INDIVIDUAL,1984-04-12,JP,HV00005752,JP-37,2008-01-09,ACTIVE,2026-01-22,0,clean
REC-0000579,CUS-0000579,KENJI HASSAN,INDIVIDUAL,1942-11-05,IN,HV00005769,IN-52,2014-05-01,ACTIVE,2026-04-17,0,clean
REC-0000580,CUS-0000580,WEI JOHANSSON,INDIVIDUAL,1982-03-06,BE,HV00005776,BE-33,2014-10-20,ACTIVE,2026-02-22,0,clean
REC-0000581,CUS-0000581,HARBORVIEW FREIGHT SA,ENTITY,,YU,HV00005783,MX-22,2006-04-14,ACTIVE,2026-06-13,1,country_drift
REC-0000582,CUS-0000582,HUSSEIN NGUYEN,INDIVIDUAL,1968-01-01,AE,HV00005790,AE-51,2016-08-09,ACTIVE,2026-06-09,0,clean
REC-0000583,CUS-0000583,AISHA HANSSON,INDIVIDUAL,1983-03-04,SE,HV00005803,SE-91,2017-09-07,ACTIVE,2025-12-28,0,clean
REC-0000584,CUS-0000584,CRESTLINE TEXTILES LLC,ENTITY,,FI,HV00005810,FI-91,2020-12-14,ACTIVE,2026-06-23,0,clean
REC-0000585,CUS-0000585,AISHA HAIDARI,INDIVIDUAL,1961-10-22,AU,HV00005827,DK-98,2019-02-11,CLOSED,2025-09-06,0,prefix_country_mismatch
REC-0000586,CUS-0000586,DAVID ANDERSEN,INDIVIDUAL,,IE,HV00005834,IE-41,2009-06-23,ACTIVE,2026-05-15,1,missing_dob
REC-0000587,CUS-0000587,OMAR SILVA,,1945-05-12,NL,HV00005841,NL-55,2023-01-14,ACTIVE,2025-09-29,0,missing_supporting
REC-0000588,CUS-0000588,NADIA ROSSI,INDIVIDUAL,1997-10-31,JP,HV00005858,JP-54,2013-02-07,DORMANT,2025-11-18,0,clean
REC-0000589,CUS-0000589,HUSSEIN SCHMIDT,INDIVIDUAL,2004-12-27,US,HV00005865,US-27,2021-06-17,ACTIVE,2026-06-10,0,clean
REC-0000590,CUS-0000590,JOHAN JOHANSSON,INDIVIDUAL,2002-07-14,MX,HV00005872,MX-72,2018-07-16,ACTIVE,2023-06-14,0,stale_refresh
REC-0000591,CUS-0000591,LENA KHAN,INDIVIDUAL,1993-09-16,MX,HV00005889,MX-80,2012-03-05,ACTIVE,2025-10-02,0,clean
REC-0000592,CUS-0000592,PRIYA JOHANSSON,INDIVIDUAL,1972-12-07,CH,HV00005896,CH-68,2024-05-18,ACTIVE,2025-10-14,0,clean
REC-0000593,CUS-0000593,JAMES PETROV,INDIVIDUAL,1972-08-30,SG,HV00005909,SG-89,2025-10-20,ACTIVE,2026-05-29,0,clean
REC-0000594,CUS-0000594,HUSSEIN GARCIA,INDIVIDUAL,1987-01-06,SE,HV00005916,SE-97,2024-05-15,ACTIVE,2025-09-21,0,clean
REC-0000595,CUS-0000595,INGRID YAMAMOTO,INDIVIDUAL,1968-11-21,CH,HV00005923,CH-24,2013-03-27,ACTIVE,2026-05-27,0,clean
REC-0000596,CUS-0000596,LENA SILVA,INDIVIDUAL,1958-02-16,CA,HV00005930,CA-23,2010-01-03,ACTIVE,2026-05-11,0,clean
REC-0000597,CUS-0000597,HUSSEIN NGUYEN,INDIVIDUAL,1983-12-14,HK,HV00005947,HK-77,2024-10-03,ACTIVE,2026-02-19,0,clean
REC-0000598,CUS-0000598,ALEKSANDR MULLER,INDIVIDUAL,1941-03-04,JP,HV00005954,JP-36,2019-08-04,ACTIVE,2026-05-21,0,clean
REC-0000599,CUS-0000599,DAVID JOHANSSON,INDIVIDUAL,1977-04-25,HK,HV00005961,HK-57,2007-05-13,DORMANT,2026-06-01,0,clean
REC-0000600,CUS-0000600,MERIDIAN TEXTILES GMBH,ENTITY,,AU,HV00005978,AU-19,2017-11-12,CLOSED,2025-10-08,0,clean
REC-0000601,CUS-0000601,NADIA HAIDARI,INDIVIDUAL,1956-12-30,PT,HV00005985,PT-34,2011-03-08,ACTIVE,2024-05-25,0,stale_refresh
REC-0000602,CUS-0000602,MEI TANAKA,INDIVIDUAL,1997-04-17,SE,HV00005992,SE-83,2015-04-25,ACTIVE,2025-11-08,0,clean
REC-0000603,CUS-0000603,AISHA IVANOV,INDIVIDUAL,1956-03-08,BR,HV00006000,BR-80,2025-10-20,ACTIVE,2026-01-09,0,clean
REC-0000604,CUS-0000604,KENJI WATANABE,INDIVIDUAL,1971-08-10,SE,HV00006017,SE-50,2019-06-16,ACTIVE,2026-01-15,0,clean
REC-0000605,CUS-0000605,IRONWOOD MARINE SUPPLY PTE,ENTITY,,BR,HV00006024,BR-40,2023-02-21,ACTIVE,2026-03-13,0,clean
REC-0000606,CUS-0000606,PRIYA SCHMIDT,INDIVIDUAL,1980-08-02,SE,HV00006031,SE-67,2022-09-13,CLOSED,2026-06-30,0,clean
REC-0000607,CUS-0000607,JAMES KARIMI,INDIVIDUAL,1952-02-13,CH,HV00006048,CH-48,2019-05-13,ACTIVE,2026-03-09,0,clean
REC-0000608,CUS-0000608,YUSUF KHAN,INDIVIDUAL,2001-11-16,NL,HV00006055,NL-45,2006-06-27,CLOSED,2025-10-12,0,clean
REC-0000609,CUS-0000609,CARLOS TANAKA,INDIVIDUAL,1943-05-21,BU,HV00006062,ES-84,2018-10-27,ACTIVE,2026-04-21,1,country_drift
REC-0000610,CUS-0000610,JOHAN MULLER,INDIVIDUAL,1991-03-07,AU,HV00006079,AU-61,2024-03-11,ACTIVE,2026-03-11,0,clean
REC-0000611,CUS-0000611,HANNAH MORETTI,INDIVIDUAL,1955-07-06,PT,HV00006086,PT-72,2013-04-13,DORMANT,2025-09-08,0,clean
REC-0000612,CUS-0000612,NORTHGATE LOGISTICS BV,ENTITY,,FR,HV00006093,FR-83,2019-05-09,ACTIVE,2026-06-02,0,clean
REC-0000613,CUS-0000613,IRONWOOD AGRO EXPORTS LTD,ENTITY,,NL,HV00006106,NL-39,2013-10-21,ACTIVE,2026-06-25,0,clean
REC-0000614,CUS-0000614,MARIA KOWALSKI,INDIVIDUAL,1987-01-16,HK,HV00006113,HK-15,2014-07-31,ACTIVE,2025-09-14,0,clean
REC-0000615,CUS-0000615,ELENA AL-RASHID,INDIVIDUAL,07/04/1985,ZA,HV00006120,ZA-96,2021-08-26,ACTIVE,2025-12-11,1,malformed_dob
REC-0000616,CUS-0000616,WEI NAKAMURA,INDIVIDUAL,1978-10-01,NO,HV00006137,NO-47,2017-04-27,DORMANT,2026-04-16,0,clean
REC-0000617,CUS-0000617,VIKTOR VARGAS,INDIVIDUAL,1944-06-03,DE,HV00006144,DE-80,2016-09-03,ACTIVE,2026-05-18,0,clean
REC-0000618,CUS-0000618,ALEKSANDR AL-RASHID,INDIVIDUAL,1952-02-06,BR,HV00006151,BR-71,2023-05-11,ACTIVE,2025-10-24,0,clean
REC-0000619,CUS-0000619,NADIA PETROV,INDIVIDUAL,2005-12-31,NO,HV00006168,NO-77,2010-05-26,ACTIVE,2026-05-25,0,clean
REC-0000620,CUS-0000620,SOFIA WATANABE,INDIVIDUAL,1991-09-04,BR,HV00006175,BR-21,2013-04-03,ACTIVE,2025-12-01,0,clean
REC-0000621,CUS-0000621,FATIMA SCHMIDT,INDIVIDUAL,1993-04-12,ES,HV00006182,ES-93,2010-04-10,ACTIVE,2026-01-25,0,clean
REC-0000622,CUS-0000622,TARIQ ROSSI,INDIVIDUAL,1979-09-03,ES,HV00006199,ES-89,2019-10-28,ACTIVE,2026-06-08,0,clean
REC-0000623,CUS-0000623,BLUEWATER COMMODITIES BV,ENTITY,,JP,HV00006202,JP-20,2010-06-24,ACTIVE,2026-06-03,0,clean
REC-0000624,CUS-0000624,LENA KHAN,INDIVIDUAL,1965-10-22,IE,HV00006219,IE-11,2009-04-24,ACTIVE,2026-05-05,0,clean
REC-0000625,CUS-0000625,FATIMA GARCIA,INDIVIDUAL,1988-04-07,IN,HV00006226,IN-37,2006-07-06,ACTIVE,2025-10-06,0,clean
REC-0000626,CUS-0000626,CHLOE VARGAS,INDIVIDUAL,1952-09-05,SE,HV00O06233,SE-98,2016-10-31,ACTIVE,2026-06-21,1,invalid_id_checksum
REC-0000627,CUS-0000627,MARIA HANSSON,INDIVIDUAL,1955-04-13,KR,HV00006240,KR-17,2017-10-25,ACTIVE,2026-02-12,0,clean
REC-0000628,CUS-0000628,WEI HAIDARI,INDIVIDUAL,1999-03-31,HK,HV00006257,HK-44,2006-03-10,ACTIVE,2025-12-28,0,clean
REC-0000629,CUS-0000629,IRONWOOD FREIGHT SA,ENTITY,,US,HV00006264,US-75,2012-07-24,CLOSED,2026-05-11,0,clean
REC-0000630,CUS-0000630,PINNACLE MEDIA LTD,ENTITY,,IN,HV00006271,IN-33,2025-06-10,ACTIVE,2025-11-08,0,clean
REC-0000631,CUS-0000631,MARIA NAKAMURA,INDIVIDUAL,1987-06-30,PL,HV00006288,PL-49,2006-06-26,ACTIVE,2025-12-11,0,clean
REC-0000632,CUS-0000632,SOFIA SCHMIDT,INDIVIDUAL,1971-11-19,US,HV00006295,US-90,2013-10-11,ACTIVE,2025-10-17,0,clean
REC-0000633,CUS-0000633,PRIYA BERGSTROM,INDIVIDUAL,1974-09-25,GB,HV00006308,GB-13,2020-01-14,CLOSED,2026-02-07,0,clean
REC-0000634,CUS-0000634,SOFIA AL-RASHID,INDIVIDUAL,1947-11-16,NL,HV00006315,NL-58,2014-10-24,ACTIVE,2026-03-06,0,clean
REC-0000635,CUS-0000635,INGRID KOWALSKI,INDIVIDUAL,1994-04-23,NO,HV00006322,NO-52,2009-06-05,ACTIVE,2026-04-24,0,clean
REC-0000636,CUS-0000636,NADIA NGUYEN,,1958-02-24,CA,HV00006339,CA-27,2019-01-12,ACTIVE,2025-10-05,0,missing_supporting
REC-0000637,CUS-0000637,CARLOS YAMAMOTO,INDIVIDUAL,1990-09-03,LU,HV00006346,LU-30,2023-04-10,ACTIVE,2025-09-18,0,clean
REC-0000638,CUS-0000638,,INDIVIDUAL,1953-01-20,PT,HV00006353,PT-13,2008-08-27,CLOSED,2025-12-01,0,null_name_inactive
REC-0000639,CUS-0000639,NORTHGATE COMMODITIES LLC,ENTITY,,CH,HV00006360,CH-23,2015-12-09,ACTIVE,2026-06-17,0,clean
REC-0000640,CUS-0000640,PRIYA PETROV,INDIVIDUAL,1990-11-14,IE,HV00006377,IE-88,2019-11-03,ACTIVE,2026-03-04,0,clean
REC-0000641,CUS-0000641,,INDIVIDUAL,1982-10-04,US,HV00006384,US-27,2014-01-22,ACTIVE,2025-11-02,1,null_name_active
REC-0000642,CUS-0000642,LENA HAIDARI,INDIVIDUAL,1984-02-02,ES,HB00006391,ES-70,2010-02-16,ACTIVE,2026-03-24,1,invalid_id_checksum
REC-0000643,CUS-0000643,KATHERINE HANSSON,INDIVIDUAL,1977-01-20,BE,HV00006404,BE-38,2006-05-03,ACTIVE,2026-03-19,0,clean
REC-0000644,CUS-0000644,KATHERINE LINDQVIST,INDIVIDUAL,1995-05-11,DE,HV00006411,DE-72,2009-12-21,ACTIVE,2025-11-08,0,clean
REC-0000645,CUS-0000645,MERIDIAN FOODS BV,ENTITY,,BR,HV00006428,BR-58,2015-01-30,ACTIVE,2025-12-11,0,clean
REC-0000646,CUS-0000646,CHLOE JOHANSSON,INDIVIDUAL,1987-02-13,PT,HV00006435,PT-92,2018-10-30,DORMANT,2026-06-11,0,clean
REC-0000647,CUS-0000647,TARIQ BERGSTROM,INDIVIDUAL,1943-10-21,MX,HV00006442,MX-41,2016-03-31,ACTIVE,2025-12-10,0,clean
REC-0000648,CUS-0000648,IRONWOOD MEDIA BV,ENTITY,,GB,HV00006459,GB-16,2018-07-05,ACTIVE,2025-11-17,0,clean
REC-0000649,CUS-0000649,,INDIVIDUAL,1981-05-22,CH,HV00006466,CH-31,2023-05-09,CLOSED,2026-06-03,0,null_name_inactive
REC-0000650,CUS-0000650,KENJI KHAN,INDIVIDUAL,1997-12-18,NZ,HV00006473,NZ-67,2009-03-11,ACTIVE,2025-10-17,0,clean
REC-0000651,CUS-0000651,DIEGO HASSAN,INDIVIDUAL,1989-01-07,BE,HV00006480,BE-27,2019-02-17,ACTIVE,2022-11-15,0,stale_refresh
REC-0000652,CUS-0000652,DIEGO HASSAN,INDIVIDUAL,1958-02-11,MX,HV00006497,MX-68,2019-03-29,ACTIVE,2026-01-16,0,clean
REC-0000653,CUS-0000653,HANNAH IVANOV,INDIVIDUAL,2004-06-12,LU,HV00006500,LU-25,2021-12-16,ACTIVE,2025-11-12,0,clean
REC-0000654,CUS-0000654,,INDIVIDUAL,2005-03-18,DE,HV00006517,DE-75,2017-10-01,ACTIVE,2026-04-10,1,null_name_active
REC-0000655,CUS-0000655,YUSUF IVANOV,INDIVIDUAL,1970-01-26,IT,HV00006524,IT-82,2006-12-26,DORMANT,2026-04-15,0,clean
REC-0000656,CUS-0000656,YUSUF HASSAN,INDIVIDUAL,1944-08-08,CA,HV00006531,CA-63,2010-01-05,ACTIVE,2025-11-14,0,clean
REC-0000657,CUS-0000657,DIEGO AL-RASHID,INDIVIDUAL,1958-03-14,SG,HV00006548,SG-10,2008-08-21,ACTIVE,2026-02-21,0,clean
REC-0000658,CUS-0000658,AMARA JOHANSSON,INDIVIDUAL,1940-07-07,IN,HV00006555,IN-87,2025-03-09,DORMANT,2026-03-01,0,clean
REC-0000659,CUS-0000659,KENJI FERREIRA,,1979-08-23,KR,HV00006562,KR-20,2016-09-02,ACTIVE,2026-06-27,0,missing_supporting
REC-0000660,CUS-0000660,LAKESHORE FREIGHT LTD,ENTITY,,AU,HV00006579,AU-33,2019-11-26,ACTIVE,2026-01-03,0,clean
REC-0000661,CUS-0000661,SOFIA DUBOIS,,1994-02-14,FI,HV00006586,FI-48,2006-09-23,ACTIVE,2026-05-17,0,missing_supporting
REC-0000662,CUS-0000662,SOFIA KOWALSKI,INDIVIDUAL,1994-10-28,SG,HV00006593,SG-94,2009-08-14,ACTIVE,2025-09-10,0,clean
REC-0000663,CUS-0000663,MEI DUBOIS,INDIVIDUAL,1972-04-24,SG,HV00006606,SG-14,2016-03-19,ACTIVE,2026-01-28,0,clean
REC-0000664,CUS-0000664,TARIQ MULLER,INDIVIDUAL,1978-05-03,NZ,HV00006613,NZ-80,2014-07-02,ACTIVE,2025-11-01,0,clean
REC-0000665,CUS-0000665,PRIYA REYES,INDIVIDUAL,1987-04-14,PL,HV00006620,PL-62,2025-04-11,ACTIVE,2026-03-15,0,clean
REC-0000666,CUS-0000666,MEI YAMAMOTO,INDIVIDUAL,1987-06-15,FR,HV00006637,FR-21,2018-10-25,ACTIVE,2026-02-03,0,clean
REC-0000667,CUS-0000667,PRIYA KARIMI,INDIVIDUAL,1991-08-07,FI,HV00006644,FI-89,2013-02-05,ACTIVE,2026-04-25,0,clean
REC-0000668,CUS-0000668,MEI YAMAMOTO,INDIVIDUAL,1984-08-26,IN,HV00006651,IN-73,2017-08-28,DORMANT,2026-03-03,0,clean
REC-0000669,CUS-0000669,AISHA OKONKWO,INDIVIDUAL,1981-09-15,AE,HV00006668,AE-90,2006-01-13,DORMANT,2026-03-16,0,clean
REC-0000670,CUS-0000670,RENÉE MUÑOZ,INDIVIDUAL,1971-05-15,BR,HV00006675,BR-81,2015-04-15,DORMANT,2026-03-14,0,clean_edge
REC-0000671,CUS-0000671,WEI KOWALSKI,INDIVIDUAL,1966-12-09,AU,HV00006682,AU-74,2023-09-22,ACTIVE,2026-06-27,0,clean
REC-0000672,CUS-0000672,HUSSEIN VARGAS,INDIVIDUAL,1991-01-15,NL,HV00006699,NL-88,2013-08-28,CLOSED,2026-04-02,0,clean
REC-0000673,CUS-0000673,KATHERINE NGUYEN,INDIVIDUAL,1982-12-25,DK,HV00006702,DK-70,2013-07-31,DORMANT,2026-04-22,0,clean
REC-0000674,CUS-0000674,DIEGO COSTA,INDIVIDUAL,1988-03-04,HK,HV00006719,HK-52,2016-05-01,ACTIVE,2025-12-01,0,clean
REC-0000675,CUS-0000675,LAKESHORE CONSULTING PTE,ENTITY,,GB,HV00006726,GB-96,2024-09-24,ACTIVE,2025-09-29,0,clean
REC-0000676,CUS-0000676,FATIMA ROSSI,INDIVIDUAL,1971-09-21,NO,HV00006733,NO-18,2021-05-17,CLOSED,2026-02-07,0,clean
REC-0000677,CUS-0000677,LAKESHORE COMMODITIES PTE,ENTITY,,NL,HV00006740,NL-87,2014-06-01,ACTIVE,2026-05-02,0,clean
REC-0000678,CUS-0000678,BLUEWATER LOGISTICS GMBH,ENTITY,,BE,HV00006757,BE-62,2012-11-30,ACTIVE,2026-03-01,0,clean
REC-0000679,CUS-0000679,MOHAMMED KARIMI,INDIVIDUAL,1967-02-14,DK,HV00006764,DK-32,2012-10-15,ACTIVE,2026-06-11,0,clean
REC-0000680,CUS-0000680,KENJI KARIMI,INDIVIDUAL,2000-02-29,LU,HV00006771,LU-71,2008-01-29,CLOSED,2026-04-13,0,clean_edge
REC-0000681,CUS-0000681,LAKESHORE CONSULTING GMBH,ENTITY,,PT,HV00006788,PT-28,2025-08-07,ACTIVE,2026-05-11,0,clean
REC-0000682,CUS-0000682,ATLANTIC FREIGHT BV,ENTITY,,ZA,HV00006795,ZA-14,2021-03-06,ACTIVE,2025-10-06,0,clean
REC-0000683,CUS-0000683,SOFIA COSTA,INDIVIDUAL,1993-04-25,CH,HV00006808,CH-21,2006-12-27,ACTIVE,2026-06-07,0,clean
REC-0000684,CUS-0000684,MEI KOWALSKI,INDIVIDUAL,1942-01-06,BE,HV00006815,BE-83,2020-10-12,ACTIVE,2026-03-15,0,clean
REC-0000685,CUS-0000685,PRIYA JOHANSSON,,1968-08-18,AE,HV00006822,AE-66,2012-06-05,ACTIVE,2026-02-11,0,missing_supporting
REC-0000686,CUS-0000686,CHLOE JOHANSSON,INDIVIDUAL,1986-02-12,FI,HV00006839,FI-44,2006-05-05,ACTIVE,2026-01-02,0,clean_edge
REC-0000687,CUS-0000687,JOHAN DUBOIS,INDIVIDUAL,1961-12-18,PT,HV00006846,PT-16,2024-01-13,ACTIVE,2026-01-08,0,clean_edge
REC-0000688,CUS-0000688,MARIA TANAKA,INDIVIDUAL,1974-05-31,IN,HV00006853,IN-16,2021-02-24,ACTIVE,2025-12-12,0,clean
REC-0000689,CUS-0000689,OMAR KHAN,INDIVIDUAL,2001-11-30,IE,HV00006860,IE-99,2019-04-18,ACTIVE,2025-12-30,0,clean
REC-0000690,CUS-0000690,ALEKSANDR ANDERSEN,INDIVIDUAL,2000-03-09,DK,,DK-78,2010-06-12,ACTIVE,2025-11-04,0,missing_supporting
REC-0000691,CUS-0000691,KATHERINE HASSAN,INDIVIDUAL,1982-01-04,DK,HV00006884,DK-22,2023-12-30,ACTIVE,2025-11-04,0,clean
REC-0000692,CUS-0000692,LENA BERGSTROM,,1995-05-07,JP,HV00006891,JP-43,2009-03-23,CLOSED,2025-12-12,0,missing_supporting
REC-0000693,CUS-0000693,HANNAH COSTA,INDIVIDUAL,1969-02-18,KR,HV00006904,KR-68,2013-05-30,ACTIVE,2022-09-26,0,stale_refresh
REC-0000694,CUS-0000694,LENA IVANOV,INDIVIDUAL,1965-04-28,IN,HV00006911,IN-54,2016-05-06,ACTIVE,2026-04-26,0,clean
REC-0000695,CUS-0000695,ALEKSANDR ROSSI,INDIVIDUAL,1949-08-06,IT,HV00006928,IT-51,2024-05-03,ACTIVE,2026-05-25,0,clean
REC-0000696,CUS-0000696,HUSSEIN DUBOIS,INDIVIDUAL,1977-02-02,SE,HV00006935,SE-40,2016-05-04,ACTIVE,2025-09-23,0,clean
REC-0000697,CUS-0000697,WEI REYES,INDIVIDUAL,1958-09-06,FI,HV00006942,FI-79,2014-08-11,ACTIVE,2025-11-20,0,clean_edge
REC-0000698,CUS-0000698,SOFIA MULLER,INDIVIDUAL,2003-11-13,SG,HV00006959,IE-86,2020-11-11,DORMANT,2026-05-03,0,prefix_country_mismatch
REC-0000699,CUS-0000699,TARIQ LINDQVIST,INDIVIDUAL,1955-10-21,SE,HV00006966,SE-49,2008-03-10,CLOSED,2026-05-26,0,clean
