alert_id,party_name,party_type,party_dob,party_nationality,party_country,party_place_of_birth,party_passport,party_national_id,party_registration,party_imo,party_tail_number,party_wallet,entry_uid,label,fp_category
ALR-0000000,SHISKMOR EXPRESS,ENTITY,,,,,,,,,,,SDN-00111,0,generic
ALR-0000001,POLOILSHI MARINE,ENTITY,,,US,,,,,,,,SDN-00096,0,discriminator
ALR-0000002,KREGRADLAN PETROLEUM,ENTITY,,,,,,,,,,,SDN-00067,0,generic
ALR-0000003,KALSKKAL CONSTRUCTION,ENTITY,,,,,,,,,,,SDN-00025,0,generic
ALR-0000004,SHISKZAR PETROLEUM,ENTITY,,,,,,,,,,,SDN-00080,0,generic
ALR-0000005,MORBANKZAR AVIATION,ENTITY,,,,,,,,,,,SDN-00057,0,generic
ALR-0000006,NORDARZAR CONSTRUCTION,ENTITY,,,,,,,,,,,SDN-00078,0,generic
ALR-0000007,POLGAZBUR ORIENT,ENTITY,,,,,,,,,,,SDN-00079,0,generic
ALR-0000008,FERIANVOL STAR,ENTITY,,,,,,,,,,,SDN-00110,0,generic
ALR-0000009,NORTECHPOL TEXTILE,ENTITY,,,,,,,,,,,SDN-00119,0,generic
ALR-0000010,LANGRADKRE WESTERN,ENTITY,,,,,,,,,,,SDN-00053,0,generic
ALR-0000011,DANMASHGOR TEXTILE,ENTITY,,,,,,,,,,,SDN-00119,0,generic
ALR-0000012,VOLKOVLAN PETROLEUM,ENTITY,,,,,,,,,,,SDN-00112,0,generic
ALR-0000013,PEARL LLC GROUP,ENTITY,,,,,,,,,,,SDN-00048,0,type
ALR-0000014,BURDARRUS PETROLEUM,ENTITY,,,,,,,,,,,SDN-00080,0,generic
ALR-0000015,ALI NORDARQOM,INDIVIDUAL,1973-12-02,SG,,,,,,,,,SDN-00103,0,discriminator
ALR-0000016,SHISTROYTEN PRIDE,VESSEL,,,CN,,,,,,,,SDN-00117,1,
ALR-0000017,TENOILKRE CONSTRUCTION,ENTITY,,,,,,,,,,,SDN-00078,0,generic
ALR-0000018,POLBANKNOR ORIENT,ENTITY,,,,,,,,,,,SDN-00114,0,generic
ALR-0000019,RUSGRADNOR EXPRESS,ENTITY,,,,,,,,,,,SDN-00111,0,generic
ALR-0000020,PRIDE TRADING,ENTITY,,,,,,,,,,,SDN-00040,0,type
ALR-0000021,GORSTROYKAL UNITED,ENTITY,,,,,,,,,,,SDN-00100,0,generic
ALR-0000022,TASHTECHKRE TRADING,ENTITY,,,,,,,,,,,SDN-00029,0,type
ALR-0000023,TASHIANBUR PETROLEUM,ENTITY,,,,,,,,,,,SDN-00112,0,generic
ALR-0000024,POLGAZMOR EXPRESS,ENTITY,,,,,,,,,,,SDN-00111,0,generic
ALR-0000025,SEVTECHDAN ROAD,ENTITY,,,,,,,,,,,SDN-00115,0,generic
ALR-0000026,POLOVAVOL NATIONAL,ENTITY,,,,,,,,,,,SDN-00088,0,generic
ALR-0000027,FERGRADRUS CONSTRUCTION,ENTITY,,,,,,,,,,,SDN-00011,0,generic
ALR-0000028,CHEN VOLOILKAL,INDIVIDUAL,,,,,,,,,,,SDN-00094,0,weak
ALR-0000029,VARGRADTASH PETROLEUM,ENTITY,,,,,,,,,,,SDN-00112,0,generic
ALR-0000030,NORTECHPOL PARTNERS,ENTITY,,,,,,,,,,,SDN-00063,0,type
ALR-0000031,POLGRADGOR EASTERN,ENTITY,,,,,,,,,,,SDN-00085,0,generic
ALR-0000032,DRAVINVESTNOR AVIATION,ENTITY,,,AE,,,,,,,,SDN-00049,0,discriminator
ALR-0000033,MORIANMOR ROAD,ENTITY,,,,,,,,,,,SDN-00115,0,generic
ALR-0000034,FERDARMOR PEARL,ENTITY,,,,,,,,,,,SDN-00052,0,generic
ALR-0000035,SEVTRANSTASH PETROLEUM,ENTITY,,,,,,,,,,,SDN-00067,0,generic
ALR-0000036,TASHGRADNOR WESTERN,ENTITY,,,,,,,,,,,SDN-00060,0,generic
ALR-0000037,BURSTROYMOR AVIATION,ENTITY,,,,,,,,,,,SDN-00057,0,generic
ALR-0000038,HASSAN VOLZINVOL,INDIVIDUAL,,,,,,,,,,,SDN-00019,0,weak
ALR-0000039,VAROILQOM PARTNERS,ENTITY,,,,,,,,,,,SDN-00099,0,type
ALR-0000040,AVIATION TRADING,ENTITY,,,,,,,,,,,SDN-00029,0,type
ALR-0000041,CHEN DANBANKDAN,INDIVIDUAL,1950-07-12,CA,,,,,,,,,SDN-00098,0,discriminator
ALR-0000042,QOMSKQOM EASTERN,ENTITY,,,,,,,,,,,SDN-00085,0,generic
ALR-0000043,PRIDE PARTNERS,ENTITY,,,,,,,,,,,SDN-00035,0,type
ALR-0000044,OMAR LANIANDAN,INDIVIDUAL,,,,,,,,,,,SDN-00059,0,weak
ALR-0000045,FERDARDRAV UNITED,ENTITY,,,,,,,,,,,SDN-00041,0,generic
ALR-0000046,VARMASHPOL ENERGY,ENTITY,,,AU,,,,,,,,SDN-00070,0,discriminator
ALR-0000047,DRAVINVESTGOR LOGISTICS,ENTITY,,,,,,,,,,,SDN-00033,0,generic
ALR-0000048,POLBANKZAR ENERGY,ENTITY,,,,,,,,,,,SDN-00049,0,generic
ALR-0000049,RUSIANKAL SHIPPING,ENTITY,,,,,,,,,,,SDN-00051,0,generic
ALR-0000050,MARIA TASHPROMKRE,INDIVIDUAL,,,RU,,,,,,,,SDN-00107,0,weak
ALR-0000051,TENOVAMOR AVIATION,ENTITY,,,JP,,,,,,,,SDN-00089,0,discriminator
ALR-0000052,ZARTECHLAN CONSTRUCTION,ENTITY,,,,,,,,,,,SDN-00011,0,generic
ALR-0000053,OCEAN TRADING,ENTITY,,,,,,,,,,,SDN-00099,0,type
ALR-0000054,VOLEXPORTTEN EASTERN,ENTITY,,,,,,,,,,,SDN-00030,0,generic
ALR-0000055,NORTECHPOL ORIENT,ENTITY,,,AU,,,,,,,,SDN-00063,0,discriminator
ALR-0000056,AVIATION TRADING,ENTITY,,,,,,,,,,,SDN-00062,0,type
ALR-0000057,BURIANGOR ORIENT,ENTITY,,,,,,,,,,,SDN-00079,0,generic
ALR-0000058,GORSKZAR UNITED,ENTITY,,,,,,,,,,,SDN-00097,0,generic
ALR-0000059,KALTECHZAR GULF,ENTITY,,,,,,,,,,,SDN-00071,0,generic
ALR-0000060,KREGAZTASH NATIONAL,ENTITY,,,,,,,,,,,SDN-00118,0,generic
ALR-0000061,BURINVESTVAR INVESTMENT,ENTITY,,,,,,,,,,,SDN-00116,0,generic
ALR-0000062,VOLOILLAN NATIONAL,ENTITY,,,,,,,,,,,SDN-00088,0,generic
ALR-0000063,PRIDE EASTERN,ENTITY,,,SG,,,,,,,,SDN-00040,0,discriminator
ALR-0000064,VOLSTROYSEV PEARL,ENTITY,,,,,,,,,,,SDN-00052,0,generic
ALR-0000065,MORTECHKRE INVESTMENT,ENTITY,,,,,,,,,,,SDN-00116,0,generic
ALR-0000066,RUSGAZBUR EASTERN,ENTITY,,,,,,,,,,,SDN-00085,0,generic
ALR-0000067,DRAVIANTEN UNITED,ENTITY,,,,,,,,,,,SDN-00100,0,generic
ALR-0000068,DMITRI VOLSKVOL,INDIVIDUAL,,,MM,,,,,,,,SDN-00023,0,weak
ALR-0000069,FERPROMBUR EASTERN,ENTITY,,,,,,,,,,,SDN-00085,0,generic
ALR-0000070,FERPROMDRAV PETROLEUM,ENTITY,,,,,,,,,,,SDN-00067,0,generic
ALR-0000071,GORNEFTZAR NATIONAL,ENTITY,,,,,,,,,,,SDN-00070,0,generic
ALR-0000072,VOLDARNOR EASTERN,ENTITY,,,,,,,,,,,SDN-00085,0,generic
ALR-0000073,DANOVAFER GULF,ENTITY,,,,,,,,,,,SDN-00071,0,generic
ALR-0000074,ALI POLGRADSHI,INDIVIDUAL,,,,,,,,,,,SDN-00047,0,weak
ALR-0000075,DRAVEXPORTKRE INVESTMENT,ENTITY,,,,,,,,,,,SDN-00116,0,generic
ALR-0000076,SHIZINDRAV GULF,ENTITY,,,,,,,,,,,SDN-00071,0,generic
ALR-0000077,SEVMASHLAN ORIENT,ENTITY,,,,,,,,,,,SDN-00114,0,generic
ALR-0000078,POLIANMOR ENERGY,ENTITY,,,,,,,,,,,SDN-00036,0,generic
ALR-0000079,SEVNEFTBUR STAR,ENTITY,,,,,,,,,,,SDN-00056,0,generic
ALR-0000080,TASHEXPORTVAR UNITED,ENTITY,,,,,,,,,,,SDN-00041,0,generic
ALR-0000081,SHIDARFER NATIONAL,ENTITY,,,,,,,,,,,SDN-00088,0,generic
ALR-0000082,GORPROMTEN INVESTMENT,ENTITY,,,,,,,,,,,SDN-00093,0,generic
ALR-0000083,POLINVESTGOR METALS,ENTITY,,,,,,,,,,,SDN-00010,0,generic
ALR-0000084,VARMASHPOL AVIATION,ENTITY,,,DE,,,,,,,,SDN-00070,0,discriminator
ALR-0000085,VIKTOR MOROVAQOM,INDIVIDUAL,1957-05-06,DE,,,,,,,,,SDN-00007,0,discriminator
ALR-0000086,AVIATION TRADING,ENTITY,,,,,,,,,,,SDN-00065,0,type
ALR-0000087,DRAVDARSEV FINANCE,ENTITY,,,,,,,,,,,SDN-00104,0,generic
ALR-0000088,TASHNEFTFER EXPRESS,ENTITY,,,,,,,,,,,SDN-00111,0,generic
ALR-0000089,NOROVADAN GLOBAL,ENTITY,,,,,,,,,,,SDN-00003,0,generic
ALR-0000090,ZARSKPOL LLC GROUP,ENTITY,,,,,,,,,,,SDN-00082,0,type
ALR-0000091,SEVMASHQOM INVESTMENT,ENTITY,,,,,,,,,,,SDN-00116,0,generic
ALR-0000092,POLPROMVAR GENERAL,ENTITY,,,,,,,,,,,SDN-00006,0,generic
ALR-0000093,MORBANKRUS GULF,ENTITY,,,,,,,,,,,SDN-00058,0,generic
ALR-0000094,MOREXPORTPOL CONSTRUCTION,ENTITY,,,,,,,,,,,SDN-00025,0,generic
ALR-0000095,VOLOILRUS CONSTRUCTION,ENTITY,,,,,,,,,,,SDN-00025,0,generic
ALR-0000096,NORINVESTSHI GULF,ENTITY,,,AE,,,,,,,,SDN-00020,0,discriminator
ALR-0000097,POLMASHSEV UNITED,ENTITY,,,,,,,,,,,SDN-00097,0,generic
ALR-0000098,WEI VARGAZBUR,INDIVIDUAL,,,VE,,,,,,,,SDN-00064,0,weak
ALR-0000099,VAROILSHI PACIFIC,ENTITY,,,,,,,,,,,SDN-00096,0,generic
ALR-0000100,KALTRANSKAL PEARL,ENTITY,,,,,,,,,,,SDN-00052,0,generic
ALR-0000101,KALSKSEV UNITED,ENTITY,,,,,,,,,,,SDN-00041,0,generic
ALR-0000102,DRAVZINTASH FINANCE,ENTITY,,,,,,,,,,,SDN-00104,0,generic
ALR-0000103,PEARL TRADING,ENTITY,,,,,,,,,,,SDN-00063,0,type
ALR-0000104,VOLOVAVOL UNITED,ENTITY,,,,,,,,,,,SDN-00097,0,generic
ALR-0000105,OCEAN TRADING,ENTITY,,,,,,,,,,,SDN-00099,0,type
ALR-0000106,FERGAZBUR GULF,ENTITY,,,,,,,,,,,SDN-00058,0,generic
ALR-0000107,AVIATION PARTNERS,ENTITY,,,,,,,,,,,SDN-00062,0,type
ALR-0000108,SEVMASHZAR STAR,ENTITY,,,,,,,,,,,SDN-00110,0,generic
ALR-0000109,DANOILZAR ORIENT,ENTITY,,,,,,,,,,,SDN-00079,0,generic
ALR-0000110,DANEXPORTVOL EXPRESS,ENTITY,,,,,,,,,,,SDN-00111,0,generic
ALR-0000111,RUSDARQOM ORIENT,ENTITY,,,,,,,,,,,SDN-00114,0,generic
ALR-0000112,QOMNEFTBUR LLC GROUP,ENTITY,,,,,,,,,,,SDN-00035,0,type
ALR-0000113,TENGRADFER INVESTMENT,ENTITY,,,,,,,,,,,SDN-00046,0,generic
ALR-0000114,NORGRADQOM PARTNERS,ENTITY,,,,,,,,,,,SDN-00017,0,type
ALR-0000115,VARGRADRUS NATIONAL,ENTITY,,,,,,,,,,,SDN-00118,0,generic
ALR-0000116,MORSKKAL TEXTILE,ENTITY,,,,,,,,,,,SDN-00102,0,generic
ALR-0000117,DRAVSKSEV SHIPPING,ENTITY,,,,,,,,,,,SDN-00051,0,generic
ALR-0000118,SERGEI DANBANKDAN,INDIVIDUAL,,,,,,,,,,,SDN-00098,0,weak
ALR-0000119,DRAVOILKRE FINANCE,ENTITY,,,,,,,,,,,SDN-00104,0,generic
ALR-0000120,TASHOILVOL PETROLEUM,ENTITY,,,,,,,,,,,SDN-00067,0,generic
ALR-0000121,DRAVMASHLAN EASTERN,ENTITY,,,,,,,,,,,SDN-00085,0,generic
ALR-0000122,DRAVDARKRE FINANCE,ENTITY,,,,,,,,,,,SDN-00104,0,generic
ALR-0000123,QOMEXPORTVOL UNITED,ENTITY,,,,,,,,,,,SDN-00100,0,generic
ALR-0000124,QOMNEFTTEN TRADING,ENTITY,,,,,,,,,,,SDN-00021,0,type
ALR-0000125,NORINVESTSHI ORIENT,ENTITY,,,,,,,,,,,SDN-00020,0,weak
ALR-0000126,SEVGAZSEV UNITED,ENTITY,,,,,,,,,,,SDN-00041,0,generic
ALR-0000127,QOMSKVOL STAR,ENTITY,,,,,,,,,,,SDN-00110,0,generic
ALR-0000128,VARIANNOR TEXTILE,ENTITY,,,SG,,,,,,,,SDN-00119,0,discriminator
ALR-0000129,VOLKOVSEV STAR,ENTITY,,,,,,,,,,,SDN-00056,0,generic
ALR-0000130,SHIGRADVAR NATIONAL,ENTITY,,,,,,,,,,,SDN-00088,0,generic
ALR-0000131,KREGAZBUR UNITED,ENTITY,,,,,,,,,,,SDN-00041,0,generic
ALR-0000132,PEARL LLC GROUP,ENTITY,,,,,,,,,,,SDN-00009,0,type
ALR-0000133,OCEAN LLC GROUP,ENTITY,,,,,,,,,,,SDN-00034,0,type
ALR-0000134,KRENEFTTASH NATIONAL,ENTITY,,,,,,,,,,,SDN-00118,0,generic
ALR-0000135,RUSEXPORTPOL PEARL,ENTITY,,,,,,,,,,,SDN-00052,0,generic
ALR-0000136,ZARTECHKAL STAR,ENTITY,,,,,,,,,,,SDN-00110,0,generic
ALR-0000137,BURTRANSGOR AVIATION,ENTITY,,,,,,,,,,,SDN-00057,0,generic
ALR-0000138,KALEXPORTQOM STAR,ENTITY,,,,,,,,,,,SDN-00056,0,generic
ALR-0000139,KALPROMSHI PETROLEUM,ENTITY,,,,,,,,,,,SDN-00112,0,generic
ALR-0000140,QOMNEFTBUR PARTNERS,ENTITY,,,,,,,,,,,SDN-00035,0,type
ALR-0000141,KREDARBUR EASTERN,ENTITY,,,AE,,,,,,,,SDN-00010,0,discriminator
ALR-0000142,SHIGRADLAN TEXTILE,ENTITY,,,,,,,,,,,SDN-00006,0,generic
ALR-0000143,VOLKOVQOM CONSTRUCTION,ENTITY,,,CA,,,,,,,,SDN-00056,0,discriminator
ALR-0000144,POLOVAPOL UNITED,ENTITY,,,,,,,,,,,SDN-00097,0,generic
ALR-0000145,POLOILZAR WESTERN,ENTITY,,,,,,,,,,,SDN-00006,0,generic
ALR-0000146,DANIANVOL INVESTMENT,ENTITY,,,,,,,,,,,SDN-00046,0,generic
ALR-0000147,VAROVASEV ROAD,ENTITY,,,,,,,,,,,SDN-00006,0,generic
ALR-0000148,TENBANKRUS INVESTMENT,ENTITY,,,,,,,,,,,SDN-00116,0,generic
ALR-0000149,VARINVESTDRAV CONSTRUCTION,ENTITY,,,AU,,,,,,,,SDN-00048,0,discriminator
ALR-0000150,RASHID FERPROMLAN,INDIVIDUAL,1973-09-05,CA,,,,,,,,,SDN-00015,0,discriminator
ALR-0000151,AVIATION PARTNERS,ENTITY,,,,,,,,,,,SDN-00062,0,type
ALR-0000152,QOMEXPORTPOL GULF,ENTITY,,,,,,,,,,,SDN-00071,0,generic
ALR-0000153,VOLPROMFER EASTERN,ENTITY,,,,,,,,,,,SDN-00030,0,generic
ALR-0000154,VOLINVESTFER PETROLEUM,ENTITY,,,,,,,,,,,SDN-00112,0,generic
ALR-0000155,QOMSKLAN EASTERN,ENTITY,,,,,,,,,,,SDN-00085,0,generic
ALR-0000156,TASHTECHKRE GULF,ENTITY,,,,,,,,,,,SDN-00029,0,weak
ALR-0000157,TASHGRADQOM AVIATION,ENTITY,,,,,,,,,,,SDN-00057,0,generic
ALR-0000158,BURPROMSHI EXPRESS,ENTITY,,,,,,,,,,,SDN-00111,0,generic
ALR-0000159,RUSGRADMOR INVESTMENT,ENTITY,,,,,,,,,,,SDN-00116,0,generic
ALR-0000160,SHIMASHQOM AVIATION,ENTITY,,,,,,,,,,,SDN-00036,0,generic
ALR-0000161,TENOVAMOR PARTNERS,ENTITY,,,,,,,,,,,SDN-00089,0,type
ALR-0000162,TASHTRANSQOM UNITED,ENTITY,,,,,,,,,,,SDN-00100,0,generic
ALR-0000163,KALIANSHI EASTERN,ENTITY,,,,,,,,,,,SDN-00085,0,generic
ALR-0000164,FEROVANOR PETROLEUM,ENTITY,,,,,,,,,,,SDN-00112,0,generic
ALR-0000165,SHISTROYVAR NATIONAL,ENTITY,,,,,,,,,,,SDN-00118,0,generic
ALR-0000166,LANSTROYKRE PEARL,ENTITY,,,,,,,,,,,SDN-00000,0,generic
ALR-0000167,RUSEXPORTSHI INVESTMENT,ENTITY,,,,,,,,,,,SDN-00046,0,generic
ALR-0000168,KALOILDRAV TEXTILE,ENTITY,,,,,,,,,,,SDN-00102,0,generic
ALR-0000169,VARGAZLAN CONSTRUCTION,ENTITY,,,,,,,,,,,SDN-00025,0,generic
ALR-0000170,TASHKOVDRAV ENERGY,ENTITY,,,,,,,,,,,SDN-00049,0,generic
ALR-0000171,RUSEXPORTVAR ENERGY,ENTITY,,,,,,,,,,,SDN-00049,0,generic
ALR-0000172,VARSKVOL INVESTMENT,ENTITY,,,DE,,,,,,,,SDN-00092,0,discriminator
ALR-0000173,SHIMASHBUR NATIONAL,ENTITY,,,,,,,,,,,SDN-00031,0,generic
ALR-0000174,RUSBANKQOM AVIATION,ENTITY,,,US,,,,,,,,SDN-00009,0,discriminator
ALR-0000175,TASHTECHKRE ENERGY,ENTITY,,,DE,,,,,,,,SDN-00029,0,discriminator
ALR-0000176,JOSE VARGAZBUR,INDIVIDUAL,1961-06-26,,,,,,,,,,SDN-00064,1,
ALR-0000177,VARMASHZAR ORIENT,ENTITY,,,,,,,,,,,SDN-00114,0,generic
ALR-0000178,GORTECHSHI GLOBAL,ENTITY,,,,,,,,,,,SDN-00003,0,generic
ALR-0000179,KALZINQOM FINANCE,ENTITY,,,,,,,,,,,SDN-00104,1,
ALR-0000180,JOHN ZARTRANSDRAV,INDIVIDUAL,,,,,,,,,,,SDN-00022,0,weak
ALR-0000181,KALTECHRUS PEARL,ENTITY,,,,,,,,,,,SDN-00052,0,generic
ALR-0000182,QOMEXPORTSEV STAR,ENTITY,,,,,,,,,,,SDN-00110,0,generic
ALR-0000183,TENTECHPOL ROAD,ENTITY,,,SG,,,,,,,,SDN-00097,0,discriminator
ALR-0000184,ZARNEFTNOR ORIENT,ENTITY,,,,,,,,,,,SDN-00006,0,generic
ALR-0000185,DANZINGOR WESTERN,ENTITY,,,,,,,,,,,SDN-00060,0,generic
ALR-0000186,SHITRANSPOL OCEAN,ENTITY,,,US,,,,,,,,SDN-00088,0,discriminator
ALR-0000187,SHIOVABUR WESTERN,ENTITY,,,,,,,,,,,SDN-00053,0,generic
ALR-0000188,OMAR MOREXPORTDRAV,INDIVIDUAL,1956-11-21,,,,,,,,,,SDN-00026,1,
ALR-0000189,LANOILQOM LLC GROUP,ENTITY,,,,,,,,,,,SDN-00069,0,type
ALR-0000190,SHIGAZRUS GULF,ENTITY,,,,,,,,,,,SDN-00071,0,generic
ALR-0000191,GORBANKVOL CONSTRUCTION,ENTITY,,,,,,,,,,,SDN-00011,0,generic
ALR-0000192,DMITRI POLSTROYGOR,INDIVIDUAL,1949-11-09,JP,,,,,,,,,SDN-00043,0,discriminator
ALR-0000193,TENNEFTDAN GULF,ENTITY,,,,,,,,,,,SDN-00071,0,generic
ALR-0000194,NORIANDRAV SHIPPING,ENTITY,,,,,,,,,,,SDN-00051,0,generic
ALR-0000195,AVIATION LLC GROUP,ENTITY,,,,,,,,,,,SDN-00029,0,type
ALR-0000196,POLBANKDRAV AVIATION,ENTITY,,,,,,,,,,,SDN-00057,0,generic
ALR-0000197,SHISKGOR EASTERN,ENTITY,,,,,,,,,,,SDN-00085,0,generic
ALR-0000198,NORGAZRUS FINANCE,ENTITY,,,,,,,,,,,SDN-00104,0,generic
ALR-0000199,SHIEXPORTDAN CONSTRUCTION,ENTITY,,,,,,,,,,,SDN-00011,0,generic
ALR-0000200,SEVTECHVAR WESTERN,ENTITY,,,,,,,,,,,SDN-00053,0,generic
ALR-0000201,SEVMASHNOR ORIENT,ENTITY,,,,,,,,,,,SDN-00079,0,generic
ALR-0000202,VARSTROYPOL ROAD,ENTITY,,,,,,,,,,,SDN-00115,0,generic
ALR-0000203,MORTRANSMOR CONSTRUCTION,ENTITY,,,,,,,,,,,SDN-00078,0,generic
ALR-0000204,SHISTROYTEN LLC GROUP,ENTITY,,,,,,,,,,,SDN-00117,0,type
ALR-0000205,VOLIANTEN NATIONAL,ENTITY,,,AF,,,,,,,,SDN-00025,0,weak
ALR-0000206,VAREXPORTMOR ROAD,ENTITY,,,,,,,,,,,SDN-00115,0,generic
ALR-0000207,NOREXPORTTEN PARTNERS,ENTITY,,,,,,,,,,,SDN-00065,0,type
ALR-0000208,CHEN VOLSKVOL,INDIVIDUAL,,,,,,,,,,,SDN-00023,0,weak
ALR-0000209,STAR PARTNERS,ENTITY,,,,,,,,,,,SDN-00020,0,type
ALR-0000210,DRAVDARTEN SHIPPING,ENTITY,,,,,,,,,,,SDN-00051,0,generic
ALR-0000211,RASHID TENMASHKRE,INDIVIDUAL,,,,,,,,,,,SDN-00061,0,weak
ALR-0000212,VOLBANKSHI TEXTILE,ENTITY,,,,,,,,,,,SDN-00102,0,generic
ALR-0000213,KALNEFTFER NATIONAL,ENTITY,,,,,,,,,,,SDN-00118,0,generic
ALR-0000214,RUSGAZTEN INVESTMENT,ENTITY,,,,,,,,,,,SDN-00116,0,generic
ALR-0000215,KALSKTASH LOGISTICS,ENTITY,,,KP,,,,,,,,SDN-00033,1,
ALR-0000216,QOMINVESTKAL STAR,ENTITY,,,,,,,,,,,SDN-00110,0,generic
ALR-0000217,TASHBANKZAR UNITED,ENTITY,,,,,,,,,,,SDN-00097,0,generic
ALR-0000218,KREDARKAL CONSTRUCTION,ENTITY,,,,,,,,,,,SDN-00011,0,generic
ALR-0000219,OCEAN LLC GROUP,ENTITY,,,,,,,,,,,SDN-00099,0,type
ALR-0000220,MORIANSEV EASTERN,ENTITY,,,,,,,,,,,SDN-00085,0,generic
ALR-0000221,KRENEFTQOM WESTERN,ENTITY,,,,,,,,,,,SDN-00060,0,generic
ALR-0000222,POLEXPORTRUS PETROLEUM,ENTITY,,,,,,,,,,,SDN-00080,0,generic
ALR-0000223,ZARSTROYPOL CONSTRUCTION,ENTITY,,,,,,,,,,,SDN-00078,0,generic
ALR-0000224,PRIDE PARTNERS,ENTITY,,,,,,,,,,,SDN-00035,0,type
ALR-0000225,SHINEFTKAL CONSTRUCTION,ENTITY,,,,,,,,,,,SDN-00025,0,generic
ALR-0000226,VARGRADMOR NATIONAL,ENTITY,,,,,,,,,,,SDN-00118,0,generic
ALR-0000227,KALINVESTFER PETROLEUM,ENTITY,,,,,,,,,,,SDN-00067,0,generic
ALR-0000228,DRAVSKVAR PARTNERS,ENTITY,,,,,,,,,,,SDN-00062,0,type
ALR-0000229,KRENEFTKAL AVIATION,ENTITY,,,,,,,,,,,SDN-00057,0,generic
ALR-0000230,DANTRANSTEN NATIONAL,ENTITY,,,,,,,,,,,SDN-00031,0,generic
ALR-0000231,BURSKBUR INVESTMENT,ENTITY,,,,,,,,,,,SDN-00116,0,generic
ALR-0000232,FEROVAKAL EASTERN,ENTITY,,,,,,,,,,,SDN-00085,0,generic
ALR-0000233,SHIGRADVAR GULF,ENTITY,,,,,,,,,,,SDN-00071,0,generic
ALR-0000234,VARNEFTNOR EASTERN,ENTITY,,,,,,,,,,,SDN-00085,0,generic
ALR-0000235,DRAVEXPORTSHI AVIATION,ENTITY,,,,,,,,,,,SDN-00004,0,generic
ALR-0000236,GORZINDAN WESTERN,ENTITY,,,,,,,,,,,SDN-00096,0,generic
ALR-0000237,SHIOVAPOL NATIONAL,ENTITY,,,,,,,,,,,SDN-00070,0,generic
ALR-0000238,QOMOILVOL INVESTMENT,ENTITY,,,,,,,,,,,SDN-00116,0,generic
ALR-0000239,SHIKOVKRE GLOBAL,ENTITY,,,CA,,,,,,,,SDN-00011,0,discriminator
ALR-0000240,AVIATION TRADING,ENTITY,,,,,,,,,,,SDN-00065,0,type
ALR-0000241,QOMNEFTBUR PARTNERS,ENTITY,,,,,,,,,,,SDN-00035,0,type
ALR-0000242,BURGAZSEV TEXTILE,ENTITY,,,,,,,,,,,SDN-00102,0,generic
ALR-0000243,NOREXPORTTEN EXPRESS,ENTITY,,,,,,,,,,,SDN-00065,0,weak
ALR-0000244,QOMNEFTBUR ENERGY,ENTITY,,,DE,,,,,,,,SDN-00035,0,discriminator
ALR-0000245,PRIDE LLC GROUP,ENTITY,,,,,,,,,,,SDN-00040,0,type
ALR-0000246,TENTRANSPOL ROAD,ENTITY,,,,,,,,,,,SDN-00115,0,generic
ALR-0000247,SHIKOVKRE EASTERN,ENTITY,,,FR,,,,,,,,SDN-00011,0,discriminator
ALR-0000248,BUROILKRE NATIONAL,ENTITY,,,NL,,,,,,,,SDN-00058,0,discriminator
ALR-0000249,VAROILQOM OCEAN,VESSEL,,,,,,,,,,,SDN-00099,1,
ALR-0000250,ALI VAROILRUS,INDIVIDUAL,,,,,,,,,,,SDN-00081,0,weak
ALR-0000251,QOMIANPOL FINANCE,ENTITY,,,IR,,,,,,,,SDN-00105,0,weak
ALR-0000252,TASHMASHMOR STAR,ENTITY,,,,,,,,,,,SDN-00110,0,generic
ALR-0000253,ZARZINBUR NATIONAL,ENTITY,,,,,,,,,,,SDN-00088,0,generic
ALR-0000254,MARIA TENDARPOL,INDIVIDUAL,,,,,,,,,,,SDN-00054,0,weak
ALR-0000255,ZARDARZAR ROAD,ENTITY,,,AE,,,,,,,,SDN-00112,0,discriminator
ALR-0000256,BUROVARUS INVESTMENT,ENTITY,,,,,,,,,,,SDN-00116,0,generic
ALR-0000257,ZARSKPOL PARTNERS,ENTITY,,,,,,,,,,,SDN-00082,0,type
ALR-0000258,TASHEXPORTGOR METALS,ENTITY,,,,,,,,,,,SDN-00010,0,generic
ALR-0000259,TENOVAMOR PRIDE,VESSEL,,,CN,,,,,,,,SDN-00089,1,
ALR-0000260,SHITRANSPOL FINANCE,ENTITY,,,GB,,,,,,,,SDN-00088,0,discriminator
ALR-0000261,KREGAZKAL CONSTRUCTION,ENTITY,,,,,,,,,,,SDN-00025,0,generic
ALR-0000262,TASHTECHKRE TRADING,ENTITY,,,,,,,,,,,SDN-00029,0,type
ALR-0000263,BURINVESTKAL INVESTMENT,ENTITY,,,,,,,,,,,SDN-00116,0,generic
ALR-0000264,FERINVESTLAN ORIENT,ENTITY,,,,,,,,,,,SDN-00079,0,generic
ALR-0000265,DANTRANSKAL EASTERN,ENTITY,,,,,,,,,,,SDN-00030,0,generic
ALR-0000266,NOREXPORTSHI WESTERN,ENTITY,,,,,,,,,,,SDN-00053,0,generic
ALR-0000267,SEVSTROYGOR NATIONAL,ENTITY,,,,,,,,,,,SDN-00118,0,generic
ALR-0000268,QOMMASHRUS METALS,ENTITY,,,,,,,,,,,SDN-00006,0,generic
ALR-0000269,GORKOVKAL METALS,ENTITY,,,,,,,,,,,SDN-00010,0,generic
ALR-0000270,FATIMA QOMZINSHI,INDIVIDUAL,1982-11-06,JP,,,,,,,,,SDN-00072,0,discriminator
ALR-0000271,RUSBANKQOM TRADING,ENTITY,,,,,,,,,,,SDN-00009,0,type
ALR-0000272,RUSGRADSEV METALS,ENTITY,,,,,,,,,,,SDN-00006,0,generic
ALR-0000273,SHISKFER ROAD,ENTITY,,,,,,,,,,,SDN-00115,0,generic
ALR-0000274,LANDARSHI UNITED,ENTITY,,,,,,,,,,,SDN-00097,0,generic
ALR-0000275,NOROILTEN INVESTMENT,ENTITY,,,,,,,,,,,SDN-00116,0,generic
ALR-0000276,KREINVESTFER PETROLEUM,ENTITY,,,,,,,,,,,SDN-00080,0,generic
ALR-0000277,LANEXPORTKRE TRADING,ENTITY,,,,,,,,,,,SDN-00034,0,type
ALR-0000278,OCEAN LLC GROUP,ENTITY,,,,,,,,,,,SDN-00034,0,type
ALR-0000279,VARINVESTDRAV LLC GROUP,ENTITY,,,,,,,,,,,SDN-00048,0,type
ALR-0000280,VARINVESTDRAV TRADING,ENTITY,,,,,,,,,,,SDN-00048,0,type
ALR-0000281,NORTECHDAN UNITED,ENTITY,,,,,,,,,,,SDN-00100,0,generic
ALR-0000282,DANNEFTKAL FINANCE,ENTITY,,,,,,,,,,,SDN-00006,0,generic
ALR-0000283,KREEXPORTGOR STAR,ENTITY,,,,,,,,,,,SDN-00110,0,generic
ALR-0000284,DRAVOVAZAR FINANCE,ENTITY,,,AE,,,,,,,,SDN-00031,0,discriminator
ALR-0000285,SHIPROMQOM AVIATION,ENTITY,,,,,,,,,,,SDN-00004,0,generic
ALR-0000286,PRIDE TEXTILE,ENTITY,,,GB,,,,,,,,SDN-00040,0,discriminator
ALR-0000287,VOLNEFTQOM TEXTILE,ENTITY,,,,,,,,,,,SDN-00119,0,generic
ALR-0000288,SEVOILMOR NATIONAL,ENTITY,,,,,,,,,,,SDN-00088,0,generic
ALR-0000289,SEVOILFER UNITED,ENTITY,,,,,,,,,,,SDN-00041,0,generic
ALR-0000290,LANSKQOM AVIATION,ENTITY,,,,,,,,,,,SDN-00096,0,generic
ALR-0000291,SHIEXPORTVAR PEARL,ENTITY,,,VE,,,,,,,,SDN-00052,1,
ALR-0000292,MORKOVRUS PEARL,ENTITY,,,,,,,,,,,SDN-00000,0,generic
ALR-0000293,TENMASHVOL SHIPPING,ENTITY,,,,,,,,,,,SDN-00051,0,generic
ALR-0000294,GORPROMKAL ENERGY,ENTITY,,,,,,,,,,,SDN-00049,0,generic
ALR-0000295,GORDARRUS CONSTRUCTION,ENTITY,,,,,,,,,,,SDN-00025,0,generic
ALR-0000296,TASHEXPORTSEV NATIONAL,ENTITY,,,,,,,,,,,SDN-00118,0,generic
ALR-0000297,DMITRI TASHEXPORTRUS,INDIVIDUAL,,,,,,,,,,,SDN-00050,0,weak
ALR-0000298,NORGRADQOM EXPRESS,ENTITY,,,SY,,,,,,,,SDN-00017,0,weak
ALR-0000299,SHIBANKLAN EASTERN,ENTITY,,,,,,,,,,,SDN-00030,0,generic
ALR-0000300,NORNEFTSEV EASTERN,ENTITY,,,,,,,,,,,SDN-00030,0,generic
ALR-0000301,WEI DANMASHQOM,INDIVIDUAL,1970-07-17,US,,,,,,,,,SDN-00018,0,discriminator
ALR-0000302,RUSINVESTSHI CAPITAL,ENTITY,,,,,,,,,,,SDN-00036,0,generic
ALR-0000303,KREKOVVOL NATIONAL,ENTITY,,,,,,,,,,,SDN-00031,0,generic
ALR-0000304,YUSUF POLGRADSHI,INDIVIDUAL,1985-05-27,GB,,,,,,,,,SDN-00047,0,discriminator
ALR-0000305,POLDARNOR INVESTMENT,ENTITY,,,,,,,,,,,SDN-00116,0,generic
ALR-0000306,BURSKQOM GULF,ENTITY,,,,,,,,,,,SDN-00006,0,weak
ALR-0000307,TENNEFTKAL GULF,ENTITY,,,,,,,,,,,SDN-00071,0,generic
ALR-0000308,TASHOVAFER EASTERN,ENTITY,,,,,,,,,,,SDN-00085,0,generic
ALR-0000309,VAROVANOR FINANCE,ENTITY,,,,,,,,,,,SDN-00104,0,generic
ALR-0000310,GOREXPORTSHI INVESTMENT,ENTITY,,,,,,,,,,,SDN-00116,0,generic
ALR-0000311,AVIATION PARTNERS,ENTITY,,,,,,,,,,,SDN-00065,0,type
ALR-0000312,GORGAZRUS STAR,ENTITY,,,,,,,,,,,SDN-00110,0,generic
ALR-0000313,ZARTECHVOL ENERGY,ENTITY,,,,,,,,,,,SDN-00049,0,generic
ALR-0000314,SHISTROYKAL TRADING,ENTITY,,,,,,,,,,,SDN-00040,0,type
ALR-0000315,VOLEXPORTDAN TEXTILE,ENTITY,,,,,,,,,,,SDN-00102,0,generic
ALR-0000316,KALZINKAL GENERAL,ENTITY,,,CA,,,,,,,,SDN-00108,0,discriminator
ALR-0000317,NOREXPORTTEN PARTNERS,ENTITY,,,,,,,,,,,SDN-00065,0,type
ALR-0000318,YUSUF QOMZINSHI,INDIVIDUAL,,,,,,,,,,,SDN-00072,0,weak
ALR-0000319,AVIATION TRADING,ENTITY,,,,,,,,,,,SDN-00092,0,type
ALR-0000320,FEREXPORTZAR ENERGY,ENTITY,,,,,,,,,,,SDN-00049,0,generic
ALR-0000321,SHISTROYTEN PRIDE,VESSEL,,,,,,,,,,,SDN-00117,1,
ALR-0000322,MOROVAZAR METALS,ENTITY,,,,,,,,,,,SDN-00036,0,generic
ALR-0000323,VAROILQOM EASTERN,ENTITY,,,AE,,,,,,,,SDN-00099,0,discriminator
ALR-0000324,RUSZINMOR NATIONAL,ENTITY,,,,,,,,,,,SDN-00118,0,generic
ALR-0000325,TENZINKRE METALS,ENTITY,,,,,,,,,,,SDN-00093,0,weak
ALR-0000326,FERBANKQOM FINANCE,ENTITY,,,,,,,,,,,SDN-00104,0,generic
ALR-0000327,DRAVSKVAR TRADING,ENTITY,,,,,,,,,,,SDN-00062,0,type
ALR-0000328,YUSUF DANPROMSEV,INDIVIDUAL,,,IR,,,,,,,,SDN-00073,0,weak
ALR-0000329,ZARIANQOM ORIENT,ENTITY,,,,,,,,,,,SDN-00078,0,weak
ALR-0000330,QOMBANKMOR METALS,ENTITY,,,,,,,,,,,SDN-00010,0,generic
ALR-0000331,QOMIANPOL INVESTMENT,ENTITY,,,IR,,,,,,,,SDN-00105,0,weak
ALR-0000332,DRAVZINZAR PETROLEUM,ENTITY,,,,,,,,,,,SDN-00067,0,generic
ALR-0000333,OCEAN LLC GROUP,ENTITY,,,,,,,,,,,SDN-00034,0,type
ALR-0000334,KREMASHDAN GULF,ENTITY,,,,,,,,,,,SDN-00071,0,generic
ALR-0000335,SEVKOVMOR AVIATION,ENTITY,,,,,,,,,,,SDN-00004,0,generic
ALR-0000336,RUSNEFTNOR LOGISTICS,ENTITY,,,,,,,,,,,SDN-00033,0,generic
ALR-0000337,GOROILPOL ENERGY,ENTITY,,,RU,,,,,,,,SDN-00114,0,weak
ALR-0000338,BUROVAKRE PETROLEUM,ENTITY,,,,,,,,,,,SDN-00080,0,generic
ALR-0000339,SHITECHSEV FINANCE,ENTITY,,,,,,,,,,,SDN-00104,0,generic
ALR-0000340,SHIMASHTASH STAR,ENTITY,,,,,,,,,,,SDN-00110,0,generic
ALR-0000341,FERMASHLAN STAR,ENTITY,,,,,,,,,,,SDN-00056,0,generic
ALR-0000342,NORMASHKRE STAR,ENTITY,,,,,,,,,,,SDN-00056,0,generic
ALR-0000343,DRAVIANSHI NATIONAL,ENTITY,,,,,,,,,,,SDN-00118,0,generic
ALR-0000344,CHEN POLGRADSHI,INDIVIDUAL,1950-05-15,JP,,,,,,,,,SDN-00047,0,discriminator
ALR-0000345,MARIA QOMZINSHI,INDIVIDUAL,1992-11-04,GB,,,,,,,,,SDN-00072,0,discriminator
ALR-0000346,ZARSKPOL PARTNERS,ENTITY,,,,,,,,,,,SDN-00082,0,type
ALR-0000347,TENSKVAR UNITED,ENTITY,,,,,,,,,,,SDN-00100,0,generic
ALR-0000348,GORGRADDAN AVIATION,ENTITY,,,,,,,,,,,SDN-00004,0,generic
ALR-0000349,LANEXPORTKRE TRADING,ENTITY,,,,,,,,,,,SDN-00034,0,type
ALR-0000350,NORPROMLAN PETROLEUM,ENTITY,,,,,,,,,,,SDN-00080,0,generic
ALR-0000351,NORTRANSSHI METALS,ENTITY,,,,,,,,,,,SDN-00010,0,generic
ALR-0000352,IVAN ZARIANSEV,INDIVIDUAL,1992-10-19,AU,,,,,,,,,SDN-00066,0,discriminator
ALR-0000353,TASHZINKRE GLOBAL,ENTITY,,,,,,,,,,,SDN-00032,0,generic
ALR-0000354,ZARDARZAR LOGISTICS,ENTITY,,,FR,,,,,,,,SDN-00112,0,discriminator
ALR-0000355,VAROVABUR PETROLEUM,ENTITY,,,,,,,,,,,SDN-00112,0,generic
ALR-0000356,RUSOVARUS TEXTILE,ENTITY,,,,,,,,,,,SDN-00119,0,generic
ALR-0000357,DRAVBANKZAR INVESTMENT,ENTITY,,,,,,,,,,,SDN-00093,0,generic
ALR-0000358,VARZINQOM WESTERN,ENTITY,,,,,,,,,,,SDN-00053,0,generic
ALR-0000359,PEARL PARTNERS,ENTITY,,,,,,,,,,,SDN-00063,0,type
ALR-0000360,POLSTROYTEN UNITED,ENTITY,,,,,,,,,,,SDN-00041,0,generic
ALR-0000361,QOMIANPOL EASTERN,ENTITY,,,DE,,,,,,,,SDN-00105,0,discriminator
ALR-0000362,LANOILQOM PARTNERS,ENTITY,,,,,,,,,,,SDN-00069,0,type
ALR-0000363,LANOVAQOM UNITED,ENTITY,,,,,,,,,,,SDN-00041,0,generic
ALR-0000364,ABDUL VOLDARGOR,INDIVIDUAL,1971-08-17,SG,,,,,,,,,SDN-00090,0,discriminator
ALR-0000365,QOMBANKVAR GLOBAL,ENTITY,,,,,,,,,,,SDN-00003,0,generic
ALR-0000366,FATIMA QOMOILSEV,INDIVIDUAL,1958-05-24,GB,,,,,,,,,SDN-00075,0,discriminator
ALR-0000367,DANSTROYQOM LOGISTICS,ENTITY,,,,,,,,,,,SDN-00033,0,generic
ALR-0000368,GORKOVZAR ORIENT,ENTITY,,,,,,,,,,,SDN-00079,0,generic
ALR-0000369,ZAREXPORTDRAV PETROLEUM,ENTITY,,,,,,,,,,,SDN-00112,0,generic
ALR-0000370,PEARL LLC GROUP,ENTITY,,,,,,,,,,,SDN-00048,0,type
ALR-0000371,POLOILGOR INVESTMENT,ENTITY,,,,,,,,,,,SDN-00046,0,generic
ALR-0000372,KALSKFER NATIONAL,ENTITY,,,,,,,,,,,SDN-00118,0,generic
ALR-0000373,MORTECHMOR METALS,ENTITY,,,,,,,,,,,SDN-00010,0,generic
ALR-0000374,PRIDE TRADING,ENTITY,,,,,,,,,,,SDN-00117,0,type
ALR-0000375,OCEAN PARTNERS,ENTITY,,,,,,,,,,,SDN-00017,0,type
ALR-0000376,VAROILDRAV GLOBAL,ENTITY,,,,,,,,,,,SDN-00003,0,generic
ALR-0000377,QOMIANPOL LLC GROUP,ENTITY,,,,,,,,,,,SDN-00105,0,type
ALR-0000378,VARBANKGOR TEXTILE,ENTITY,,,,,,,,,,,SDN-00102,0,generic
ALR-0000379,ZARDARZAR UNITED,ENTITY,,,GB,,,,,,,,SDN-00112,0,discriminator
ALR-0000380,MORPROMBUR PARTNERS,ENTITY,,,,,,,,,,,SDN-00101,0,type
ALR-0000381,KALEXPORTSEV ENERGY,ENTITY,,,,,,,,,,,SDN-00049,0,generic
ALR-0000382,DANOILPOL PEARL,ENTITY,,,,,,,,,,,SDN-00052,0,generic
ALR-0000383,JOSE NORNEFTQOM,INDIVIDUAL,1960-09-04,SG,,,,,,,,,SDN-00074,0,discriminator
ALR-0000384,TASHSTROYMOR GLOBAL,ENTITY,,,,,,,,,,,SDN-00032,0,generic
ALR-0000385,BUROILKRE NATIONAL,ENTITY,,,DE,,,,,,,,SDN-00058,0,discriminator
ALR-0000386,BURGAZVOL ROAD,ENTITY,,,,,,,,,,,SDN-00115,0,generic
ALR-0000387,DANNEFTVAR LOGISTICS,ENTITY,,,,,,,,,,,SDN-00033,0,generic
ALR-0000388,RUSPROMVAR PETROLEUM,ENTITY,,,,,,,,,,,SDN-00080,0,generic
ALR-0000389,SERGEI SHINEFTLAN,INDIVIDUAL,1978-05-24,,,,,,,,,,SDN-00068,1,
ALR-0000390,GORSTROYZAR GULF,ENTITY,,,,,,,,,,,SDN-00058,0,generic
ALR-0000391,SEVDARKRE PETROLEUM,ENTITY,,,,,,,,,,,SDN-00067,0,generic
ALR-0000392,VOLOILSEV METALS,ENTITY,,,,,,,,,,,SDN-00010,0,generic
ALR-0000393,TENDARMOR WESTERN,ENTITY,,,,,,,,,,,SDN-00060,0,generic
ALR-0000394,ZAREXPORTQOM CONSTRUCTION,ENTITY,,,,,,,,,,,SDN-00078,0,generic
ALR-0000395,BURZINKAL UNITED,ENTITY,,,,,,,,,,,SDN-00097,0,generic
ALR-0000396,FEROVAFER TEXTILE,ENTITY,,,,,,,,,,,SDN-00102,0,generic
ALR-0000397,VOLZINTEN GLOBAL,ENTITY,,,,,,,,,,,SDN-00003,0,generic
ALR-0000398,TASHSTROYZAR INVESTMENT,ENTITY,,,,,,,,,,,SDN-00093,0,generic
ALR-0000399,DRAVDARTEN UNITED,ENTITY,,,,,,,,,,,SDN-00100,0,generic
ALR-0000400,KREZINVAR STAR,ENTITY,,,,,,,,,,,SDN-00056,0,generic
ALR-0000401,VAROILQOM LLC GROUP,ENTITY,,,,,,,,,,,SDN-00099,0,type
ALR-0000402,SHIMASHLAN AVIATION,ENTITY,,,,,,,,,,,SDN-00004,0,generic
ALR-0000403,NORZINDAN NATIONAL,ENTITY,,,,,,,,,,,SDN-00118,0,generic
ALR-0000404,NORZINDRAV UNITED,ENTITY,,,,,,,,,,,SDN-00097,0,generic
ALR-0000405,KALSKTASH TRADING,ENTITY,,,KP,,,,,,,,SDN-00033,0,weak
ALR-0000406,KALGAZTEN STAR,ENTITY,,,,,,,,,,,SDN-00056,0,generic
ALR-0000407,NORGRADQOM TRADING,ENTITY,,,,,,,,,,,SDN-00017,0,type
ALR-0000408,POLTECHNOR PETROLEUM,ENTITY,,,,,,,,,,,SDN-00067,0,generic
ALR-0000409,RUSINVESTDRAV CONSTRUCTION,ENTITY,,,,,,,,,,,SDN-00078,0,generic
ALR-0000410,BURZINTASH ORIENT,ENTITY,,,,,,,,,,,SDN-00079,0,generic
ALR-0000411,YUSUF BURSKGOR,INDIVIDUAL,1978-10-22,JP,,,,,,,,,SDN-00013,0,discriminator
ALR-0000412,FERKOVTASH PETROLEUM,ENTITY,,,,,,,,,,,SDN-00067,0,generic
ALR-0000413,POLOVANOR ORIENT,ENTITY,,,,,,,,,,,SDN-00079,0,generic
ALR-0000414,GOREXPORTMOR TEXTILE,ENTITY,,,,,,,,,,,SDN-00119,0,generic
ALR-0000415,AVIATION PARTNERS,ENTITY,,,,,,,,,,,SDN-00092,0,type
ALR-0000416,FEROVAZAR FINANCE,ENTITY,,,,,,,,,,,SDN-00104,0,generic
ALR-0000417,NORMASHMOR GENERAL,ENTITY,,,,,,,,,,,SDN-00096,0,generic
ALR-0000418,QOMSKRUS UNITED,ENTITY,,,,,,,,,,,SDN-00097,0,generic
ALR-0000419,DANINVESTNOR EASTERN,ENTITY,,,,,,,,,,,SDN-00085,0,generic
ALR-0000420,ZARZINRUS MARINE,ENTITY,,,,,,,,,,,SDN-00096,0,generic
ALR-0000421,FEROILGOR CONSTRUCTION,ENTITY,,,,,,,,,,,SDN-00011,0,generic
ALR-0000422,KALOVAQOM WESTERN,ENTITY,,,,,,,,,,,SDN-00060,0,generic
ALR-0000423,AVIATION PARTNERS,ENTITY,,,,,,,,,,,SDN-00108,0,type
ALR-0000424,QOMNEFTTEN PARTNERS,ENTITY,,,,,,,,,,,SDN-00021,0,type
ALR-0000425,SEVSKGOR ROAD,ENTITY,,,,,,,,,,,SDN-00115,0,generic
ALR-0000426,VARDARTEN LOGISTICS,ENTITY,,,,,,,,,,,SDN-00033,0,generic
ALR-0000427,RUSSTROYPOL EASTERN,ENTITY,,,,,,,,,,,SDN-00030,0,generic
ALR-0000428,VOLZINPOL ORIENT,ENTITY,,,,,,,,,,,SDN-00079,0,generic
ALR-0000429,NORGRADQOM CAPITAL,ENTITY,,,,,,,,,,,SDN-00017,0,weak
ALR-0000430,VIKTOR TASHPROMKRE,INDIVIDUAL,,,,,,,,,,,SDN-00107,0,weak
ALR-0000431,TASHZINRUS MARINE,ENTITY,,,,,,,,,,,SDN-00036,0,generic
ALR-0000432,QOMTECHRUS PETROLEUM,ENTITY,,,,,,,,,,,SDN-00112,0,generic
ALR-0000433,TASHPROMFER NATIONAL,ENTITY,,,,,,,,,,,SDN-00031,0,generic
ALR-0000434,SHISTROYLAN GULF,ENTITY,,,,,,,,,,,SDN-00058,0,generic
ALR-0000435,TASHNEFTGOR PETROLEUM,ENTITY,,,,,,,,,,,SDN-00067,0,generic
ALR-0000436,PEARL PARTNERS,ENTITY,,,,,,,,,,,SDN-00101,0,type
ALR-0000437,SHIOILTEN ORIENT,ENTITY,,,,,,,,,,,SDN-00079,0,generic
ALR-0000438,VOLOVALAN GLOBAL,ENTITY,,,,,,,,,,,SDN-00032,0,generic
ALR-0000439,DRAVDARVOL STAR,ENTITY,,,,,,,,,,,SDN-00056,0,generic
ALR-0000440,POLZINFER PETROLEUM,ENTITY,,,,,,,,,,,SDN-00067,0,generic
ALR-0000441,GOROILVOL SHIPPING,ENTITY,,,,,,,,,,,SDN-00051,0,generic
ALR-0000442,RASHID ZAROILSEV,INDIVIDUAL,,,KP,,,,,,,,SDN-00087,0,weak
ALR-0000443,QOMBANKDAN EASTERN,ENTITY,,,,,,,,,,,SDN-00085,0,generic
ALR-0000444,AHMED POLBANKSEV,INDIVIDUAL,,,,,,,,,,,SDN-00037,0,weak
ALR-0000445,OMAR VOLOILKAL,INDIVIDUAL,,,BY,,,,,,,,SDN-00094,0,weak
ALR-0000446,DANTECHZAR LOGISTICS,ENTITY,,,,,,,,,,,SDN-00033,0,generic
ALR-0000447,DMITRI POLBANKBUR,INDIVIDUAL,,,,,,,,,,,SDN-00005,0,weak
ALR-0000448,SEVMASHDAN NATIONAL,ENTITY,,,,,,,,,,,SDN-00118,0,generic
ALR-0000449,VAROILQOM TRADING,ENTITY,,,,,,,,,,,SDN-00099,0,type
ALR-0000450,OCEAN PARTNERS,ENTITY,,,,,,,,,,,SDN-00034,0,type
ALR-0000451,LANGAZMOR ENERGY,ENTITY,,,,,,,,,,,SDN-00049,0,generic
ALR-0000452,BURMASHGOR WESTERN,ENTITY,,,,,,,,,,,SDN-00079,0,weak
ALR-0000453,KALINVESTQOM NATIONAL,ENTITY,,,,,,,,,,,SDN-00118,0,generic
ALR-0000454,RUSZINRUS GULF,ENTITY,,,,,,,,,,,SDN-00058,0,generic
ALR-0000455,KALGRADGOR UNITED,ENTITY,,,,,,,,,,,SDN-00100,0,generic
ALR-0000456,LANGAZGOR INVESTMENT,ENTITY,,,,,,,,,,,SDN-00116,0,generic
ALR-0000457,SHIKOVNOR TEXTILE,ENTITY,,,,,,,,,,,SDN-00102,0,generic
ALR-0000458,ZARSKPOL TRADING,ENTITY,,,,,,,,,,,SDN-00082,0,type
ALR-0000459,ZARSKPOL PARTNERS,ENTITY,,,,,,,,,,,SDN-00082,0,type
ALR-0000460,VOLIANNOR WESTERN,ENTITY,,,,,,,,,,,SDN-00060,0,generic
ALR-0000461,DANEXPORTDRAV METALS,ENTITY,,,,,,,,,,,SDN-00010,0,generic
ALR-0000462,MORKOVRUS PETROLEUM,ENTITY,,,,,,,,,,,SDN-00080,0,generic
ALR-0000463,NOROVANOR ORIENT,ENTITY,,,,,,,,,,,SDN-00114,0,generic
ALR-0000464,SEVIANSEV TEXTILE,ENTITY,,,,,,,,,,,SDN-00119,0,generic
ALR-0000465,VOLINVESTSHI GENERAL,ENTITY,,,AU,,,,,,,,SDN-00003,0,discriminator
ALR-0000466,PEARL PARTNERS,ENTITY,,,,,,,,,,,SDN-00101,0,type
ALR-0000467,KALKOVSHI INVESTMENT,ENTITY,,,,,,,,,,,SDN-00116,0,generic
ALR-0000468,RUSSKSHI PETROLEUM,ENTITY,,,,,,,,,,,SDN-00112,0,generic
ALR-0000469,NOREXPORTTEN LLC GROUP,ENTITY,,,,,,,,,,,SDN-00065,0,type
ALR-0000470,AHMED DANMASHQOM,INDIVIDUAL,1962-10-27,FR,,,,,,,,,SDN-00018,0,discriminator
ALR-0000471,VOLSKPOL STAR,ENTITY,,,,,,,,,,,SDN-00110,0,generic
ALR-0000472,LANMASHMOR CONSTRUCTION,ENTITY,,,,,,,,,,,SDN-00025,0,generic
ALR-0000473,SEVIANLAN CONSTRUCTION,ENTITY,,,,,,,,,,,SDN-00025,0,generic
ALR-0000474,SEVDARDAN NATIONAL,ENTITY,,,,,,,,,,,SDN-00118,0,generic
ALR-0000475,QOMNEFTTEN NATIONAL,ENTITY,,,CN,,,,,,,,SDN-00021,0,weak
ALR-0000476,PRIDE LLC GROUP,ENTITY,,,,,,,,,,,SDN-00082,0,type
ALR-0000477,AVIATION LLC GROUP,ENTITY,,,,,,,,,,,SDN-00092,0,type
ALR-0000478,KRENEFTFER FINANCE,ENTITY,,,,,,,,,,,SDN-00104,0,generic
ALR-0000479,NORGRADQOM OCEAN,ENTITY,,,GB,,,,,,,,SDN-00017,0,discriminator
ALR-0000480,KALZINKAL TEXTILE,ENTITY,,,NL,,,,,,,,SDN-00108,0,discriminator
ALR-0000481,QOMNEFTBUR PARTNERS,ENTITY,,,,,,,,,,,SDN-00035,0,type
ALR-0000482,WALLET ORIENT,ENTITY,,,DE,,,,,,,,SDN-00069,0,discriminator
ALR-0000483,SEVDARPOL EXPRESS,ENTITY,,,,,,,,,,,SDN-00111,0,generic
ALR-0000484,QOMNEFTGOR NATIONAL,ENTITY,,,,,,,,,,,SDN-00118,0,generic
ALR-0000485,TASHMASHKAL STAR,ENTITY,,,,,,,,,,,SDN-00110,0,generic
ALR-0000486,DRAVBANKQOM METALS,ENTITY,,,,,,,,,,,SDN-00010,0,generic
ALR-0000487,RUSMASHPOL NATIONAL,ENTITY,,,,,,,,,,,SDN-00070,0,generic
ALR-0000488,GORTECHDRAV CONSTRUCTION,ENTITY,,,,,,,,,,,SDN-00025,0,generic
ALR-0000489,NORGRADDRAV EXPRESS,ENTITY,,,,,,,,,,,SDN-00111,0,generic
ALR-0000490,KALBANKVAR CONSTRUCTION,ENTITY,,,,,,,,,,,SDN-00078,0,generic
ALR-0000491,POLNEFTQOM NATIONAL,ENTITY,,,,,,,,,,,SDN-00031,0,generic
ALR-0000492,BURNEFTKAL GLOBAL,ENTITY,,,,,,,,,,,SDN-00032,0,generic
ALR-0000493,KREMASHVAR WESTERN,ENTITY,,,,,,,,,,,SDN-00060,0,generic
ALR-0000494,ZAREXPORTVOL ORIENT,ENTITY,,,,,,,,,,,SDN-00079,0,generic
ALR-0000495,GOROVADAN ROAD,ENTITY,,,,,,,,,,,SDN-00115,0,generic
ALR-0000496,RUSKOVSEV EASTERN,ENTITY,,,,,,,,,,,SDN-00036,0,generic
ALR-0000497,VARNEFTQOM INVESTMENT,ENTITY,,,,,,,,,,,SDN-00093,0,generic
ALR-0000498,OCEAN TRADING,ENTITY,,,,,,,,,,,SDN-00034,0,type
ALR-0000499,FERIANQOM NATIONAL,ENTITY,,,,,,,,,,,SDN-00088,0,generic
ALR-0000500,GORGRADTEN UNITED,ENTITY,,,,,,,,,,,SDN-00041,0,generic
ALR-0000501,FEROVASHI ORIENT,ENTITY,,,,,,,,,,,SDN-00114,0,generic
ALR-0000502,SHIKOVTEN PETROLEUM,ENTITY,,,,,,,,,,,SDN-00112,0,generic
ALR-0000503,TENEXPORTVAR UNITED,ENTITY,,,,,,,,,,,SDN-00100,0,generic
ALR-0000504,QOMIANPOL LLC GROUP,ENTITY,,,,,,,,,,,SDN-00105,0,type
ALR-0000505,NOROILFER ENERGY,ENTITY,,,,,,,,,,,SDN-00049,0,generic
ALR-0000506,DANGRADKRE PEARL,ENTITY,,,,,,,,,,,SDN-00000,0,generic
ALR-0000507,TENBANKKRE GULF,ENTITY,,,,,,,,,,,SDN-00058,0,generic
ALR-0000508,SHIPROMDAN PEARL,ENTITY,,,,,,,,,,,SDN-00052,0,generic
ALR-0000509,VLADIMIR TASHEXPORTRUS,INDIVIDUAL,,,,,,,,,,,SDN-00050,0,weak
ALR-0000510,SHIMASHDRAV FINANCE,ENTITY,,,,,,,,,,,SDN-00104,0,generic
ALR-0000511,LANOILQOM PARTNERS,ENTITY,,,,,,,,,,,SDN-00069,0,type
ALR-0000512,KRESTROYGOR LOGISTICS,ENTITY,,,,,,,,,,,SDN-00033,0,generic
ALR-0000513,KALZINKAL TRADING,ENTITY,,,,,,,,,,,SDN-00108,0,type
ALR-0000514,TASHMASHFER CONSTRUCTION,ENTITY,,,,,,,,,,,SDN-00011,0,generic
ALR-0000515,NOROVARUS NATIONAL,ENTITY,,,,,,,,,,,SDN-00070,0,generic
ALR-0000516,VOLNEFTVAR PETROLEUM,ENTITY,,,,,,,,,,,SDN-00112,0,generic
ALR-0000517,KALZINKAL AVIATION,AIRCRAFT,,,,,,,,,,,SDN-00108,1,
ALR-0000518,FERGRADGOR AVIATION,ENTITY,,,,,,,,,,,SDN-00004,0,generic
ALR-0000519,QOMKOVBUR NATIONAL,ENTITY,,,,,,,,,,,SDN-00070,0,generic
ALR-0000520,AVIATION LLC GROUP,ENTITY,,,,,,,,,,,SDN-00065,0,type
ALR-0000521,NORSKSEV METALS,ENTITY,,,,,,,,,,,SDN-00010,0,generic
ALR-0000522,SHISTROYKAL LLC GROUP,ENTITY,,,,,,,,,,,SDN-00040,0,type
ALR-0000523,BURPROMGOR PEARL,ENTITY,,,,,,,,,,,SDN-00052,0,generic
ALR-0000524,KREGRADDRAV WESTERN,ENTITY,,,,,,,,,,,SDN-00060,0,generic
ALR-0000525,WEI QOMZINSHI,INDIVIDUAL,,,,,,,,,,,SDN-00072,0,weak
ALR-0000526,DANKOVVAR NATIONAL,ENTITY,,,,,,,,,,,SDN-00088,0,generic
ALR-0000527,QOMGAZTEN ENERGY,ENTITY,,,,,,,,,,,SDN-00049,0,generic
ALR-0000528,QOMOILNOR PEARL,ENTITY,,,,,,,,,,,SDN-00052,0,generic
ALR-0000529,RUSBANKQOM FINANCE,ENTITY,,,AE,,,,,,,,SDN-00009,0,discriminator
ALR-0000530,LANEXPORTKRE MARINE,ENTITY,,,CA,,,,,,,,SDN-00034,0,discriminator
ALR-0000531,DRAVSTROYQOM SHIPPING,ENTITY,,,,,,,,,,,SDN-00051,0,generic
ALR-0000532,JOHN DANSTROYRUS,INDIVIDUAL,1955-02-22,JP,,,,,,,,,SDN-00045,0,discriminator
ALR-0000533,MORPROMBUR LLC GROUP,ENTITY,,,,,,,,,,,SDN-00101,0,type
ALR-0000534,DRAVMASHBUR STAR,ENTITY,,,,,,,,,,,SDN-00110,0,generic
ALR-0000535,TASHTECHKRE PARTNERS,ENTITY,,,,,,,,,,,SDN-00029,0,type
ALR-0000536,VOLGRADKAL TEXTILE,ENTITY,,,,,,,,,,,SDN-00102,0,generic
ALR-0000537,TENOVAMOR PARTNERS,ENTITY,,,,,,,,,,,SDN-00089,0,type
ALR-0000538,ZARSTROYRUS PEARL,ENTITY,,,,,,,,,,,SDN-00000,0,generic
ALR-0000539,BURSKDRAV PEARL,ENTITY,,,,,,,,,,,SDN-00052,0,generic
ALR-0000540,AHMED POLSTROYGOR,INDIVIDUAL,,,,,,,,,,,SDN-00043,0,weak
ALR-0000541,AVIATION LLC GROUP,ENTITY,,,,,,,,,,,SDN-00065,0,type
ALR-0000542,DANEXPORTKRE NATIONAL,ENTITY,,,,,,,,,,,SDN-00031,0,generic
ALR-0000543,LANDARTASH GULF,ENTITY,,,,,,,,,,,SDN-00071,0,generic
ALR-0000544,GORSKMOR EXPRESS,ENTITY,,,,,,,,,,,SDN-00096,0,generic
ALR-0000545,VOLTRANSKRE STAR,ENTITY,,,,,,,,,,,SDN-00110,0,generic
ALR-0000546,VARSKVOL LLC GROUP,ENTITY,,,,,,,,,,,SDN-00092,0,type
ALR-0000547,SHISKDRAV NATIONAL,ENTITY,,,,,,,,,,,SDN-00070,0,generic
ALR-0000548,RASHID FERPROMLAN,INDIVIDUAL,1992-04-23,,,,,,,,,,SDN-00015,1,
ALR-0000549,DANSKBUR STAR,ENTITY,,,,,,,,,,,SDN-00110,0,generic
ALR-0000550,POLIANRUS AVIATION,ENTITY,,,,,,,,,,,SDN-00096,0,generic
ALR-0000551,FERKOVDRAV ORIENT,ENTITY,,,,,,,,,,,SDN-00111,0,weak
ALR-0000552,RUSIANNOR STAR,ENTITY,,,,,,,,,,,SDN-00110,0,generic
ALR-0000553,SEVTECHFER INVESTMENT,ENTITY,,,,,,,,,,,SDN-00116,0,generic
ALR-0000554,DANGRADPOL NATIONAL,ENTITY,,,,,,,,,,,SDN-00070,0,generic
ALR-0000555,ABDUL QOMEXPORTNOR,INDIVIDUAL,1992-12-03,CA,,,,,,,,,SDN-00016,0,discriminator
ALR-0000556,VARSKVOL METALS,ENTITY,,,,,,,,,,,SDN-00010,0,generic
ALR-0000557,KRETECHFER CONSTRUCTION,ENTITY,,,,,,,,,,,SDN-00011,0,generic
ALR-0000558,DRAVINVESTNOR PEARL,ENTITY,,,VE,,,,,,,,SDN-00049,0,weak
ALR-0000559,GORNEFTZAR NATIONAL,ENTITY,,,,,,,,,,,SDN-00031,0,generic
ALR-0000560,KREOILGOR INVESTMENT,ENTITY,,,AU,,,,,,,,SDN-00041,0,discriminator
ALR-0000561,SHINEFTDAN NATIONAL,ENTITY,,,,,,,,,,,SDN-00031,0,generic
ALR-0000562,TENGRADSHI STAR,ENTITY,,,,,,,,,,,SDN-00110,0,generic
ALR-0000563,NORINVESTSEV ENERGY,ENTITY,,,,,,,,,,,SDN-00049,0,generic
ALR-0000564,ZARGRADTASH PEARL,ENTITY,,,,,,,,,,,SDN-00000,0,generic
ALR-0000565,VAROILZAR AVIATION,ENTITY,,,,,,,,,,,SDN-00096,0,generic
ALR-0000566,SHIBANKLAN PEARL,ENTITY,,,,,,,,,,,SDN-00000,0,generic
ALR-0000567,BURTRANSRUS SHIPPING,ENTITY,,,,,,,,,,,SDN-00051,0,generic
ALR-0000568,GORTECHSEV SHIPPING,ENTITY,,,,,,,,,,,SDN-00051,0,generic
ALR-0000569,HASSAN VOLSKVOL,INDIVIDUAL,1955-11-15,NL,,,,,,,,,SDN-00023,0,discriminator
ALR-0000570,VARSKVOL LLC GROUP,ENTITY,,,,,,,,,,,SDN-00092,0,type
ALR-0000571,BURSKQOM GINURAL,ENTITY,,,,,,,,,,,SDN-00006,1,
ALR-0000572,ZARMASHLAN GLOBAL,ENTITY,,,,,,,,,,,SDN-00032,0,generic
ALR-0000573,AVIATION LLC GROUP,ENTITY,,,,,,,,,,,SDN-00092,0,type
ALR-0000574,TASHOVADRAV CONSTRUCTION,ENTITY,,,,,,,,,,,SDN-00011,0,generic
ALR-0000575,DRAVTRANSZAR UNITED,ENTITY,,,,,,,,,,,SDN-00041,0,generic
ALR-0000576,WALLET TRADING,ENTITY,,,,,,,,,,,SDN-00069,0,type
ALR-0000577,KREGRADLAN NATIONAL,ENTITY,,,,,,,,,,,SDN-00088,0,generic
ALR-0000578,VARIANNOR GENERAL,ENTITY,,,,,,,,,,,SDN-00119,0,weak
ALR-0000579,ABDUL ZARIANSEV,INDIVIDUAL,,,,,,,,,,,SDN-00066,0,weak
ALR-0000580,LANZINQOM CONSTRUCTION,ENTITY,,,,,,,,,,,SDN-00006,0,generic
ALR-0000581,DANZINRUS WESTERN,ENTITY,,,,,,,,,,,SDN-00053,0,generic
ALR-0000582,FATIMA POLBANKBUR,INDIVIDUAL,1970-04-22,,,,,,,,,,SDN-00005,1,
ALR-0000583,KALIANQOM GLOBAL,ENTITY,,,,,,,,,,,SDN-00032,0,generic
ALR-0000584,VOLOVAKAL WESTERN,ENTITY,,,,,,,,,,,SDN-00060,0,generic
ALR-0000585,AVIATION TRADING,ENTITY,,,,,,,,,,,SDN-00029,0,type
ALR-0000586,KALINVESTLAN INVESTMENT,ENTITY,,,,,,,,,,,SDN-00116,0,generic
ALR-0000587,DRAVOVAVAR NATIONAL,ENTITY,,,,,,,,,,,SDN-00031,0,generic
ALR-0000588,DANNEFTSHI STAR,ENTITY,,,,,,,,,,,SDN-00096,0,generic
ALR-0000589,SHINEFTNOR PETROLEUM,ENTITY,,,,,,,,,,,SDN-00112,0,generic
ALR-0000590,PEARL LLC GROUP,ENTITY,,,,,,,,,,,SDN-00101,0,type
ALR-0000591,RASHID VAROILRUS,INDIVIDUAL,1950-08-03,,,,,,,,,,SDN-00081,1,
ALR-0000592,BURMASHGOR AVIATION,ENTITY,,,NL,,,,,,,,SDN-00079,0,discriminator
ALR-0000593,PEARL TRADING,ENTITY,,,,,,,,,,,SDN-00101,0,type
ALR-0000594,TASHOILMOR FINANCE,ENTITY,,,,,,,,,,,SDN-00104,0,generic
ALR-0000595,NOROVATASH UNITED,ENTITY,,,,,,,,,,,SDN-00100,0,generic
ALR-0000596,KREOVADAN STAR,ENTITY,,,,,,,,,,,SDN-00096,0,generic
ALR-0000597,DRAVOVAKAL EXPRESS,ENTITY,,,,,,,,,,,SDN-00111,0,generic
ALR-0000598,VARIANPOL INVESTMENT,ENTITY,,,,,,,,,,,SDN-00046,0,generic
ALR-0000599,PRIDE PARTNERS,ENTITY,,,,,,,,,,,SDN-00082,0,type
ALR-0000600,VOLIANSEV UNITED,ENTITY,,,,,,,,,,,SDN-00100,0,generic
ALR-0000601,WEI TENNEFTPOL,INDIVIDUAL,,,,,,,,,,,SDN-00012,0,weak
ALR-0000602,DANNEFTSHI SHIPPING,ENTITY,,,,,,,,,,,SDN-00051,0,generic
ALR-0000603,OCEAN PARTNERS,ENTITY,,,,,,,,,,,SDN-00105,0,type
ALR-0000604,BURNEFTSHI CONSTRUCTION,ENTITY,,,,,,,,,,,SDN-00025,0,generic
ALR-0000605,FERINVESTKAL TEXTILE,ENTITY,,,,,,,,,,,SDN-00102,0,generic
ALR-0000606,KALZINKAL LOGISTICS,ENTITY,,,,,,,,,,,SDN-00108,0,weak
ALR-0000607,KALZINKAL PARTNERS,ENTITY,,,,,,,,,,,SDN-00108,0,type
ALR-0000608,DRAVBANKPOL FINANCE,ENTITY,,,,,,,,,,,SDN-00104,0,generic
ALR-0000609,SEVKOVGOR AVIATION,ENTITY,,,,,,,,,,,SDN-00004,0,generic
ALR-0000610,QOMSTROYMOR AVIATION,ENTITY,,,,,,,,,,,SDN-00057,0,generic
ALR-0000611,QOMIANPOL WESTERN,ENTITY,,,,,,,,,,,SDN-00105,0,weak
ALR-0000612,VOLINVESTKAL CONSTRUCTION,ENTITY,,,,,,,,,,,SDN-00025,0,generic
ALR-0000613,QOMEXPORTDRAV EXPRESS,ENTITY,,,,,,,,,,,SDN-00111,0,generic
ALR-0000614,NORGAZVAR INVESTMENT,ENTITY,,,,,,,,,,,SDN-00046,0,generic
ALR-0000615,TENOVAMOR PACIFIC,ENTITY,,,FR,,,,,,,,SDN-00089,0,discriminator
ALR-0000616,LANOILQOM TRADING,ENTITY,,,,,,,,,,,SDN-00069,0,type
ALR-0000617,TENZINQOM PETROLEUM,ENTITY,,,,,,,,,,,SDN-00080,0,generic
ALR-0000618,GOROVAMOR UNITED,ENTITY,,,,,,,,,,,SDN-00006,0,generic
ALR-0000619,VOLTRANSPOL GLOBAL,ENTITY,,,,,,,,,,,SDN-00032,0,generic
ALR-0000620,TASHDARMOR CONSTRUCTION,ENTITY,,,,,,,,,,,SDN-00078,0,generic
ALR-0000621,PEARL LLC GROUP,ENTITY,,,,,,,,,,,SDN-00101,0,type
ALR-0000622,TASHMASHSHI NATIONAL,ENTITY,,,,,,,,,,,SDN-00031,0,generic
ALR-0000623,SHIGRADQOM UNITED,ENTITY,,,,,,,,,,,SDN-00041,0,generic
ALR-0000624,NORTECHPOL TRADING,ENTITY,,,,,,,,,,,SDN-00063,0,type
ALR-0000625,LANGAZKAL PETROLEUM,ENTITY,,,,,,,,,,,SDN-00067,0,generic
ALR-0000626,FERINVESTFER PETROLEUM,ENTITY,,,,,,,,,,,SDN-00067,0,generic
ALR-0000627,TASHTECHKRE CONSTRUCTION,ENTITY,,,,,,,,,,,SDN-00029,0,weak
ALR-0000628,WEI QOMIANNOR,INDIVIDUAL,1987-03-28,FR,,,,,,,,,SDN-00014,0,discriminator
ALR-0000629,SHITRANSPOL NATIONAL,ENTITY,,,,,,,,,,,SDN-00088,1,
ALR-0000630,LANSTROYSHI TEXTILE,ENTITY,,,,,,,,,,,SDN-00102,0,generic
ALR-0000631,ZARTRANSDAN GLOBAL,ENTITY,,,,,,,,,,,SDN-00032,0,generic
ALR-0000632,FERTECHVOL UNITED,ENTITY,,,,,,,,,,,SDN-00041,0,generic
ALR-0000633,DRAVBANKKRE GULF,ENTITY,,,,,,,,,,,SDN-00071,0,generic
ALR-0000634,DRAVINVESTNOR SHIPPING,ENTITY,,,AU,,,,,,,,SDN-00049,0,discriminator
ALR-0000635,VARSKNOR GULF,ENTITY,,,,,,,,,,,SDN-00058,0,generic
ALR-0000636,RUSMASHNOR TRADING,ENTITY,,,RU,,,,,,,,SDN-00071,0,weak
ALR-0000637,BURKOVKAL CONSTRUCTION,ENTITY,,,,,,,,,,,SDN-00078,0,generic
ALR-0000638,DRAVOVADRAV UNITED,ENTITY,,,,,,,,,,,SDN-00097,0,generic
ALR-0000639,PEARL TRADING,ENTITY,,,,,,,,,,,SDN-00009,0,type
ALR-0000640,ALI FEREXPORTBUR,INDIVIDUAL,1972-09-22,NL,,,,,,,,,SDN-00084,0,discriminator
ALR-0000641,QOMDARTEN ORIENT,ENTITY,,,,,,,,,,,SDN-00079,0,generic
ALR-0000642,TASHSTROYTASH TEXTILE,ENTITY,,,,,,,,,,,SDN-00102,0,generic
ALR-0000643,TASHPROMTASH UNITED,ENTITY,,,,,,,,,,,SDN-00100,0,generic
ALR-0000644,BURGAZTASH EASTERN,ENTITY,,,,,,,,,,,SDN-00030,0,generic
ALR-0000645,SHIEXPORTVAR UNITED,ENTITY,,,JP,,,,,,,,SDN-00052,0,discriminator
ALR-0000646,MARIA VAROILRUS,INDIVIDUAL,1960-02-05,DE,,,,,,,,,SDN-00081,0,discriminator
ALR-0000647,ZARIANQOM PACIFIC,ENTITY,,,,,,,,,,,SDN-00078,0,weak
ALR-0000648,ZARBANKNOR TEXTILE,ENTITY,,,,,,,,,,,SDN-00119,0,generic
ALR-0000649,DANOVAKAL GENERAL,ENTITY,,,SG,,,,,,,,SDN-00060,0,discriminator
ALR-0000650,QOMOVATEN UNITED,ENTITY,,,,,,,,,,,SDN-00041,0,generic
ALR-0000651,SERGEI BURINVESTSHI,INDIVIDUAL,,,RU,,,,,,,,SDN-00028,0,weak
ALR-0000652,LANIANSHI ENERGY,ENTITY,,,,,,,,,,,SDN-00110,0,weak
ALR-0000653,VOLTRANSMOR CONSTRUCTION,ENTITY,,,,,,,,,,,SDN-00078,0,generic
ALR-0000654,KALZINKAL PARTNERS,ENTITY,,,,,,,,,,,SDN-00108,0,type
ALR-0000655,QOMGRADSHI AVIATION,ENTITY,,,,,,,,,,,SDN-00004,0,generic
ALR-0000656,GOROVALAN GULF,ENTITY,,,,,,,,,,,SDN-00071,0,generic
ALR-0000657,VAROILQOM INVESTMENT,ENTITY,,,DE,,,,,,,,SDN-00099,0,discriminator
ALR-0000658,GORDARPOL ENERGY,ENTITY,,,,,,,,,,,SDN-00006,0,generic
ALR-0000659,DANSKTASH AVIATION,ENTITY,,,,,,,,,,,SDN-00036,0,generic
ALR-0000660,DANSTROYPOL INVESTMENT,ENTITY,,,,,,,,,,,SDN-00036,0,generic
ALR-0000661,KREIANKRE LOGISTICS,ENTITY,,,,,,,,,,,SDN-00033,0,generic
ALR-0000662,GORNEFTRUS GULF,ENTITY,,,,,,,,,,,SDN-00071,0,generic
ALR-0000663,DANDARBUR WESTERN,ENTITY,,,,,,,,,,,SDN-00060,0,generic
ALR-0000664,PRIDE LLC GROUP,ENTITY,,,,,,,,,,,SDN-00082,0,type
ALR-0000665,TENEXPORTDRAV GLOBAL,ENTITY,,,,,,,,,,,SDN-00036,0,weak
ALR-0000666,ZARINVESTVAR PEARL,ENTITY,,,,,,,,,,,SDN-00052,0,generic
ALR-0000667,LANMASHPOL PEARL,ENTITY,,,,,,,,,,,SDN-00096,0,generic
ALR-0000668,QOMSKDRAV PEARL,ENTITY,,,,,,,,,,,SDN-00000,0,generic
ALR-0000669,KALOVATASH INVESTMENT,ENTITY,,,,,,,,,,,SDN-00116,0,generic
ALR-0000670,ALI GORTRANSSHI,INDIVIDUAL,1951-02-14,DE,,,,,,,,,SDN-00038,0,discriminator
ALR-0000671,FERSKBUR NATIONAL,ENTITY,,,,,,,,,,,SDN-00118,0,generic
ALR-0000672,NOROILMOR AVIATION,ENTITY,,,,,,,,,,,SDN-00004,0,generic
ALR-0000673,TENTECHPOL TEXTILE,ENTITY,,,AU,,,,,,,,SDN-00097,0,discriminator
ALR-0000674,DRAVGAZGOR EASTERN,ENTITY,,,,,,,,,,,SDN-00030,0,generic
ALR-0000675,VOLZINDAN ORIENT,ENTITY,,,,,,,,,,,SDN-00114,0,generic
ALR-0000676,TENGAZDRAV STAR,ENTITY,,,,,,,,,,,SDN-00056,0,generic
ALR-0000677,VARMASHBUR EASTERN,ENTITY,,,,,,,,,,,SDN-00096,0,generic
ALR-0000678,ZARTECHQOM CAPITAL,ENTITY,,,,,,,,,,,SDN-00000,0,weak
ALR-0000679,PRIDE LLC GROUP,ENTITY,,,,,,,,,,,SDN-00035,0,type
ALR-0000680,LANKOVLAN ROAD,ENTITY,,,,,,,,,,,SDN-00115,0,generic
ALR-0000681,GORSKMOR AVIATION,ENTITY,,,,,,,,,,,SDN-00057,0,generic
ALR-0000682,DANKOVBUR CONSTRUCTION,ENTITY,,,,,,,,,,,SDN-00078,0,generic
ALR-0000683,VARMASHVOL TEXTILE,ENTITY,,,,,,,,,,,SDN-00119,0,generic
ALR-0000684,MORINVESTTEN TEXTILE,ENTITY,,,,,,,,,,,SDN-00102,0,generic
ALR-0000685,MORSKSHI TEXTILE,ENTITY,,,,,,,,,,,SDN-00119,0,generic
ALR-0000686,NORDARDRAV PETROLEUM,ENTITY,,,,,,,,,,,SDN-00067,0,generic
ALR-0000687,BURTRANSBUR TEXTILE,ENTITY,,,,,,,,,,,SDN-00102,0,generic
ALR-0000688,NORTECHPOL LLC GROUP,ENTITY,,,,,,,,,,,SDN-00063,0,type
ALR-0000689,KALINVESTSEV SHIPPING,ENTITY,,,,,,,,,,,SDN-00051,0,generic
ALR-0000690,VOLSTROYNOR NATIONAL,ENTITY,,,,,,,,,,,SDN-00070,0,generic
ALR-0000691,VAROILQOM TRADING,ENTITY,,,,,,,,,,,SDN-00099,0,type
ALR-0000692,SEVGAZTASH UNITED,ENTITY,,,,,,,,,,,SDN-00100,0,generic
ALR-0000693,SERGEI TASHTRANSLAN,INDIVIDUAL,,,,,,,,,,,SDN-00086,0,weak
ALR-0000694,VAROILQOM TRADING,ENTITY,,,,,,,,,,,SDN-00099,0,type
ALR-0000695,NORGAZPOL PETROLEUM,ENTITY,,,,,,,,,,,SDN-00112,0,generic
ALR-0000696,DRAVSKVAR PARTNERS,ENTITY,,,,,,,,,,,SDN-00062,0,type
ALR-0000697,MORSTROYLAN INVESTMENT,ENTITY,,,,,,,,,,,SDN-00046,0,generic
ALR-0000698,KRETECHTASH EASTERN,ENTITY,,,,,,,,,,,SDN-00085,0,generic
ALR-0000699,SHIGRADKRE ORIENT,ENTITY,,,,,,,,,,,SDN-00114,0,generic
ALR-0000700,TASHOILDAN WESTERN,ENTITY,,,,,,,,,,,SDN-00053,0,generic
ALR-0000701,SHIINVESTVOL WESTERN,ENTITY,,,,,,,,,,,SDN-00060,0,generic
ALR-0000702,BURSKQOM SHIPPING,ENTITY,,,US,,,,,,,,SDN-00006,0,discriminator
ALR-0000703,DANINVESTFER PETROLEUM,ENTITY,,,,,,,,,,,SDN-00112,0,generic
ALR-0000704,MORPROMBUR LLC GROUP,ENTITY,,,,,,,,,,,SDN-00101,0,type
ALR-0000705,KREINVESTSEV NATIONAL,ENTITY,,,,,,,,,,,SDN-00088,0,generic
ALR-0000706,FATIMA DANMASHQOM,INDIVIDUAL,,,,,,,,,,,SDN-00018,0,weak
ALR-0000707,POLMASHZAR GULF,ENTITY,,,,,,,,,,,SDN-00058,0,generic
ALR-0000708,BUROILKAL NATIONAL,ENTITY,,,,,,,,,,,SDN-00088,0,generic
ALR-0000709,MORSKNOR CONSTRUCTION,ENTITY,,,,,,,,,,,SDN-00025,0,generic
ALR-0000710,QOMEXPORTSHI ORIENT,ENTITY,,,,,,,,,,,SDN-00079,0,generic
ALR-0000711,LANPROMTEN WESTERN,ENTITY,,,,,,,,,,,SDN-00060,0,generic
ALR-0000712,NORMASHKRE NATIONAL,ENTITY,,,,,,,,,,,SDN-00118,0,generic
ALR-0000713,BUROILRUS EASTERN,ENTITY,,,,,,,,,,,SDN-00085,0,generic
ALR-0000714,RUSGAZVAR PETROLEUM,ENTITY,,,,,,,,,,,SDN-00112,0,generic
ALR-0000715,QOMIANPOL TRADING,ENTITY,,,,,,,,,,,SDN-00105,0,type
ALR-0000716,RUSINVESTLAN STAR,ENTITY,,,,,,,,,,,SDN-00056,0,generic
ALR-0000717,SEVPROMKAL STAR,ENTITY,,,,,,,,,,,SDN-00110,0,generic
ALR-0000718,RUSDARSEV UNITED,ENTITY,,,,,,,,,,,SDN-00097,0,generic
ALR-0000719,SHIBANKKRE CAPITAL,ENTITY,,,,,,,,,,,SDN-00006,0,generic
ALR-0000720,RUSGAZRUS EXPRESS,ENTITY,,,,,,,,,,,SDN-00111,0,generic
ALR-0000721,BURMASHTASH NATIONAL,ENTITY,,,,,,,,,,,SDN-00118,0,generic
ALR-0000722,QOMNEFTGOR EXPRESS,ENTITY,,,FR,,,,,,,,SDN-00046,0,discriminator
ALR-0000723,ZARIANZAR NATIONAL,ENTITY,,,,,,,,,,,SDN-00031,0,generic
ALR-0000724,TASHIANTASH PETROLEUM,ENTITY,,,,,,,,,,,SDN-00080,0,generic
ALR-0000725,PRIDE PACIFIC,ENTITY,,,DE,,,,,,,,SDN-00089,0,discriminator
ALR-0000726,RUSBANKQOM EASTERN,ENTITY,,,,,,,,,,,SDN-00085,0,generic
ALR-0000727,QOMGRADDRAV MARINE,ENTITY,,,,,,,,,,,SDN-00096,0,generic
ALR-0000728,VOLMASHKAL AVIATION,ENTITY,,,,,,,,,,,SDN-00004,0,generic
ALR-0000729,KREDARBUR MARINE,ENTITY,,,,,,,,,,,SDN-00010,0,weak
ALR-0000730,VAROILQOM INVESTMENT,ENTITY,,,,,,,,,,,SDN-00099,0,weak
ALR-0000731,VARIANSHI SHIPPING,ENTITY,,,,,,,,,,,SDN-00051,0,generic
ALR-0000732,JOSE SHINEFTLAN,INDIVIDUAL,1977-09-16,NL,,,,,,,,,SDN-00068,0,discriminator
ALR-0000733,SEVNEFTVOL STAR,ENTITY,,,,,,,,,,,SDN-00056,0,generic
ALR-0000734,VARNEFTDAN ORIENT,ENTITY,,,,,,,,,,,SDN-00006,0,generic
ALR-0000735,ZAROILVAR ORIENT,ENTITY,,,,,,,,,,,SDN-00114,0,generic
ALR-0000736,DRAVDARFER WESTERN,ENTITY,,,,,,,,,,,SDN-00053,0,generic
ALR-0000737,FERNEFTDAN EASTERN,ENTITY,,,,,,,,,,,SDN-00030,0,generic
ALR-0000738,QOMMASHBUR OCEAN,ENTITY,,,,,,,,,,,SDN-00036,0,generic
ALR-0000739,FERDARVAR GLOBAL,ENTITY,,,,,,,,,,,SDN-00032,0,generic
ALR-0000740,BURSTROYDAN EASTERN,ENTITY,,,,,,,,,,,SDN-00085,0,generic
ALR-0000741,VOLNEFTPOL EASTERN,ENTITY,,,,,,,,,,,SDN-00030,0,generic
ALR-0000742,QOMTRANSRUS TEXTILE,ENTITY,,,,,,,,,,,SDN-00102,0,generic
ALR-0000743,ZAROILPOL PETROLEUM,ENTITY,,,,,,,,,,,SDN-00080,0,generic
ALR-0000744,JOHN ZAROILSEV,INDIVIDUAL,,,,,,,,,,,SDN-00087,0,weak
ALR-0000745,DMITRI TENTECHNOR,INDIVIDUAL,,,RU,,,,,,,,SDN-00055,0,weak
ALR-0000746,RUSINVESTQOM EXPRESS,ENTITY,,,,,,,,,,,SDN-00111,0,generic
ALR-0000747,SHIKOVZAR NATIONAL,ENTITY,,,,,,,,,,,SDN-00036,0,generic
ALR-0000748,IVAN TENNEFTPOL,INDIVIDUAL,1964-09-25,,,,,,,,,,SDN-00012,1,
ALR-0000749,VARINVESTDRAV TRADING,ENTITY,,,,,,,,,,,SDN-00048,0,type
ALR-0000750,LANZINKRE PETROLEUM,ENTITY,,,,,,,,,,,SDN-00112,0,generic
ALR-0000751,DANNEFTKRE NATIONAL,ENTITY,,,,,,,,,,,SDN-00118,0,generic
ALR-0000752,POLTECHTEN METALS,ENTITY,,,,,,,,,,,SDN-00010,0,generic
ALR-0000753,VARINVESTDRAV LLC GROUP,ENTITY,,,,,,,,,,,SDN-00048,0,type
ALR-0000754,KALSKTASH GENERAL,ENTITY,,,,,,,,,,,SDN-00033,0,weak
ALR-0000755,ZARIANQOM GENERAL,ENTITY,,,,,,,,,,,SDN-00078,0,weak
ALR-0000756,LANZINPOL PETROLEUM,ENTITY,,,,,,,,,,,SDN-00080,0,generic
ALR-0000757,DRAVINVESTZAR STAR,ENTITY,,,,,,,,,,,SDN-00110,0,generic
ALR-0000758,RUSTECHTASH AVIATION,ENTITY,,,,,,,,,,,SDN-00004,0,generic
ALR-0000759,VARMASHTEN UNITED,ENTITY,,,,,,,,,,,SDN-00097,0,generic
ALR-0000760,NORINVESTSHI TRADING,ENTITY,,,,,,,,,,,SDN-00020,0,type
ALR-0000761,KRESKKAL INVESTMENT,ENTITY,,,,,,,,,,,SDN-00093,0,generic
ALR-0000762,NORBANKSHI ROAD,ENTITY,,,,,,,,,,,SDN-00115,0,generic
ALR-0000763,LANNEFTSHI STAR,ENTITY,,,,,,,,,,,SDN-00056,0,generic
ALR-0000764,RUSZINKAL AVIATION,ENTITY,,,,,,,,,,,SDN-00057,0,generic
ALR-0000765,TASHOVALAN UNITED,ENTITY,,,,,,,,,,,SDN-00041,0,generic
ALR-0000766,NORSKSEV SHIPPING,ENTITY,,,,,,,,,,,SDN-00096,0,generic
ALR-0000767,LANINVESTDRAV TRADING,ENTITY,,,AE,,,,,,,,SDN-00057,0,discriminator
ALR-0000768,OCEAN TRADING,ENTITY,,,,,,,,,,,SDN-00017,0,type
ALR-0000769,POLSKTASH UNITED,ENTITY,,,,,,,,,,,SDN-00100,0,generic
ALR-0000770,VARKOVVAR GLOBAL,ENTITY,,,,,,,,,,,SDN-00032,0,generic
ALR-0000771,BUROVASEV PEARL,ENTITY,,,,,,,,,,,SDN-00000,0,generic
ALR-0000772,NORZINKRE EXPRESS,ENTITY,,,,,,,,,,,SDN-00111,0,generic
ALR-0000773,LANPROMMOR METALS,ENTITY,,,,,,,,,,,SDN-00010,0,generic
ALR-0000774,DMITRI DANPROMSEV,INDIVIDUAL,,,,,,,,,,,SDN-00073,0,weak
ALR-0000775,QOMIANPOL LLC GROUP,ENTITY,,,,,,,,,,,SDN-00105,0,type
ALR-0000776,BURBANKSHI ORIENT,ENTITY,,,,,,,,,,,SDN-00079,0,generic
ALR-0000777,JOHN POLBANKBUR,INDIVIDUAL,,,,,,,,,,,SDN-00005,0,weak
ALR-0000778,ZARMASHNOR LOGISTICS,ENTITY,,,,,,,,,,,SDN-00033,0,generic
ALR-0000779,RUSPROMKRE NATIONAL,ENTITY,,,CN,,,,,,,,SDN-00118,1,
ALR-0000780,POLDARFER ENERGY,ENTITY,,,DE,,,,,,,,SDN-00053,0,discriminator
ALR-0000781,POLPROMQOM UNITED,ENTITY,,,,,,,,,,,SDN-00100,0,generic
ALR-0000782,VARIANSEV ENERGY,ENTITY,,,,,,,,,,,SDN-00036,0,generic
ALR-0000783,KREGRADKRE UNITED,ENTITY,,,,,,,,,,,SDN-00041,0,generic
ALR-0000784,CHEN VARGAZBUR,INDIVIDUAL,,,,,,,,,,,SDN-00064,0,weak
ALR-0000785,KREDARVAR UNITED,ENTITY,,,,,,,,,,,SDN-00041,0,generic
ALR-0000786,VOLBANKSEV AVIATION,ENTITY,,,,,,,,,,,SDN-00004,0,generic
ALR-0000787,VOLZINVOL NATIONAL,ENTITY,,,,,,,,,,,SDN-00088,0,generic
ALR-0000788,KREIANQOM UNITED,ENTITY,,,,,,,,,,,SDN-00097,0,generic
ALR-0000789,MOREXPORTKRE UNITED,ENTITY,,,,,,,,,,,SDN-00041,0,generic
ALR-0000790,LANTRANSQOM ORIENT,ENTITY,,,,,,,,,,,SDN-00079,0,generic
ALR-0000791,TASHSTROYFER PETROLEUM,ENTITY,,,,,,,,,,,SDN-00080,0,generic
ALR-0000792,LANBANKDRAV NATIONAL,ENTITY,,,,,,,,,,,SDN-00088,0,generic
ALR-0000793,VOLTECHTASH STAR,ENTITY,,,,,,,,,,,SDN-00110,0,generic
ALR-0000794,MOREXPORTSEV LOGISTICS,ENTITY,,,,,,,,,,,SDN-00033,0,generic
ALR-0000795,BURSKQOM ORIENT,ENTITY,,,,,,,,,,,SDN-00114,0,generic
ALR-0000796,DANMASHPOL INVESTMENT,ENTITY,,,,,,,,,,,SDN-00046,0,generic
ALR-0000797,AHMED TENDARPOL,INDIVIDUAL,,,,,,,,,,,SDN-00054,1,
ALR-0000798,QOMDARDAN EXPRESS,ENTITY,,,,,,,,,,,SDN-00111,0,generic
ALR-0000799,GOROVATEN INVESTMENT,ENTITY,,,,,,,,,,,SDN-00093,0,generic
