uid,name,entity_type,program,aliases,dob,nationality,country,place_of_birth,passport,national_id,registration,imo,tail_number,wallet
SDN-00000,ZARTECHQOM PEARL,ENTITY,GLOMAG,,,,KP,,,,,,,
SDN-00001,ALI TENOVAZAR,INDIVIDUAL,GLOMAG,,1961-04-17,AF,AF,,P3335942,,,,,
SDN-00002,AHMED POLTECHZAR,INDIVIDUAL,CUBA,AHMED RUSZINKAL,1992-07-11,VE,VE,,P5647119,,,,,
SDN-00003,VOLINVESTSHI GLOBAL,ENTITY,CUBA,,,,CN,,,,REG307419,,,
SDN-00004,NOROVAQOM AVIATION,ENTITY,IRAN,,,,VE,,,,,,,
SDN-00005,FATIMA POLBANKBUR,INDIVIDUAL,IRAN,,1970-04-22,VE,VE,,,,,,,
SDN-00006,BURSKQOM GENERAL,ENTITY,GLOMAG,,,,MM,,,,REG970342,,,
SDN-00007,MOHAMMED MOROVAQOM,INDIVIDUAL,CUBA,,1968-07-09,IR,IR,,P9515702,,,,,
SDN-00008,MARIA VARTRANSPOL,INDIVIDUAL,SDNTK,,1964-03-08,BY,BY,,,,,,,
SDN-00009,RUSBANKQOM PEARL,VESSEL,IRAN,,,,MM,,,,,IMO9548432,,
SDN-00010,KREDARBUR METALS,ENTITY,NPWMD,,,,CN,,,,,,,
SDN-00011,SHIKOVKRE CONSTRUCTION,ENTITY,CUBA,,,,BY,,,,,,,
SDN-00012,IVAN TENNEFTPOL,INDIVIDUAL,SYRIA,IVAN SEVGRADFER,1964-09-25,KP,KP,,,,,,,
SDN-00013,IVAN BURSKGOR,INDIVIDUAL,VENEZUELA,,1986-06-16,RU,RU,,P6089806,,,,,
SDN-00014,JOSE QOMIANNOR,INDIVIDUAL,DPRK,,1952-09-25,KP,KP,,P7973915,,,,,
SDN-00015,RASHID FERPROMLAN,INDIVIDUAL,GLOMAG,,1992-04-23,VE,VE,,P6264956,,,,,
SDN-00016,DMITRI QOMEXPORTNOR,INDIVIDUAL,RUSSIA-EO14024,DMITRI VOLEXPORTNOR,1949-10-18,SY,SY,,,,,,,
SDN-00017,NORGRADQOM OCEAN,VESSEL,GLOMAG,,,,SY,,,,,IMO9143903,,
SDN-00018,JOSE DANMASHQOM,INDIVIDUAL,SDNTK,,1974-04-04,IR,IR,,,,,,,
SDN-00019,OMAR VOLZINVOL,INDIVIDUAL,SYRIA,OMAR BURTECHPOL,1969-02-08,SY,SY,,P7526486,,,,,
SDN-00020,NORINVESTSHI STAR,VESSEL,RUSSIA-EO14024,,,,BY,,,,,IMO1848731,,
SDN-00021,QOMNEFTTEN AVIATION,AIRCRAFT,RUSSIA-EO14024,,,,CN,,,,,,EP-HHD,
SDN-00022,CHEN ZARTRANSDRAV,INDIVIDUAL,SYRIA,,1966-07-23,BY,BY,,,,,,,
SDN-00023,DMITRI VOLSKVOL,INDIVIDUAL,DPRK,,1951-01-19,MM,MM,,,,,,,
SDN-00024,ALI GORIANBUR,INDIVIDUAL,SYRIA,,1986-02-22,SY,SY,,,,,,,
SDN-00025,VOLIANTEN CONSTRUCTION,ENTITY,VENEZUELA,,,,AF,,,,,,,
SDN-00026,OMAR MOREXPORTDRAV,INDIVIDUAL,IRAN,,1956-11-21,VE,VE,,,,,,,
SDN-00027,RASHID FERZINNOR,INDIVIDUAL,SYRIA,,1961-09-09,KP,KP,,,,,,,
SDN-00028,HASSAN BURINVESTSHI,INDIVIDUAL,IRAN,,1987-11-17,RU,RU,,,,,,,
SDN-00029,TASHTECHKRE AVIATION,AIRCRAFT,VENEZUELA,,,,VE,,,,,,EP-BJC,
SDN-00030,MORSTROYDRAV EASTERN,ENTITY,IRAN,,,,MM,,,,REG952273,,,
SDN-00031,DRAVOVAZAR NATIONAL,ENTITY,NPWMD,DRAVOVAZAR MARINE,,,KP,,,,,,,
SDN-00032,TENSKZAR GLOBAL,ENTITY,DPRK,,,,IR,,,,,,,
SDN-00033,KALSKTASH LOGISTICS,ENTITY,RUSSIA-EO14024,,,,KP,,,,REG382364,,,
SDN-00034,LANEXPORTKRE OCEAN,VESSEL,DPRK,,,,AF,,,,,IMO7817881,,
SDN-00035,QOMNEFTBUR PRIDE,VESSEL,CUBA,,,,KP,,,,,IMO1415846,,
SDN-00036,TENEXPORTDRAV GENERAL,ENTITY,SYRIA,,,,IR,,,,REG040605,,,
SDN-00037,WEI POLBANKSEV,INDIVIDUAL,VENEZUELA,,1962-01-22,SY,SY,,P4674183,,,,,
SDN-00038,DMITRI GORTRANSSHI,INDIVIDUAL,RUSSIA-EO14024,,1949-02-09,KP,KP,,,,,,,
SDN-00039,VLADIMIR TENBANKMOR,INDIVIDUAL,GLOMAG,VLADIMIR VOLPROMZAR,1986-09-04,CN,CN,,,,,,,
SDN-00040,SHISTROYKAL PRIDE,VESSEL,CUBA,,,,CU,,,,,IMO2173965,,
SDN-00041,KREOILGOR UNITED,ENTITY,SYRIA,KREOILGOR EXPRESS,,,CN,,,,REG731076,,,
SDN-00042,YUSUF RUSNEFTFER,INDIVIDUAL,CUBA,,1967-07-18,RU,RU,,P3526280,,,,,
SDN-00043,JOSE POLSTROYGOR,INDIVIDUAL,CUBA,,1958-11-03,VE,VE,,,,,,,
SDN-00044,SERGEI QOMOILQOM,INDIVIDUAL,IRAN,,1957-01-02,SY,SY,,,,,,,
SDN-00045,JOSE DANSTROYRUS,INDIVIDUAL,IRAN,,1973-04-05,RU,RU,,,,,,,
SDN-00046,QOMNEFTGOR INVESTMENT,ENTITY,IRAN,,,,RU,,,,,,,
SDN-00047,ANNA POLGRADSHI,INDIVIDUAL,NPWMD,,1968-08-20,BY,BY,,,,,,,
SDN-00048,VARINVESTDRAV PEARL,VESSEL,NPWMD,,,,BY,,,,,IMO5652512,,
SDN-00049,DRAVINVESTNOR ENERGY,ENTITY,GLOMAG,,,,VE,,,,REG352161,,,
SDN-00050,MARIA TASHEXPORTRUS,INDIVIDUAL,SYRIA,,1961-02-14,CN,CN,,P7816912,,,,,
SDN-00051,RUSKOVDAN SHIPPING,ENTITY,SDNTK,RUSKOVDAN SHIPPING,,,MM,,,,REG368845,,,
SDN-00052,SHIEXPORTVAR PEARL,ENTITY,SDNTK,,,,VE,,,,REG030434,,,
SDN-00053,POLDARFER WESTERN,ENTITY,RUSSIA-EO14024,,,,RU,,,,,,,
SDN-00054,AHMED TENDARPOL,INDIVIDUAL,SDNTK,,1951-05-13,CU,CU,,P5483562,,,,,
SDN-00055,JOSE TENTECHNOR,INDIVIDUAL,IRAN,,1949-12-18,RU,RU,,,,,,,
SDN-00056,VOLKOVQOM STAR,ENTITY,IRAN,VOLKOVQOM FINANCE,,,RU,,,,,,,
SDN-00057,LANINVESTDRAV AVIATION,ENTITY,IRAN,,,,CU,,,,REG636745,,,
SDN-00058,BUROILKRE GULF,ENTITY,SDNTK,,,,RU,,,,,,,
SDN-00059,WEI LANIANDAN,INDIVIDUAL,IRAN,,1954-12-25,VE,VE,,,,,,,
SDN-00060,DANOVAKAL WESTERN,ENTITY,CUBA,DANOVAKAL ORIENT,,,CN,,,,,,,
SDN-00061,VLADIMIR TENMASHKRE,INDIVIDUAL,GLOMAG,,1971-11-27,MM,MM,,,,,,,
SDN-00062,DRAVSKVAR AVIATION,AIRCRAFT,CUBA,,,,VE,,,,,,EP-HGK,
SDN-00063,NORTECHPOL PEARL,VESSEL,SDNTK,,,,AF,,,,,IMO8796514,,
SDN-00064,JOSE VARGAZBUR,INDIVIDUAL,GLOMAG,,1961-06-26,VE,VE,,P4635017,,,,,
SDN-00065,NOREXPORTTEN AVIATION,AIRCRAFT,NPWMD,,,,MM,,,,,,EP-HJD,
SDN-00066,WEI ZARIANSEV,INDIVIDUAL,GLOMAG,,1973-12-08,VE,VE,,,,,,,
SDN-00067,TENSKMOR PETROLEUM,ENTITY,SYRIA,TENSKMOR MARINE,,,MM,,,,REG263615,,,
SDN-00068,SERGEI SHINEFTLAN,INDIVIDUAL,VENEZUELA,,1978-05-24,AF,AF,,,,,,,
SDN-00069,LANOILQOM WALLET,CRYPTO,RUSSIA-EO14024,,,,,,,,,,,0xb590481194f3
SDN-00070,VARMASHPOL NATIONAL,ENTITY,IRAN,VARMASHPOL FINANCE,,,KP,,,,,,,
SDN-00071,RUSMASHNOR GULF,ENTITY,VENEZUELA,,,,RU,,,,REG850544,,,
SDN-00072,VLADIMIR QOMZINSHI,INDIVIDUAL,NPWMD,,1986-10-26,AF,AF,,P8767312,,,,,
SDN-00073,YUSUF DANPROMSEV,INDIVIDUAL,SYRIA,,1987-01-20,IR,IR,,,,,,,
SDN-00074,AHMED NORNEFTQOM,INDIVIDUAL,NPWMD,,1983-02-06,RU,RU,,,,,,,
SDN-00075,CHEN QOMOILSEV,INDIVIDUAL,SYRIA,,1952-11-08,VE,VE,,,,,,,
SDN-00076,ABDUL SHIEXPORTTASH,INDIVIDUAL,VENEZUELA,,1957-02-02,KP,KP,,,,,,,
SDN-00077,ABDUL POLOILRUS,INDIVIDUAL,CUBA,,1980-09-16,MM,MM,,P0668752,,,,,
SDN-00078,ZARIANQOM CONSTRUCTION,ENTITY,VENEZUELA,ZARIANQOM AVIATION,,,AF,,,,,,,
SDN-00079,BURMASHGOR ORIENT,ENTITY,SDNTK,BURMASHGOR GULF,,,MM,,,,,,,
SDN-00080,VARIANVAR PETROLEUM,ENTITY,CUBA,VARIANVAR GENERAL,,,CN,,,,REG702685,,,
SDN-00081,RASHID VAROILRUS,INDIVIDUAL,SDNTK,,1950-08-03,CU,CU,,P1944841,,,,,
SDN-00082,ZARSKPOL PRIDE,VESSEL,GLOMAG,,,,SY,,,,,IMO1909393,,
SDN-00083,SERGEI VARINVESTVOL,INDIVIDUAL,IRAN,,1965-09-05,VE,VE,,,,,,,
SDN-00084,HASSAN FEREXPORTBUR,INDIVIDUAL,IRAN,,1983-01-18,CN,CN,,P1903561,,,,,
SDN-00085,TASHMASHSEV EASTERN,ENTITY,SYRIA,,,,VE,,,,REG505937,,,
SDN-00086,ANNA TASHTRANSLAN,INDIVIDUAL,GLOMAG,,1980-12-05,IR,IR,,P6961578,,,,,
SDN-00087,YUSUF ZAROILSEV,INDIVIDUAL,CUBA,,1985-11-16,KP,KP,,,,,,,
SDN-00088,SHITRANSPOL NATIONAL,ENTITY,SYRIA,SHITRANSPOL SHIPPING,,,SY,,,,,,,
SDN-00089,TENOVAMOR PRIDE,VESSEL,DPRK,,,,CN,,,,,IMO7395997,,
SDN-00090,YUSUF VOLDARGOR,INDIVIDUAL,IRAN,YUSUF TASHPROMTASH,1969-02-28,MM,MM,,P7665981,,,,,
SDN-00091,OMAR DRAVGAZFER,INDIVIDUAL,SDNTK,,1989-02-28,CU,CU,,,,,,,
SDN-00092,VARSKVOL AVIATION,AIRCRAFT,SYRIA,,,,VE,,,,,,EP-KBD,
SDN-00093,TENZINKRE INVESTMENT,ENTITY,RUSSIA-EO14024,,,,KP,,,,,,,
SDN-00094,FATIMA VOLOILKAL,INDIVIDUAL,DPRK,,1975-03-08,BY,BY,,,,,,,
SDN-00095,WEI NORTRANSFER,INDIVIDUAL,VENEZUELA,,1979-10-05,SY,SY,,,,,,,
SDN-00096,POLOILSHI GENERAL,ENTITY,VENEZUELA,,,,IR,,,,REG362351,,,
SDN-00097,TENTECHPOL UNITED,ENTITY,IRAN,,,,SY,,,,,,,
SDN-00098,HASSAN DANBANKDAN,INDIVIDUAL,RUSSIA-EO14024,,1992-05-01,CN,CN,,P9494713,,,,,
SDN-00099,VAROILQOM OCEAN,VESSEL,VENEZUELA,,,,SY,,,,,IMO4674286,,
SDN-00100,TASHZINVOL UNITED,ENTITY,IRAN,,,,MM,,,,REG382584,,,
SDN-00101,MORPROMBUR PEARL,VESSEL,CUBA,,,,BY,,,,,IMO3217273,,
SDN-00102,DRAVNEFTDRAV TEXTILE,ENTITY,IRAN,DRAVNEFTDRAV NATIONAL,,,MM,,,,,,,
SDN-00103,OMAR NORDARQOM,INDIVIDUAL,SDNTK,OMAR KALTECHDAN,1983-06-03,CN,CN,,P9002189,,,,,
SDN-00104,KALZINQOM FINANCE,ENTITY,CUBA,,,,RU,,,,,,,
SDN-00105,QOMIANPOL OCEAN,VESSEL,DPRK,,,,IR,,,,,IMO7850067,,
SDN-00106,JOHN VOLOILVAR,INDIVIDUAL,GLOMAG,,1954-04-18,KP,KP,,P6224540,,,,,
SDN-00107,JOSE TASHPROMKRE,INDIVIDUAL,NPWMD,,1987-07-09,RU,RU,,,,,,,
SDN-00108,KALZINKAL AVIATION,AIRCRAFT,VENEZUELA,,,,CN,,,,,,EP-JFA,
SDN-00109,SERGEI KREINVESTNOR,INDIVIDUAL,DPRK,,1989-11-20,RU,RU,,P5595355,,,,,
SDN-00110,LANIANSHI STAR,ENTITY,DPRK,LANIANSHI AVIATION,,,AF,,,,REG911941,,,
SDN-00111,FERKOVDRAV EXPRESS,ENTITY,IRAN,,,,KP,,,,,,,
SDN-00112,ZARDARZAR PETROLEUM,ENTITY,RUSSIA-EO14024,ZARDARZAR OCEAN,,,SY,,,,,,,
SDN-00113,ALI TENGRADKRE,INDIVIDUAL,RUSSIA-EO14024,ALI GOREXPORTFER,1978-08-25,CU,CU,,,,,,,
SDN-00114,GOROILPOL ORIENT,ENTITY,SDNTK,,,,RU,,,,REG502248,,,
SDN-00115,VARINVESTNOR ROAD,ENTITY,GLOMAG,VARINVESTNOR OCEAN,,,CU,,,,,,,
SDN-00116,RUSGRADSEV INVESTMENT,ENTITY,IRAN,RUSGRADSEV ENERGY,,,BY,,,,,,,
SDN-00117,SHISTROYTEN PRIDE,VESSEL,CUBA,,,,CN,,,,,IMO4833486,,
SDN-00118,RUSPROMKRE NATIONAL,ENTITY,DPRK,,,,CN,,,,REG267271,,,
SDN-00119,VARIANNOR TEXTILE,ENTITY,CUBA,,,,IR,,,,REG101255,,,
