address_id,top_category,exposure,hops,amount_fraction,via_breaker,direction,label,fp_category
0x3900a3b1799d,defi_bluechip,0.0,,0.257106,0,inbound,0,benign_category
0x2c838b9d2434,mixer,0.576645,1,0.895412,0,outbound,1,
0x70dd6b65a6a4,sanctioned_address,0.017994,5,0.107062,0,outbound,0,diluted_distant
0x8e45571aa876,sanctioned_address,0.010655,5,0.063395,0,inbound,0,diluted_distant
0xc1cfec1b8ca1,darknet_market,0.017267,5,0.108143,0,inbound,0,diluted_distant
0xc29f19db3ad0,mixer,0.003754,6,0.034679,0,outbound,0,diluted_distant
0x88b1ab9099a4,defi_bluechip,0.0,,0.761791,0,inbound,0,benign_category
0x75450e51f30d,sanctioned_address,0.0,3,0.426525,1,inbound,0,broken_intermediary
0x6cdd508ebad7,high_risk_exchange,0.145129,2,0.493637,0,outbound,0,ambiguous_residual
0x477d43cf2fde,ransomware,0.011019,1,0.01657,0,inbound,0,de_minimis
0xb957663f1c97,mining_pool,0.0,,0.864524,0,inbound,0,benign_category
0x3823dc713d96,ransomware,0.010207,5,0.06393,0,inbound,0,diluted_distant
0x05e0f143262f,darknet_market,0.009816,1,0.01476,0,inbound,0,de_minimis
0x391d5715bd6f,darknet_market,0.0,3,0.838487,1,outbound,0,broken_intermediary
0x5b78c30ff46e,mixer,0.0,3,0.40229,1,inbound,0,broken_intermediary
0x52b6c333e861,sanctioned_address,0.011905,1,0.017007,0,inbound,0,de_minimis
0x7a994eb93eff,sanctioned_address,0.003639,1,0.005199,0,inbound,0,de_minimis
0x4063c40db9b4,high_risk_exchange,0.124109,2,0.42214,0,inbound,0,ambiguous_residual
0xd8a59b49bd26,mixer,0.004112,6,0.037989,0,inbound,0,diluted_distant
0xe04e5f987c71,merchant_processor,0.0,,0.805908,0,outbound,0,benign_category
0x03ae38602ab6,licensed_exchange,0.0,,0.900872,0,inbound,0,benign_category
0x8e943ceddf2d,mining_pool,0.0,,0.874617,0,outbound,0,benign_category
0xd06aceb81f9d,darknet_market,0.006604,1,0.00993,0,inbound,0,de_minimis
0x1bbcbaa4b71a,sanctioned_address,0.007598,5,0.045206,0,inbound,0,diluted_distant
0xe5b0894a05e4,defi_bluechip,0.0,,0.755096,0,inbound,0,benign_category
0x32218ce21ea3,sanctioned_address,0.012296,1,0.017566,0,inbound,0,de_minimis
0x7906d9441fa5,ransomware,0.011062,1,0.016634,0,inbound,0,de_minimis
0xc2082a25a888,mining_pool,0.0,,0.559583,0,inbound,0,benign_category
0xf92cb7e99aca,licensed_exchange,0.0,,0.630543,0,inbound,0,benign_category
0x1d44504867ba,mixer,0.003089,1,0.004796,0,inbound,0,de_minimis
0x290482010c62,defi_bluechip,0.0,,0.412113,0,inbound,0,benign_category
0x145998326856,darknet_market,0.011362,1,0.017086,0,inbound,0,de_minimis
0xa0dcb758588d,merchant_processor,0.0,,0.505041,0,inbound,0,benign_category
0x04c412922f83,sanctioned_address,0.003518,1,0.005026,0,outbound,0,de_minimis
0x43d143e42caf,darknet_market,0.002521,6,0.022556,0,outbound,0,diluted_distant
0x9ae3b41b3143,sanctioned_address,0.012002,1,0.017145,0,inbound,0,de_minimis
0x87682260e70f,mixer,0.00321,6,0.029655,0,inbound,0,diluted_distant
0x683d57c700aa,licensed_exchange,0.0,,0.822,0,outbound,0,benign_category
0x8da9d450281c,fraud_proceeds,0.070442,3,0.256711,0,inbound,1,
0xdaf9b4a69f3c,high_risk_exchange,0.162907,2,0.554107,0,inbound,0,ambiguous_residual
0x4bd28d7248e2,sanctioned_address,0.0,3,0.790763,1,outbound,0,broken_intermediary
0xb5151a50aec3,mixer,0.025116,5,0.162434,0,outbound,0,diluted_distant
0x5aa6cf8ebc5a,scam,0.125256,3,0.468177,0,outbound,1,
0x7f0fcf8d446a,ransomware,0.021835,5,0.136753,0,outbound,0,diluted_distant
0x662e38f16a81,mixer,0.005065,5,0.032757,0,outbound,0,diluted_distant
0xcc033170f437,merchant_processor,0.0,,0.679831,0,outbound,0,benign_category
0xa98c89456f27,high_risk_exchange,0.125035,2,0.425289,0,inbound,0,ambiguous_residual
0x139643f59a85,darknet_market,0.0,3,0.529668,1,inbound,0,broken_intermediary
0xc5381d9af659,sanctioned_address,0.010367,5,0.061685,0,inbound,0,diluted_distant
0x3fced9178793,darknet_market,0.00764,6,0.068361,0,outbound,0,diluted_distant
0x412b8dedf9fb,high_risk_exchange,0.16183,2,0.550441,0,inbound,0,ambiguous_residual
0x591ae71e43a6,darknet_market,0.002835,6,0.025361,0,outbound,0,diluted_distant
0xee12527eecfa,mining_pool,0.0,,0.286702,0,outbound,0,benign_category
0x914c15b52908,high_risk_exchange,0.128951,2,0.43861,0,outbound,0,ambiguous_residual
0x73044f77a665,mining_pool,0.0,,0.72272,0,inbound,0,benign_category
0xe92c12a4def0,ransomware,0.007263,1,0.010921,0,outbound,0,de_minimis
0x4b8e3e75c3b4,sanctioned_address,0.003041,6,0.025851,0,inbound,0,diluted_distant
0x19b676ecbdd6,defi_bluechip,0.0,,0.694976,0,inbound,0,benign_category
0xa274986f9025,ransomware,0.010996,6,0.098381,0,outbound,0,diluted_distant
0xe66f79844388,darknet_market,0.006684,6,0.059805,0,outbound,0,diluted_distant
0xe136464c04af,merchant_processor,0.0,,0.832765,0,inbound,0,benign_category
0x46d814a0bccb,mixer,0.010412,5,0.067336,0,inbound,0,diluted_distant
0xd4e07746d0ba,sanctioned_address,0.0,3,0.764011,1,inbound,0,broken_intermediary
0xf4366160a6b4,ransomware,0.0,3,0.761954,1,inbound,0,broken_intermediary
0xf9f93875394c,ransomware,0.005789,1,0.008706,0,inbound,0,de_minimis
0x2afb06f028ff,sanctioned_address,0.0,3,0.447766,1,outbound,0,broken_intermediary
0x6c5e53cd6268,ransomware,0.008461,6,0.075699,0,outbound,0,diluted_distant
0xd7d7d4f8fd72,sanctioned_address,0.0,3,0.857313,1,outbound,0,broken_intermediary
0x72cd59970043,sanctioned_address,0.012106,1,0.017295,0,inbound,0,de_minimis
0x7a222702878b,defi_bluechip,0.0,,0.713709,0,inbound,0,benign_category
0xbcdfc4536f1d,high_risk_exchange,0.165068,2,0.561457,0,inbound,0,ambiguous_residual
0x37584fa03f26,ransomware,0.006353,1,0.009553,0,inbound,0,de_minimis
0x658bb70b3420,mixer,0.01653,5,0.106904,0,inbound,0,diluted_distant
0x3dface3714af,darknet_market,0.0,3,0.368971,1,inbound,0,broken_intermediary
0xaeb5a5c5650c,sanctioned_address,0.012937,6,0.109959,0,inbound,0,diluted_distant
0xeb62d4262982,darknet_market,0.004859,6,0.043473,0,inbound,0,diluted_distant
0x896b97ac6aa8,sanctioned_address,0.01126,6,0.095706,0,outbound,0,diluted_distant
0xac3c6105716b,ransomware,0.0,3,0.427009,1,inbound,0,broken_intermediary
0x8446cc3ebdde,darknet_market,0.007834,1,0.011781,0,outbound,0,de_minimis
0x2bd530e912f2,mixer,0.008803,1,0.013669,0,inbound,0,de_minimis
0xe5777da67785,defi_bluechip,0.0,,0.692866,0,inbound,0,benign_category
0xf24f5e781fd7,darknet_market,0.007722,6,0.069088,0,outbound,0,diluted_distant
0x9cfd455ac762,darknet_market,0.018324,5,0.114764,0,outbound,0,diluted_distant
0x5ecbb0ae8f08,darknet_market,0.011789,1,0.017727,0,inbound,0,de_minimis
0x6363d52721e7,licensed_exchange,0.0,,0.487345,0,outbound,0,benign_category
0x174d4639447b,mixer,0.002153,6,0.019889,0,inbound,0,diluted_distant
0xf05448ca7651,licensed_exchange,0.0,,0.863733,0,outbound,0,benign_category
0x3a697a4c75d4,licensed_exchange,0.0,,0.652219,0,inbound,0,benign_category
0x2b9c4dc82a1e,mixer,0.00457,6,0.042225,0,inbound,0,diluted_distant
0x983e715629ee,sanctioned_address,0.012086,1,0.017266,0,outbound,0,de_minimis
0x877f3605bf54,licensed_exchange,0.0,,0.600937,0,inbound,0,benign_category
0xf098980402a2,darknet_market,0.307001,2,0.659507,0,outbound,1,
0xd9ab32a447b2,darknet_market,0.010356,1,0.015573,0,inbound,0,de_minimis
0x1e881247ea4e,darknet_market,0.006749,1,0.010148,0,inbound,0,de_minimis
0xfcd28a3c3b5e,mining_pool,0.0,,0.362181,0,outbound,0,benign_category
0x0d3e40181c6e,sanctioned_address,0.006381,6,0.054238,0,inbound,0,diluted_distant
0xf0e52cd94cbb,mining_pool,0.0,,0.693121,0,outbound,0,benign_category
0x2eb7f8140102,sanctioned_address,0.0,3,0.764638,1,outbound,0,broken_intermediary
0xd2c3546e035a,high_risk_exchange,0.172705,2,0.587433,0,outbound,0,ambiguous_residual
0x12c98cd321b0,licensed_exchange,0.0,,0.814901,0,outbound,0,benign_category
0xd395764414fd,ransomware,0.0,3,0.627997,1,inbound,0,broken_intermediary
0x1a6cc28ebd70,merchant_processor,0.0,,0.825002,0,inbound,0,benign_category
0x3e2b7c16128d,mixer,0.008975,1,0.013937,0,inbound,0,de_minimis
0x2fb9687213f9,high_risk_exchange,0.145323,2,0.494294,0,inbound,0,ambiguous_residual
0x4ed5d50755d9,darknet_market,0.0,3,0.519471,1,outbound,0,broken_intermediary
0x7cca78e3654b,mixer,0.0,3,0.768592,1,outbound,0,broken_intermediary
0xae046a39aaa6,darknet_market,0.0,3,0.752004,1,outbound,0,broken_intermediary
0xfab2a8f1e091,darknet_market,0.007798,1,0.011727,0,inbound,0,de_minimis
0xc1218b1e3b9d,mixer,0.00289,6,0.026703,0,outbound,0,diluted_distant
0xd251c68a152f,ransomware,0.0,3,0.505347,1,inbound,0,broken_intermediary
0x4de0fb16e5db,merchant_processor,0.0,,0.905967,0,outbound,0,benign_category
0x330d70b7e868,mixer,0.5666,1,0.879813,0,outbound,1,
0x87b1f81dbaa1,sanctioned_address,0.0,3,0.760902,1,outbound,0,broken_intermediary
0xf9d4c268283e,merchant_processor,0.0,,0.861368,0,inbound,0,benign_category
0x3375df615a5c,sanctioned_address,0.0,3,0.360181,1,outbound,0,broken_intermediary
0x1cbbcbd00ef2,mixer,0.0,3,0.577576,1,outbound,0,broken_intermediary
0x5c30cae28e66,ransomware,0.00843,1,0.012676,0,inbound,0,de_minimis
0xfece3da70577,ransomware,0.005037,1,0.007575,0,inbound,0,de_minimis
0xee35cdfc6ee0,mining_pool,0.0,,0.894307,0,outbound,0,benign_category
0xd93ff6478986,ransomware,0.0,3,0.761884,1,outbound,0,broken_intermediary
0x79731b4da0fe,darknet_market,0.002864,1,0.004307,0,outbound,0,de_minimis
0x8c886553867d,sanctioned_address,0.010319,6,0.087713,0,inbound,0,diluted_distant
0x9288e726be23,mixer,0.0,3,0.625515,1,inbound,0,broken_intermediary
0x4607d69d42f1,darknet_market,0.010002,1,0.015041,0,inbound,0,de_minimis
0x2e2521a4344f,mixer,0.0,3,0.393897,1,outbound,0,broken_intermediary
0xbb51f8b38a8b,mining_pool,0.0,,0.74183,0,outbound,0,benign_category
0xefc91d7bc313,high_risk_exchange,0.176504,2,0.600354,0,inbound,0,ambiguous_residual
0xcb79fadd7ea3,darknet_market,0.0,3,0.580392,1,outbound,0,broken_intermediary
0xbcb7746cdb77,darknet_market,0.016481,5,0.103218,0,outbound,0,diluted_distant
0x0cd078b2b549,licensed_exchange,0.0,,0.701054,0,outbound,0,benign_category
0x3bbc688613db,ransomware,0.542988,1,0.816523,0,inbound,1,
0xc6fc22bae10e,high_risk_exchange,0.163338,2,0.555572,0,outbound,0,ambiguous_residual
0xd6978a4a0e2d,ransomware,0.008392,1,0.012619,0,inbound,0,de_minimis
0x10c0479d0cda,mixer,0.0,3,0.763208,1,outbound,0,broken_intermediary
0xbc13af88bdec,licensed_exchange,0.0,,0.399532,0,outbound,0,benign_category
0x0aeff8999246,defi_bluechip,0.0,,0.303223,0,inbound,0,benign_category
0x6a108de08fc2,defi_bluechip,0.0,,0.217074,0,inbound,0,benign_category
0x38482cabd7e7,mixer,0.0,3,0.608104,1,inbound,0,broken_intermediary
0x5936040a3aae,fraud_proceeds,0.228837,2,0.583767,0,outbound,1,
0xe58479eb4168,defi_bluechip,0.0,,0.23281,0,outbound,0,benign_category
0x9a6f857dd3b3,mining_pool,0.0,,0.561294,0,outbound,0,benign_category
0xfb041ba362e7,defi_bluechip,0.0,,0.644167,0,outbound,0,benign_category
0xa67eb64fa54a,ransomware,0.007367,1,0.011078,0,outbound,0,de_minimis
0x32c76e218b09,mixer,0.006454,1,0.010021,0,inbound,0,de_minimis
0x74fde359eee1,ransomware,0.0,3,0.68707,1,outbound,0,broken_intermediary
0xda8050032b35,mixer,0.0,3,0.662383,1,outbound,0,broken_intermediary
0x225f79699ed2,licensed_exchange,0.0,,0.632907,0,inbound,0,benign_category
0x429ecfd01cbd,darknet_market,0.008898,1,0.01338,0,inbound,0,de_minimis
0xb50a692ac139,darknet_market,0.003846,6,0.034415,0,outbound,0,diluted_distant
0x4f3836760ce5,merchant_processor,0.0,,0.866912,0,outbound,0,benign_category
0x73cb92f837d4,high_risk_exchange,0.1731,2,0.588775,0,outbound,0,ambiguous_residual
0x0ed244777442,darknet_market,0.001772,6,0.015855,0,inbound,0,diluted_distant
0x4958deaf528d,sanctioned_address,0.019385,5,0.115337,0,outbound,0,diluted_distant
0xc09c3712f2d1,merchant_processor,0.0,,0.363282,0,outbound,0,benign_category
0x2b7f98a21f1c,sanctioned_address,0.008804,5,0.052384,0,inbound,0,diluted_distant
0xd918a974d079,mixer,0.0,3,0.701969,1,outbound,0,broken_intermediary
0xb0ba1d2324e6,ransomware,0.001946,6,0.017407,0,outbound,0,diluted_distant
0x1c0c996d5c50,high_risk_exchange,0.168977,2,0.57475,0,inbound,0,ambiguous_residual
0x82d3c3a00c6f,mining_pool,0.0,,0.645215,0,outbound,0,benign_category
0x24e75aaab32f,licensed_exchange,0.0,,0.850834,0,outbound,0,benign_category
0xa049dcb33df3,ransomware,0.002288,6,0.020473,0,outbound,0,diluted_distant
0x57ff532401fc,high_risk_exchange,0.118871,2,0.404322,0,outbound,0,ambiguous_residual
0x3633d8302081,sanctioned_address,0.0,3,0.509971,1,inbound,0,broken_intermediary
0x717156ea57b3,licensed_exchange,0.0,,0.471789,0,outbound,0,benign_category
0xb3c35970a859,defi_bluechip,0.0,,0.81084,0,inbound,0,benign_category
0x2694a7cf705c,ransomware,0.009684,1,0.014562,0,inbound,0,de_minimis
0xa57b9fe0a8c7,mining_pool,0.0,,0.351877,0,outbound,0,benign_category
0xb4310e614bcd,sanctioned_address,0.0,3,0.49714,1,inbound,0,broken_intermediary
0x2749497de16d,ransomware,0.008063,1,0.012125,0,inbound,0,de_minimis
0xe6430a8076ec,mixer,0.0,3,0.829076,1,inbound,0,broken_intermediary
0x34fe73557b9d,defi_bluechip,0.0,,0.68671,0,outbound,0,benign_category
0xba5028a39779,darknet_market,0.0,3,0.657877,1,outbound,0,broken_intermediary
0x21bf55ab946d,darknet_market,0.008029,6,0.071835,0,outbound,0,diluted_distant
0x4cfddf8f4197,darknet_market,0.012438,6,0.111282,0,outbound,0,diluted_distant
0x420564575bc4,darknet_market,0.0,3,0.737039,1,inbound,0,broken_intermediary
0x2fd986c1b6cb,merchant_processor,0.0,,0.932909,0,outbound,0,benign_category
0xf8f8c422d03e,licensed_exchange,0.0,,0.80201,0,inbound,0,benign_category
0x4efa6070b6a1,mixer,0.001876,6,0.017337,0,inbound,0,diluted_distant
0x799db836c448,ransomware,0.013136,5,0.082269,0,outbound,0,diluted_distant
0x6356d5c9fdc7,ransomware,0.006958,1,0.010464,0,outbound,0,de_minimis
0xd65a87079ad4,mixer,0.001914,6,0.017687,0,inbound,0,diluted_distant
0x3486ef2ddcc4,darknet_market,0.011154,6,0.099797,0,inbound,0,diluted_distant
0x2ef56ffe33b3,high_risk_exchange,0.182319,2,0.620133,0,inbound,0,ambiguous_residual
0x1b446a36af18,licensed_exchange,0.0,,0.460482,0,outbound,0,benign_category
0x467325637cc3,mixer,0.004553,6,0.042061,0,inbound,0,diluted_distant
0x09ba144823f7,mining_pool,0.0,,0.87166,0,outbound,0,benign_category
0x9a303cd5fd7f,ransomware,0.544532,1,0.818846,0,inbound,1,
0xffe9e7b7b4c6,mixer,0.005202,1,0.008078,0,inbound,0,de_minimis
0x7b2b5a5226e6,darknet_market,0.025096,5,0.157176,0,outbound,0,diluted_distant
0xc7e90534a101,darknet_market,0.400055,2,0.85941,0,outbound,1,
0xb089114b9547,darknet_market,0.003902,1,0.005868,0,inbound,0,de_minimis
0x59a5a48e40f1,mixer,0.0,3,0.736007,1,outbound,0,broken_intermediary
0x12ef752a7d25,sanctioned_address,0.012334,6,0.104835,0,outbound,0,diluted_distant
0xcbe483f02dc7,mixer,0.003767,6,0.034803,0,outbound,0,diluted_distant
0x1879c7e53bbb,ransomware,0.008326,6,0.074492,0,outbound,0,diluted_distant
0xad9662fb26d7,darknet_market,0.010119,1,0.015216,0,inbound,0,de_minimis
0xd958ba220065,high_risk_exchange,0.125165,2,0.425733,0,inbound,0,ambiguous_residual
0xa4754b3446bc,darknet_market,0.006381,6,0.057089,0,inbound,0,diluted_distant
0x55526d15f16f,merchant_processor,0.0,,0.855624,0,outbound,0,benign_category
0x1d5ef2a9dc8a,mixer,0.0,3,0.825815,1,inbound,0,broken_intermediary
0xe058c8040fb7,merchant_processor,0.0,,0.538755,0,inbound,0,benign_category
0x10949136f1f8,high_risk_exchange,0.138744,2,0.471917,0,inbound,0,ambiguous_residual
0x275dc359810a,darknet_market,0.0,3,0.443153,1,inbound,0,broken_intermediary
0x0d441d0af7f7,sanctioned_address,0.0,3,0.448477,1,inbound,0,broken_intermediary
0x6ddc723ef466,high_risk_exchange,0.126531,2,0.430378,0,outbound,0,ambiguous_residual
0xe77212f5131a,sanctioned_address,0.0,3,0.735405,1,inbound,0,broken_intermediary
0xa3a1fc902838,darknet_market,0.010958,1,0.016479,0,outbound,0,de_minimis
0x50a4d9f2dd0d,sanctioned_address,0.012454,1,0.017792,0,inbound,0,de_minimis
0x471acac4d0eb,merchant_processor,0.0,,0.776657,0,inbound,0,benign_category
0x42718d38bbd8,ransomware,0.0,3,0.574735,1,inbound,0,broken_intermediary
0xd1a1c4e7f7dd,sanctioned_address,0.0,3,0.536364,1,inbound,0,broken_intermediary
0x41b558321ee4,licensed_exchange,0.0,,0.781336,0,inbound,0,benign_category
0x544d4ddb1b36,darknet_market,0.010037,6,0.089802,0,inbound,0,diluted_distant
0x64814027ab7d,sanctioned_address,0.0,3,0.56283,1,outbound,0,broken_intermediary
0x57a727794685,sanctioned_address,0.003596,1,0.005137,0,outbound,0,de_minimis
0xd54a92779574,darknet_market,0.008636,1,0.012987,0,inbound,0,de_minimis
0xf7444d560a3d,darknet_market,0.002075,6,0.018569,0,inbound,0,diluted_distant
0x50ef0f5675f8,darknet_market,0.0,3,0.617741,1,outbound,0,broken_intermediary
0xa37db7e6a14c,merchant_processor,0.0,,0.505458,0,outbound,0,benign_category
0x7bc551b1943c,mixer,0.0,3,0.379823,1,outbound,0,broken_intermediary
0xd6159d896047,high_risk_exchange,0.172698,2,0.587409,0,inbound,0,ambiguous_residual
0xa01cb89bdf7f,ransomware,0.007303,1,0.010983,0,inbound,0,de_minimis
0xfea74efc8248,ransomware,0.0,3,0.835023,1,inbound,0,broken_intermediary
0x18e95a575539,ransomware,0.00532,1,0.008,0,inbound,0,de_minimis
0xdca21b84edc3,ransomware,0.001945,6,0.0174,0,inbound,0,diluted_distant
0x63a98fd33afc,mining_pool,0.0,,0.339926,0,outbound,0,benign_category
0x41e01e6a6628,darknet_market,0.008507,6,0.076113,0,inbound,0,diluted_distant
0xcd828255da61,darknet_market,0.367304,2,0.789053,0,inbound,1,
0xa7eb23c8afdb,high_risk_exchange,0.166735,2,0.567126,0,outbound,0,ambiguous_residual
0xfacd88476c56,merchant_processor,0.0,,0.260136,0,outbound,0,benign_category
0x0da4a1173719,mixer,0.00908,1,0.0141,0,outbound,0,de_minimis
0xf5fd9561c813,ransomware,0.02066,5,0.129398,0,inbound,0,diluted_distant
0x102a3e00980e,ransomware,0.0,3,0.401715,1,inbound,0,broken_intermediary
0x6864b0c4a01c,ransomware,0.010786,1,0.016219,0,outbound,0,de_minimis
0xf4eda987b218,merchant_processor,0.0,,0.379504,0,outbound,0,benign_category
0x875ab17cfb21,merchant_processor,0.0,,0.92952,0,outbound,0,benign_category
0x9860fb756923,ransomware,0.005007,6,0.044803,0,outbound,0,diluted_distant
0x8c02b8beff3d,ransomware,0.009551,6,0.085454,0,outbound,0,diluted_distant
0x4afecdfb4db9,stolen_funds,0.156452,3,0.518328,0,outbound,1,
0x834ca7edc8d8,darknet_market,0.002407,6,0.021533,0,outbound,0,diluted_distant
0x7a83963a8617,stolen_funds,0.161265,2,0.373991,0,inbound,1,
0xa91c69ce1e4e,sanctioned_address,0.011163,5,0.066421,0,outbound,0,diluted_distant
0xf38ee0decc3d,darknet_market,0.003341,6,0.02989,0,outbound,0,diluted_distant
0x2dcdc4cb294f,sanctioned_address,0.011376,5,0.067685,0,inbound,0,diluted_distant
0x5a00d66d4627,ransomware,0.0,3,0.416127,1,inbound,0,broken_intermediary
0x04be0997623a,merchant_processor,0.0,,0.576115,0,outbound,0,benign_category
0xfce28639bd41,mixer,0.0,3,0.734368,1,inbound,0,broken_intermediary
0x533254a7b69b,sanctioned_address,0.009562,6,0.081276,0,outbound,0,diluted_distant
0x62e6c1dd484a,ransomware,0.010359,1,0.015578,0,inbound,0,de_minimis
0xa7e683e96ef4,defi_bluechip,0.0,,0.508741,0,inbound,0,benign_category
0x037f3f800385,darknet_market,0.0,3,0.826637,1,outbound,0,broken_intermediary
0x85ea02ed73ce,licensed_exchange,0.0,,0.50039,0,outbound,0,benign_category
0xbc2e4b87959f,defi_bluechip,0.0,,0.742539,0,inbound,0,benign_category
0xbf4b9b11b530,high_risk_exchange,0.168175,2,0.572025,0,outbound,0,ambiguous_residual
0x6fd3d35ac07a,sanctioned_address,0.00795,1,0.011357,0,inbound,0,de_minimis
0x27fd5c9deee0,mixer,0.007739,1,0.012018,0,inbound,0,de_minimis
0x543e265cb9d9,mixer,0.0,3,0.679684,1,outbound,0,broken_intermediary
0x2e8f7d23d479,ransomware,0.0,3,0.53975,1,outbound,0,broken_intermediary
0x9dc8ce920136,mixer,0.005286,5,0.034185,0,inbound,0,diluted_distant
0x1ed9fe7ee362,darknet_market,0.0,3,0.516268,1,inbound,0,broken_intermediary
0x4556c4db5a62,high_risk_exchange,0.144363,2,0.491032,0,outbound,0,ambiguous_residual
0xc05460a399d4,mixer,0.002234,6,0.020636,0,inbound,0,diluted_distant
0x7204fa8dae42,high_risk_exchange,0.145438,2,0.494688,0,inbound,0,ambiguous_residual
0x7eb93acb43a3,licensed_exchange,0.0,,0.883317,0,outbound,0,benign_category
0x7b3804015ced,ransomware,0.008225,1,0.012369,0,inbound,0,de_minimis
0x7d4d0c760d28,defi_bluechip,0.0,,0.649047,0,inbound,0,benign_category
0x941afe54ee4b,darknet_market,0.003006,6,0.026899,0,inbound,0,diluted_distant
0x4959e0527739,defi_bluechip,0.0,,0.587559,0,inbound,0,benign_category
0xfdc28e4c3ab5,high_risk_exchange,0.161361,2,0.548846,0,inbound,0,ambiguous_residual
0xd1076a944054,mining_pool,0.0,,0.897269,0,inbound,0,benign_category
0x49e8b523c0de,ransomware,0.007848,1,0.011802,0,outbound,0,de_minimis
0xc6de2253e706,sanctioned_address,0.0,3,0.805802,1,inbound,0,broken_intermediary
0xbdfdd8ddbbc0,sanctioned_address,0.004271,6,0.036305,0,inbound,0,diluted_distant
0x605612a1fe7d,darknet_market,0.01221,6,0.109242,0,inbound,0,diluted_distant
0x6c7203ece8ff,mining_pool,0.0,,0.843469,0,inbound,0,benign_category
0x68b5b42a2d93,darknet_market,0.006204,1,0.009329,0,outbound,0,de_minimis
0x9de95bf86f3c,high_risk_exchange,0.145662,2,0.495448,0,outbound,0,ambiguous_residual
0xf061b8f0188e,ransomware,0.0,3,0.360076,1,outbound,0,broken_intermediary
0x714add34aa18,ransomware,0.31753,2,0.682127,0,inbound,1,
0x75c554720d2d,merchant_processor,0.0,,0.751995,0,outbound,0,benign_category
0xfb2fbd5609c4,mixer,0.017136,5,0.110826,0,outbound,0,diluted_distant
0x5e3b7d024c6d,sanctioned_address,0.019935,5,0.118611,0,inbound,0,diluted_distant
0x46656992896e,defi_bluechip,0.0,,0.438289,0,inbound,0,benign_category
0xf766e9aa144b,ransomware,0.533891,1,0.802843,0,outbound,1,
0x8caab8e19f56,fraud_proceeds,0.128898,3,0.469744,0,outbound,1,
0x5bc8e8e6e840,mixer,0.004306,1,0.006687,0,inbound,0,de_minimis
0x813c86c5d1d6,darknet_market,0.0,3,0.830119,1,outbound,0,broken_intermediary
0x73a3b27e1442,sanctioned_address,0.011132,5,0.066235,0,outbound,0,diluted_distant
0x1cbb79db7862,mining_pool,0.0,,0.668847,0,inbound,0,benign_category
0x75a30ae4ac11,ransomware,0.001951,6,0.017454,0,inbound,0,diluted_distant
0x8f8decf32053,sanctioned_address,0.015078,5,0.089714,0,inbound,0,diluted_distant
0x993a13b22cec,ransomware,0.008963,1,0.013478,0,inbound,0,de_minimis
0xa9d88a624cbd,licensed_exchange,0.0,,0.638077,0,outbound,0,benign_category
0x1b7e588a3f87,darknet_market,0.012464,6,0.111518,0,inbound,0,diluted_distant
0x0f2b538d6b8c,mixer,0.0,3,0.491081,1,outbound,0,broken_intermediary
0xc037f0eebcce,ransomware,0.003458,1,0.0052,0,outbound,0,de_minimis
0x973b9e5d9c7a,defi_bluechip,0.0,,0.720949,0,inbound,0,benign_category
0x4efda247541d,licensed_exchange,0.0,,0.571018,0,outbound,0,benign_category
0x8a1ec2e79a98,mining_pool,0.0,,0.500867,0,inbound,0,benign_category
0x34e268759545,darknet_market,0.010701,1,0.016092,0,inbound,0,de_minimis
0x956d0328c136,defi_bluechip,0.0,,0.478921,0,outbound,0,benign_category
0xc2efaf70de70,ransomware,0.0,3,0.399475,1,inbound,0,broken_intermediary
0xde8d2ace1aa9,sanctioned_address,0.006339,1,0.009056,0,outbound,0,de_minimis
0x7e41f1b88d65,licensed_exchange,0.0,,0.70663,0,outbound,0,benign_category
0xca98f2e61828,darknet_market,0.0,3,0.531551,1,outbound,0,broken_intermediary
0x45b2982a2277,high_risk_exchange,0.126578,2,0.430537,0,outbound,0,ambiguous_residual
0x5af3506e50c7,ransomware,0.0,3,0.835739,1,outbound,0,broken_intermediary
0x7c1fc82f78fd,ransomware,0.002281,6,0.020413,0,outbound,0,diluted_distant
0x664c905881df,ransomware,0.011439,1,0.017202,0,inbound,0,de_minimis
0xe07d35ab8466,mining_pool,0.0,,0.465045,0,outbound,0,benign_category
0x9b0ca2224f96,mining_pool,0.0,,0.391736,0,inbound,0,benign_category
0xd62bb113d50b,sanctioned_address,0.0,3,0.384784,1,inbound,0,broken_intermediary
0xb5c3aa2960fd,mining_pool,0.0,,0.879846,0,inbound,0,benign_category
0x363e6e3255a8,defi_bluechip,0.0,,0.534276,0,inbound,0,benign_category
0xb09f2697384d,sanctioned_address,0.0,3,0.387448,1,inbound,0,broken_intermediary
0xb2582444d301,ransomware,0.004971,6,0.044475,0,outbound,0,diluted_distant
0xe7a7b25f13df,licensed_exchange,0.0,,0.897213,0,outbound,0,benign_category
0x37fea5e15b55,mixer,0.008997,5,0.058189,0,inbound,0,diluted_distant
0x76b576492e64,mining_pool,0.0,,0.372365,0,outbound,0,benign_category
0xe62e3283daa4,mixer,0.008198,6,0.075743,0,outbound,0,diluted_distant
0xbb492fdc9992,mining_pool,0.0,,0.82548,0,outbound,0,benign_category
0xb2231d3e503a,darknet_market,0.011213,1,0.016862,0,outbound,0,de_minimis
0x2b6497154633,licensed_exchange,0.0,,0.730657,0,inbound,0,benign_category
0xd62363725424,ransomware,0.0,3,0.633564,1,inbound,0,broken_intermediary
0x58b2fff96acf,merchant_processor,0.0,,0.667152,0,inbound,0,benign_category
0xb7d3dd92dd7c,mining_pool,0.0,,0.468922,0,inbound,0,benign_category
0xd17a7eb6581e,ransomware,0.005871,5,0.03677,0,outbound,0,diluted_distant
0x70e9c2d49b56,darknet_market,0.620263,1,0.932726,0,outbound,1,
0x39f682c42e48,darknet_market,0.007706,1,0.011589,0,inbound,0,de_minimis
0x154dc1bcbe59,high_risk_exchange,0.119834,2,0.407599,0,outbound,0,ambiguous_residual
0x7ebcc0582da5,merchant_processor,0.0,,0.813189,0,outbound,0,benign_category
0xe0cd164484a0,merchant_processor,0.0,,0.538542,0,inbound,0,benign_category
0x54fb6d9c5b50,sanctioned_address,0.005853,6,0.04975,0,inbound,0,diluted_distant
0xa5b52b1ac76c,licensed_exchange,0.0,,0.93697,0,outbound,0,benign_category
0xd2bcc9230c64,mixer,0.007777,5,0.050299,0,inbound,0,diluted_distant
0xa4e9b61df906,ransomware,0.014103,5,0.088326,0,inbound,0,diluted_distant
0xc0166a0aa7d5,sanctioned_address,0.005663,6,0.048132,0,outbound,0,diluted_distant
0xe8cd5e7b72c8,licensed_exchange,0.0,,0.831254,0,outbound,0,benign_category
0xb768b28187c4,ransomware,0.0,3,0.744199,1,inbound,0,broken_intermediary
0x897d7ea5a387,mixer,0.0,3,0.59596,1,outbound,0,broken_intermediary
0x17850c648ca2,sanctioned_address,0.025512,5,0.151796,0,inbound,0,diluted_distant
0xe1f028719b9b,stolen_funds,0.271894,2,0.630551,0,outbound,1,
0x51654d470ed6,sanctioned_address,0.0,3,0.498604,1,outbound,0,broken_intermediary
0x1a832a5fda18,mixer,0.006838,6,0.06318,0,outbound,0,diluted_distant
0x30bbb4258e19,defi_bluechip,0.0,,0.588468,0,inbound,0,benign_category
0x04200260a123,high_risk_exchange,0.142425,2,0.484439,0,outbound,0,ambiguous_residual
0xf49521d63b0f,licensed_exchange,0.0,,0.709673,0,inbound,0,benign_category
0x9937e1887eaf,mixer,0.00553,5,0.035766,0,inbound,0,diluted_distant
0x04569033da65,mixer,0.006342,6,0.058591,0,inbound,0,diluted_distant
0x2c62379d58f9,mining_pool,0.0,,0.878226,0,inbound,0,benign_category
0x7edd23cbe943,merchant_processor,0.0,,0.226299,0,outbound,0,benign_category
0x9a71e03635fc,ransomware,0.005411,1,0.008138,0,inbound,0,de_minimis
0x7a8af4655a21,licensed_exchange,0.0,,0.756191,0,outbound,0,benign_category
0x439351045a16,darknet_market,0.007747,1,0.011649,0,outbound,0,de_minimis
0x088b12af97e4,sanctioned_address,0.384756,2,0.785215,0,inbound,1,
0xd8de6a59c043,mixer,0.005078,1,0.007885,0,outbound,0,de_minimis
0x28754f560ed5,merchant_processor,0.0,,0.648432,0,inbound,0,benign_category
0x21d9a4a5c736,mixer,0.007704,5,0.049825,0,outbound,0,diluted_distant
0xde74ecb4678c,darknet_market,0.008861,1,0.013325,0,inbound,0,de_minimis
0x3d272cf72140,mixer,0.011742,6,0.108485,0,inbound,0,diluted_distant
0x84bcb88416d2,darknet_market,0.019145,5,0.119905,0,inbound,0,diluted_distant
0xab860783e43c,licensed_exchange,0.0,,0.576566,0,outbound,0,benign_category
0x1c625c311464,defi_bluechip,0.0,,0.758058,0,outbound,0,benign_category
0x74f11d8680cb,stolen_funds,0.213581,2,0.495318,0,inbound,1,
0x5ba0266bf2ea,high_risk_exchange,0.166842,2,0.567491,0,inbound,0,ambiguous_residual
0x72f36b5bc975,high_risk_exchange,0.134983,2,0.459126,0,outbound,0,ambiguous_residual
0x27e0d3748a11,sanctioned_address,0.008054,5,0.047922,0,outbound,0,diluted_distant
0x234a66a302d6,darknet_market,0.002141,6,0.019158,0,outbound,0,diluted_distant
0x041474ed5145,darknet_market,0.009545,1,0.014354,0,outbound,0,de_minimis
0xed873e19fc1d,mixer,0.00918,1,0.014254,0,outbound,0,de_minimis
0x7d81cbc4ec0e,mixer,0.371759,2,0.824664,0,inbound,1,
0x00bf55c3b2db,sanctioned_address,0.013732,5,0.081702,0,outbound,0,diluted_distant
0xd6f23cf88d20,high_risk_exchange,0.122549,2,0.416835,0,outbound,0,ambiguous_residual
0x2fa147a2a10b,high_risk_exchange,0.149694,2,0.509163,0,inbound,0,ambiguous_residual
0xeabb5f5ba255,ransomware,0.003357,1,0.005048,0,inbound,0,de_minimis
0x1fe3915cb31b,merchant_processor,0.0,,0.80608,0,outbound,0,benign_category
0xa2d853853918,defi_bluechip,0.0,,0.872978,0,outbound,0,benign_category
0x37cb95af6d0c,darknet_market,0.0,3,0.515132,1,inbound,0,broken_intermediary
0xb771893259f3,sanctioned_address,0.0,3,0.377314,1,inbound,0,broken_intermediary
0x14a69a72083c,sanctioned_address,0.0,3,0.676349,1,inbound,0,broken_intermediary
0xb623f7e9101d,darknet_market,0.005308,5,0.033242,0,outbound,0,diluted_distant
0x307f3ff6579e,sanctioned_address,0.005933,5,0.035299,0,outbound,0,diluted_distant
0x42ed38e7e019,sanctioned_address,0.0,3,0.604596,1,inbound,0,broken_intermediary
0x2664d010318a,mining_pool,0.0,,0.632193,0,inbound,0,benign_category
0xa9c0cf133b65,mixer,0.398061,2,0.883011,0,inbound,1,
0xfe04651ea252,darknet_market,0.0,3,0.428114,1,inbound,0,broken_intermediary
0x8cca2fe922aa,defi_bluechip,0.0,,0.347854,0,outbound,0,benign_category
0xf5438cf9eea9,ransomware,0.0,3,0.421646,1,inbound,0,broken_intermediary
0x7f90869bc00f,darknet_market,0.005696,6,0.050967,0,inbound,0,diluted_distant
0xb0257c13f47a,merchant_processor,0.0,,0.309817,0,outbound,0,benign_category
0x8fd6c74e48ff,darknet_market,0.0,3,0.709042,1,inbound,0,broken_intermediary
0x772cffe62994,darknet_market,0.007629,1,0.011472,0,inbound,0,de_minimis
0x1ca0bcaff931,high_risk_exchange,0.139939,2,0.475984,0,inbound,0,ambiguous_residual
0x5a292c78644f,darknet_market,0.017237,5,0.107955,0,inbound,0,diluted_distant
0x6060f2c84743,licensed_exchange,0.0,,0.619659,0,outbound,0,benign_category
0x70079a069295,defi_bluechip,0.0,,0.719266,0,inbound,0,benign_category
0xa5adde4379cb,mixer,0.607873,1,0.943902,0,inbound,1,
0xbad2dc54d59b,high_risk_exchange,0.140464,2,0.477767,0,inbound,0,ambiguous_residual
0xac5119dd3e8c,high_risk_exchange,0.16618,2,0.565238,0,outbound,0,ambiguous_residual
0x593151397c06,mixer,0.005988,1,0.009297,0,outbound,0,de_minimis
0x41334b657bcc,high_risk_exchange,0.183841,2,0.62531,0,inbound,0,ambiguous_residual
0x5d39084a3c4b,high_risk_exchange,0.127974,2,0.435285,0,outbound,0,ambiguous_residual
0x354d90c7e6ac,mixer,0.012354,6,0.11414,0,outbound,0,diluted_distant
0xabe7e2fbb984,sanctioned_address,0.34874,2,0.711715,0,outbound,1,
0x18a60053f649,mixer,0.0,3,0.781581,1,outbound,0,broken_intermediary
0xb3d460f34ebc,mixer,0.0,3,0.406316,1,outbound,0,broken_intermediary
0x111bd883e3f8,sanctioned_address,0.600675,1,0.858107,0,outbound,1,
0xc03ce34f76b4,sanctioned_address,0.006112,1,0.008731,0,inbound,0,de_minimis
0xf729e4aa786d,ransomware,0.004123,1,0.006199,0,inbound,0,de_minimis
0xa98519ec0829,darknet_market,0.0,3,0.64755,1,inbound,0,broken_intermediary
0x799f4c2272f3,ransomware,0.538162,1,0.809266,0,inbound,1,
0xdaef00fa0eb4,ransomware,0.006035,5,0.037801,0,inbound,0,diluted_distant
0x577734fadee1,sanctioned_address,0.0,3,0.469257,1,outbound,0,broken_intermediary
0xf11f65c06b93,mining_pool,0.0,,0.729857,0,outbound,0,benign_category
0xbd2261a66444,mining_pool,0.0,,0.461292,0,inbound,0,benign_category
0x4d600fc79913,ransomware,0.0,3,0.837699,1,inbound,0,broken_intermediary
0x747c96f84ff7,ransomware,0.00602,6,0.053866,0,inbound,0,diluted_distant
0xf3d83c53090e,high_risk_exchange,0.164747,2,0.560365,0,outbound,0,ambiguous_residual
0x4b7e9eca381b,mixer,0.0,3,0.838672,1,inbound,0,broken_intermediary
0x62accef74829,ransomware,0.644741,1,0.969536,0,inbound,1,
0x4bb6a091e5b4,sanctioned_address,0.010807,5,0.0643,0,outbound,0,diluted_distant
0x0654df9b7c1f,licensed_exchange,0.0,,0.796939,0,outbound,0,benign_category
0x873c693016ea,ransomware,0.003009,1,0.004525,0,outbound,0,de_minimis
0xce5246818a88,ransomware,0.010404,5,0.065161,0,inbound,0,diluted_distant
0xa9b9e1035e1c,darknet_market,0.300487,2,0.645515,0,inbound,1,
0x9f344d950273,sanctioned_address,0.006824,5,0.040602,0,outbound,0,diluted_distant
0xa448d3692867,sanctioned_address,0.004642,1,0.006631,0,outbound,0,de_minimis
0xd078d2efa93b,sanctioned_address,0.005979,5,0.035572,0,outbound,0,diluted_distant
0x457367443fb8,mixer,0.007775,5,0.050282,0,inbound,0,diluted_distant
0x19e274d9d1f5,mining_pool,0.0,,0.403468,0,outbound,0,benign_category
0x3f6cec4e8cbb,ransomware,0.004313,1,0.006486,0,inbound,0,de_minimis
0xf2fcded7d3ef,darknet_market,0.008561,5,0.05362,0,outbound,0,diluted_distant
0x196b62f5f7c2,mixer,0.015282,5,0.098832,0,inbound,0,diluted_distant
0x69d8ad7d6f81,sanctioned_address,0.007446,1,0.010637,0,outbound,0,de_minimis
0x0455cd0579e2,darknet_market,0.004469,6,0.039983,0,inbound,0,diluted_distant
0xeb0159450186,ransomware,0.0,3,0.605757,1,outbound,0,broken_intermediary
0xbf9bd6e18109,licensed_exchange,0.0,,0.894777,0,outbound,0,benign_category
0xa678a3fe0479,darknet_market,0.006676,5,0.041814,0,outbound,0,diluted_distant
0x7b08c3f62136,ransomware,0.007408,6,0.066277,0,inbound,0,diluted_distant
0x0d08b8a60402,mining_pool,0.0,,0.541543,0,outbound,0,benign_category
0xafb3309e47ba,ransomware,0.0111,1,0.016691,0,inbound,0,de_minimis
0xb78cabff9286,mixer,0.002128,6,0.019662,0,outbound,0,diluted_distant
0x71cb16dc5a6e,ransomware,0.004012,6,0.035892,0,outbound,0,diluted_distant
0x968d95e7f614,sanctioned_address,0.0,3,0.547454,1,outbound,0,broken_intermediary
0xc36aae423568,mixer,0.025705,5,0.166241,0,outbound,0,diluted_distant
0xd18157b936b0,mixer,0.011777,5,0.076164,0,outbound,0,diluted_distant
0xa0772d445af8,mixer,0.568799,1,0.883228,0,inbound,1,
0x42411689e0b8,ransomware,0.0,3,0.504034,1,outbound,0,broken_intermediary
0x092c30c9a2be,merchant_processor,0.0,,0.416187,0,inbound,0,benign_category
0x9cbb96b31f4a,merchant_processor,0.0,,0.730582,0,inbound,0,benign_category
0xde09567c5d44,high_risk_exchange,0.137817,2,0.468766,0,inbound,0,ambiguous_residual
0x546b303cb04b,mixer,0.595567,1,0.924793,0,outbound,1,
0x3f0f2b429596,ransomware,0.008765,6,0.078426,0,outbound,0,diluted_distant
0x18e09f85c2dd,sanctioned_address,0.003273,1,0.004675,0,inbound,0,de_minimis
0xd5631da466fe,ransomware,0.009194,1,0.013826,0,outbound,0,de_minimis
0x9a2b0261c87a,darknet_market,0.010824,5,0.067794,0,outbound,0,diluted_distant
0x35b7e60c1638,ransomware,0.014841,5,0.092951,0,inbound,0,diluted_distant
0x86a7c72850c1,mixer,0.0,3,0.357686,1,inbound,0,broken_intermediary
0xf619eee13cae,licensed_exchange,0.0,,0.892331,0,outbound,0,benign_category
0xfcfbab450578,sanctioned_address,0.024608,5,0.146418,0,inbound,0,diluted_distant
0x765aa4f34185,ransomware,0.0,3,0.361736,1,outbound,0,broken_intermediary
0x5972d02c75f9,darknet_market,0.0,3,0.524579,1,inbound,0,broken_intermediary
0x30a31dabb10a,mixer,0.334016,2,0.740942,0,inbound,1,
0x895f9f2ebefc,sanctioned_address,0.0,3,0.512373,1,inbound,0,broken_intermediary
0xe9bff659f188,ransomware,0.006973,6,0.062386,0,outbound,0,diluted_distant
0x5564cc0243c6,mixer,0.010432,5,0.06747,0,inbound,0,diluted_distant
0xf721973b6977,darknet_market,0.0,3,0.6203,1,outbound,0,broken_intermediary
0x42e5e44a913a,mining_pool,0.0,,0.379567,0,outbound,0,benign_category
0x06545071e5f0,darknet_market,0.011087,5,0.069438,0,inbound,0,diluted_distant
0x7f45ba05dd0f,ransomware,0.021206,5,0.132817,0,outbound,0,diluted_distant
0x05f60df80b89,ransomware,0.0,3,0.771988,1,inbound,0,broken_intermediary
0xa42a7ddca413,defi_bluechip,0.0,,0.561845,0,inbound,0,benign_category
0x285c3c28f5dc,sanctioned_address,0.011195,1,0.015992,0,outbound,0,de_minimis
0xa1d272730e7b,sanctioned_address,0.011097,5,0.066026,0,inbound,0,diluted_distant
0x00168c91bd13,high_risk_exchange,0.158721,2,0.539868,0,inbound,0,ambiguous_residual
0x69e88ff50701,sanctioned_address,0.0,3,0.739124,1,outbound,0,broken_intermediary
0xe8aed8253010,ransomware,0.009332,1,0.014033,0,outbound,0,de_minimis
0x3a6173d92ace,merchant_processor,0.0,,0.792918,0,inbound,0,benign_category
0xbf6e85a0d089,mixer,0.301776,2,0.669424,0,inbound,1,
0x644f9c60c81b,mixer,0.009353,6,0.086413,0,inbound,0,diluted_distant
0x372d5682d038,fraud_proceeds,0.232339,2,0.592703,0,outbound,1,
0xea2e735444fb,licensed_exchange,0.0,,0.797521,0,inbound,0,benign_category
0x58e8941c23fa,darknet_market,0.007353,1,0.011058,0,inbound,0,de_minimis
0xd65b6279403c,high_risk_exchange,0.18567,2,0.63153,0,inbound,0,ambiguous_residual
0x46bf2224a806,high_risk_exchange,0.149131,2,0.507247,0,outbound,0,ambiguous_residual
0x66da37a3c30a,darknet_market,0.0,3,0.80513,1,inbound,0,broken_intermediary
0xa50fa30a6658,ransomware,0.008937,1,0.013439,0,inbound,0,de_minimis
0x926588addab1,sanctioned_address,0.006533,1,0.009332,0,outbound,0,de_minimis
0x66590e7da698,merchant_processor,0.0,,0.32523,0,outbound,0,benign_category
0x1fc2d6e1ba00,darknet_market,0.010239,1,0.015396,0,outbound,0,de_minimis
0x72d8dd664071,darknet_market,0.024133,5,0.151145,0,outbound,0,diluted_distant
0xd5486336c815,merchant_processor,0.0,,0.817197,0,outbound,0,benign_category
0xe2d9dec00f3a,darknet_market,0.019283,5,0.120772,0,inbound,0,diluted_distant
0x6312f6dbb2b6,high_risk_exchange,0.117953,2,0.401201,0,outbound,0,ambiguous_residual
0x58fbf664c720,darknet_market,0.0,3,0.393054,1,inbound,0,broken_intermediary
0x02e34148bd11,high_risk_exchange,0.11565,2,0.393366,0,outbound,0,ambiguous_residual
0xa52fedba9484,darknet_market,0.007227,1,0.010868,0,inbound,0,de_minimis
0x25505bab7f4a,high_risk_exchange,0.149758,2,0.509381,0,outbound,0,ambiguous_residual
0xd4f428cc812a,defi_bluechip,0.0,,0.367307,0,outbound,0,benign_category
0x964f5c5d3f1b,ransomware,0.011939,1,0.017953,0,inbound,0,de_minimis
0x3abc0240f59a,high_risk_exchange,0.156873,2,0.533581,0,outbound,0,ambiguous_residual
0x7cd69f027cbf,sanctioned_address,0.0,3,0.50525,1,inbound,0,broken_intermediary
0x0ca648677b30,ransomware,0.003068,1,0.004614,0,outbound,0,de_minimis
0xa40031487df8,licensed_exchange,0.0,,0.241706,0,inbound,0,benign_category
0x6d25c6097cd8,mining_pool,0.0,,0.695186,0,outbound,0,benign_category
0x4eb8afa08cbe,sanctioned_address,0.0,3,0.370629,1,inbound,0,broken_intermediary
0x748dd255a4de,ransomware,0.0,3,0.528016,1,outbound,0,broken_intermediary
0xc76c0452f779,sanctioned_address,0.010208,1,0.014583,0,inbound,0,de_minimis
0x174d95ea6825,darknet_market,0.009986,1,0.015016,0,inbound,0,de_minimis
0x9023162534ca,sanctioned_address,0.002645,6,0.022484,0,outbound,0,diluted_distant
0x45d338491ecc,darknet_market,0.008763,5,0.054882,0,outbound,0,diluted_distant
0xbf0aa5df6f85,sanctioned_address,0.003209,1,0.004585,0,inbound,0,de_minimis
0x9c0015cadfaf,high_risk_exchange,0.136704,2,0.464978,0,inbound,0,ambiguous_residual
0x48ef8336a758,darknet_market,0.004469,1,0.006721,0,inbound,0,de_minimis
0x1bd8da2d2156,licensed_exchange,0.0,,0.402426,0,outbound,0,benign_category
0xb6da54b2a582,merchant_processor,0.0,,0.243477,0,inbound,0,benign_category
0xa2b431891f48,darknet_market,0.009116,1,0.013708,0,outbound,0,de_minimis
0xba9e911ddc79,merchant_processor,0.0,,0.874981,0,outbound,0,benign_category
0xdf4ba40dfea5,merchant_processor,0.0,,0.580639,0,outbound,0,benign_category
0xf9544e336644,darknet_market,0.010655,1,0.016022,0,inbound,0,de_minimis
0x649289e2df24,sanctioned_address,0.011543,1,0.016489,0,outbound,0,de_minimis
0x0ff8a1b24627,licensed_exchange,0.0,,0.330248,0,outbound,0,benign_category
0xf1b78a284792,merchant_processor,0.0,,0.762645,0,inbound,0,benign_category
0x2e5d82aa5c46,defi_bluechip,0.0,,0.591554,0,outbound,0,benign_category
0xe47723ef5561,high_risk_exchange,0.160427,2,0.545669,0,inbound,0,ambiguous_residual
0x4adaf7bd8499,mining_pool,0.0,,0.622001,0,outbound,0,benign_category
0x77d15e934de0,darknet_market,0.006273,1,0.009433,0,inbound,0,de_minimis
0xe8c7eafb9f20,stolen_funds,0.145271,3,0.481286,0,inbound,1,
0xc0d92c816bf0,sanctioned_address,0.007863,1,0.011233,0,outbound,0,de_minimis
0x721fe8410a39,ransomware,0.010802,6,0.09665,0,outbound,0,diluted_distant
0x4726e1ccff0d,merchant_processor,0.0,,0.652584,0,outbound,0,benign_category
0xb97528489240,darknet_market,0.0,3,0.68162,1,inbound,0,broken_intermediary
0xf5427a9398bb,ransomware,0.002869,1,0.004314,0,inbound,0,de_minimis
0x417a0b0b81de,mixer,0.00308,1,0.004783,0,inbound,0,de_minimis
0xcf97f54f1b92,darknet_market,0.007559,5,0.047345,0,inbound,0,diluted_distant
0x57547b4e9ecd,mixer,0.008195,1,0.012725,0,inbound,0,de_minimis
0x876f82c41c54,ransomware,0.0,3,0.612248,1,inbound,0,broken_intermediary
0x75aa119fb03e,defi_bluechip,0.0,,0.731085,0,outbound,0,benign_category
0x5ad718a70609,sanctioned_address,0.003713,1,0.005305,0,outbound,0,de_minimis
0x42baa8cdf44d,ransomware,0.004001,6,0.035794,0,inbound,0,diluted_distant
0xdba087a20e22,ransomware,0.005923,1,0.008907,0,inbound,0,de_minimis
0x3207937ca77c,mixer,0.0,3,0.797943,1,outbound,0,broken_intermediary
0x9108157511ad,licensed_exchange,0.0,,0.479845,0,outbound,0,benign_category
0x03ae850f1cdc,darknet_market,0.003933,6,0.035192,0,outbound,0,diluted_distant
0xda26279f91ab,darknet_market,0.008357,1,0.012566,0,outbound,0,de_minimis
0xd3923425449c,ransomware,0.005023,1,0.007553,0,outbound,0,de_minimis
0xcbd7b49b4b72,mixer,0.006602,1,0.010252,0,inbound,0,de_minimis
0x3357296b67bf,sanctioned_address,0.010826,5,0.064412,0,inbound,0,diluted_distant
0x02b5a2c8cf62,ransomware,0.0,3,0.376422,1,inbound,0,broken_intermediary
0x718b4359ff43,mining_pool,0.0,,0.664042,0,outbound,0,benign_category
0x92ac85609e8a,ransomware,0.001792,6,0.016031,0,inbound,0,diluted_distant
0x926f84a5b18b,mixer,0.588992,1,0.914584,0,inbound,1,
0x7a7f5c17ebb5,merchant_processor,0.0,,0.523589,0,inbound,0,benign_category
0xcf9765281970,sanctioned_address,0.014186,5,0.084403,0,inbound,0,diluted_distant
0xb239953b0f1f,defi_bluechip,0.0,,0.856365,0,outbound,0,benign_category
0x0261932d1648,sanctioned_address,0.007731,1,0.011044,0,outbound,0,de_minimis
0xeaeec68da4b2,ransomware,0.008151,5,0.051048,0,outbound,0,diluted_distant
0x75b9b38046ef,sanctioned_address,0.0,3,0.670392,1,outbound,0,broken_intermediary
0x7f1b436ae2bb,darknet_market,0.013586,5,0.085092,0,outbound,0,diluted_distant
0xf3ff2db13deb,high_risk_exchange,0.13136,2,0.446804,0,outbound,0,ambiguous_residual
0x615de8f10194,defi_bluechip,0.0,,0.452085,0,outbound,0,benign_category
0xb6499e5c5dcd,licensed_exchange,0.0,,0.81615,0,inbound,0,benign_category
0x15a3f53f091e,darknet_market,0.0,3,0.556835,1,outbound,0,broken_intermediary
0xcbb647bf8db7,mining_pool,0.0,,0.862816,0,inbound,0,benign_category
0xc99558e7edf8,mining_pool,0.0,,0.707657,0,inbound,0,benign_category
0xc24435f3de4a,darknet_market,0.004402,1,0.00662,0,inbound,0,de_minimis
0x796a434a130e,darknet_market,0.004372,1,0.006575,0,outbound,0,de_minimis
0x6bca6c878546,ransomware,0.0,3,0.456368,1,outbound,0,broken_intermediary
0x6462618192de,ransomware,0.007019,5,0.043962,0,inbound,0,diluted_distant
0x44d97fe5a4b6,sanctioned_address,0.0,3,0.511233,1,outbound,0,broken_intermediary
0x53a1b0c77002,licensed_exchange,0.0,,0.740645,0,inbound,0,benign_category
0xb8d042803aa0,high_risk_exchange,0.130558,2,0.444074,0,outbound,0,ambiguous_residual
0xd2d20513eda8,mixer,0.025231,5,0.163176,0,inbound,0,diluted_distant
0xb5d048dc1e26,ransomware,0.010942,1,0.016455,0,outbound,0,de_minimis
0xed7049599bed,darknet_market,0.006587,1,0.009905,0,inbound,0,de_minimis
0x2487e835f080,merchant_processor,0.0,,0.345911,0,inbound,0,benign_category
0xca79a5076897,darknet_market,0.004379,6,0.039184,0,outbound,0,diluted_distant
0x400505e9f407,high_risk_exchange,0.163671,2,0.556703,0,inbound,0,ambiguous_residual
0x6bd0147f1f67,mining_pool,0.0,,0.236992,0,inbound,0,benign_category
0xcb45c55be95d,sanctioned_address,0.009217,1,0.013168,0,inbound,0,de_minimis
0xc799e2ae3f87,ransomware,0.006445,5,0.040363,0,outbound,0,diluted_distant
0x5759d6a919e8,darknet_market,0.360011,2,0.773385,0,inbound,1,
0x8b79ef52d36e,high_risk_exchange,0.151172,2,0.514192,0,outbound,0,ambiguous_residual
0x9e8b88a613b4,licensed_exchange,0.0,,0.500916,0,outbound,0,benign_category
0x85056986305a,defi_bluechip,0.0,,0.490514,0,inbound,0,benign_category
0x044288fc3da1,sanctioned_address,0.0,3,0.708461,1,outbound,0,broken_intermediary
0x95f9cc476b72,mixer,0.006288,1,0.009764,0,inbound,0,de_minimis
0xdfcc8f807d8b,ransomware,0.0029,6,0.025951,0,outbound,0,diluted_distant
0xd82f144716cc,darknet_market,0.006968,6,0.06234,0,inbound,0,diluted_distant
0xd36844d18524,merchant_processor,0.0,,0.822912,0,inbound,0,benign_category
0xe7d19e2383d0,darknet_market,0.002841,1,0.004272,0,outbound,0,de_minimis
0x0b5488f3d7ea,mixer,0.0,3,0.678686,1,inbound,0,broken_intermediary
0x0433ba23b07a,defi_bluechip,0.0,,0.558136,0,inbound,0,benign_category
0xed685f13e10b,mixer,0.008018,5,0.051857,0,inbound,0,diluted_distant
0x248c6475c0ee,high_risk_exchange,0.13002,2,0.442244,0,outbound,0,ambiguous_residual
0x3e71033ac4d6,high_risk_exchange,0.129814,2,0.441546,0,inbound,0,ambiguous_residual
0x1128fe99df69,mixer,0.004029,6,0.03722,0,inbound,0,diluted_distant
0x9fccf6121d2c,sanctioned_address,0.005286,6,0.044932,0,outbound,0,diluted_distant
0x65bf4c7f03bb,mixer,0.007585,5,0.049057,0,outbound,0,diluted_distant
0xa6266f2537ce,licensed_exchange,0.0,,0.767727,0,inbound,0,benign_category
0x4f5b98a15e4f,mining_pool,0.0,,0.840081,0,outbound,0,benign_category
0x1e9a0f5f9707,sanctioned_address,0.012806,5,0.076197,0,outbound,0,diluted_distant
0xe09fe44cbd41,mixer,0.409225,2,0.907776,0,inbound,1,
0xfaedb271115b,darknet_market,0.009479,1,0.014254,0,inbound,0,de_minimis
0x52188df50b01,darknet_market,0.0,3,0.583023,1,inbound,0,broken_intermediary
0x005e743e8531,high_risk_exchange,0.15734,2,0.535169,0,outbound,0,ambiguous_residual
0x7a429ec5405d,ransomware,0.004428,1,0.006658,0,outbound,0,de_minimis
0xfebeaee7c7a5,darknet_market,0.0,3,0.385218,1,inbound,0,broken_intermediary
0x16691111ee29,licensed_exchange,0.0,,0.444977,0,inbound,0,benign_category
0x830a971df5fd,sanctioned_address,0.002928,1,0.004183,0,inbound,0,de_minimis
0x6adfebc8f6b7,ransomware,0.009793,5,0.061331,0,outbound,0,diluted_distant
0xd4f7e3f342a8,merchant_processor,0.0,,0.231734,0,outbound,0,benign_category
0x27e74dccb05d,defi_bluechip,0.0,,0.396848,0,inbound,0,benign_category
0x7f5da8290f3c,sanctioned_address,0.01031,1,0.014728,0,inbound,0,de_minimis
0xb7469399ad15,sanctioned_address,0.0,3,0.408027,1,outbound,0,broken_intermediary
0xd31e5f290290,mixer,0.0,3,0.59437,1,outbound,0,broken_intermediary
0xc00836c3fe85,ransomware,0.0,3,0.343072,1,outbound,0,broken_intermediary
0x9a8ae3ec4f6a,merchant_processor,0.0,,0.870033,0,inbound,0,benign_category
0x8d4ad284b528,mixer,0.0,3,0.396421,1,inbound,0,broken_intermediary
0x7fed95082801,ransomware,0.0,3,0.597514,1,inbound,0,broken_intermediary
0x58867b874b4a,sanctioned_address,0.002009,6,0.01708,0,outbound,0,diluted_distant
0x282e61ad018a,ransomware,0.0,3,0.519971,1,inbound,0,broken_intermediary
0x3db7de2a2ddf,sanctioned_address,0.00209,6,0.017768,0,inbound,0,diluted_distant
0x1515863dfcd6,defi_bluechip,0.0,,0.617682,0,outbound,0,benign_category
0x2e1f8135f15a,mixer,0.00908,5,0.058723,0,inbound,0,diluted_distant
0x193fbeccf760,ransomware,0.0,3,0.713214,1,outbound,0,broken_intermediary
0xf63b2286e3f8,mixer,0.007635,1,0.011856,0,inbound,0,de_minimis
0x7e1386351a54,darknet_market,0.006218,5,0.038945,0,inbound,0,diluted_distant
0xd8da69e08370,sanctioned_address,0.0,3,0.710736,1,outbound,0,broken_intermediary
0xe269cd840a47,high_risk_exchange,0.128855,2,0.438281,0,inbound,0,ambiguous_residual
0xbf65af73b3cf,sanctioned_address,0.008352,5,0.049696,0,inbound,0,diluted_distant
0x070849a5baeb,mining_pool,0.0,,0.369618,0,outbound,0,benign_category
0x6c7a89bab9c8,ransomware,0.017012,5,0.10655,0,inbound,0,diluted_distant
0x096aab132032,sanctioned_address,0.00273,6,0.023204,0,outbound,0,diluted_distant
0x66c148b51c88,stolen_funds,0.202626,2,0.469913,0,outbound,1,
0xb86ea8fc5690,fraud_proceeds,0.075656,3,0.275713,0,inbound,1,
0xf82550c1b8f7,ransomware,0.00788,1,0.01185,0,inbound,0,de_minimis
0x0b00b6646199,darknet_market,0.007221,1,0.010859,0,inbound,0,de_minimis
0x5062be9063fb,darknet_market,0.0,3,0.437334,1,inbound,0,broken_intermediary
0x8d3f80520405,sanctioned_address,0.003087,6,0.026238,0,inbound,0,diluted_distant
0x2cf323238416,mixer,0.002934,6,0.027104,0,outbound,0,diluted_distant
0xda59271a919f,mixer,0.0,3,0.424732,1,outbound,0,broken_intermediary
0x6795ccd3af7c,mixer,0.01264,6,0.116782,0,inbound,0,diluted_distant
0x50ebeac7dc2e,sanctioned_address,0.004605,1,0.006578,0,outbound,0,de_minimis
0xd3fdf90fb6e4,darknet_market,0.019371,5,0.121319,0,outbound,0,diluted_distant
0x43591b555f6d,fraud_proceeds,0.108171,3,0.394209,0,inbound,1,
0x763a9cc3c1f5,licensed_exchange,0.0,,0.6652,0,inbound,0,benign_category
0xbf77a64a1fe8,mixer,0.004053,1,0.006293,0,inbound,0,de_minimis
0x108039ed0800,merchant_processor,0.0,,0.45954,0,outbound,0,benign_category
0x21dc345e2eaf,high_risk_exchange,0.177078,2,0.602305,0,inbound,0,ambiguous_residual
0xdae83f2d39c8,ransomware,0.009365,1,0.014083,0,outbound,0,de_minimis
0xe7391bfc270c,defi_bluechip,0.0,,0.489778,0,outbound,0,benign_category
0x193df66c7331,darknet_market,0.0,3,0.713125,1,inbound,0,broken_intermediary
0xec354931b2d4,sanctioned_address,0.009562,1,0.013659,0,inbound,0,de_minimis
0x48d3e7574997,sanctioned_address,0.0,3,0.413398,1,outbound,0,broken_intermediary
0x45468be15610,mixer,0.0,3,0.538201,1,outbound,0,broken_intermediary
0x6763e552d0a8,mixer,0.0,3,0.680528,1,outbound,0,broken_intermediary
0x2eb01fa09802,sanctioned_address,0.007933,1,0.011333,0,inbound,0,de_minimis
0x51def323123e,defi_bluechip,0.0,,0.63668,0,outbound,0,benign_category
0x5301266c47fb,ransomware,0.003518,6,0.031475,0,inbound,0,diluted_distant
0x93db723dfacd,defi_bluechip,0.0,,0.817896,0,inbound,0,benign_category
0x064040cbe188,sanctioned_address,0.008758,1,0.012512,0,outbound,0,de_minimis
0x79cb7e53d702,ransomware,0.0,3,0.532364,1,inbound,0,broken_intermediary
0x7d4b01aec505,mixer,0.003017,1,0.004685,0,outbound,0,de_minimis
0x1c3125f41dd6,fraud_proceeds,0.083585,3,0.30461,0,outbound,1,
0x191a1673aefb,merchant_processor,0.0,,0.574527,0,inbound,0,benign_category
0x5ad68fead84e,sanctioned_address,0.0,3,0.378375,1,outbound,0,broken_intermediary
0xa5484c9e903a,ransomware,0.008681,5,0.054372,0,outbound,0,diluted_distant
0x3e79227197ca,mixer,0.0,3,0.66753,1,outbound,0,broken_intermediary
0x1dca9caf8df1,high_risk_exchange,0.150389,2,0.511526,0,inbound,0,ambiguous_residual
0xf7a216718639,darknet_market,0.011589,6,0.103692,0,outbound,0,diluted_distant
0xfc297f6bf62c,merchant_processor,0.0,,0.600553,0,inbound,0,benign_category
0xee050623ffbf,mining_pool,0.0,,0.37936,0,inbound,0,benign_category
0x05c8365bc763,licensed_exchange,0.0,,0.497165,0,inbound,0,benign_category
0xa5d98ccc617e,ransomware,0.0,3,0.684029,1,inbound,0,broken_intermediary
0x63562cf6073b,high_risk_exchange,0.14664,2,0.498774,0,outbound,0,ambiguous_residual
0xf68622c0c475,high_risk_exchange,0.150996,2,0.513593,0,inbound,0,ambiguous_residual
0xecc855c9bf0f,merchant_processor,0.0,,0.622262,0,outbound,0,benign_category
0x0995892fca69,darknet_market,0.0,3,0.367913,1,inbound,0,broken_intermediary
0x8f982638d8be,mixer,0.0,3,0.598534,1,inbound,0,broken_intermediary
0x5ff063ba9d86,darknet_market,0.008355,5,0.052327,0,inbound,0,diluted_distant
0xfe7d16386137,darknet_market,0.012944,5,0.081068,0,inbound,0,diluted_distant
0x39762ccda2af,sanctioned_address,0.005555,6,0.047218,0,outbound,0,diluted_distant
0xf71fcc8ceba9,high_risk_exchange,0.166187,2,0.565262,0,inbound,0,ambiguous_residual
0x9ee7860c7b68,mixer,0.01725,5,0.11156,0,outbound,0,diluted_distant
0xc67175992b0a,fraud_proceeds,0.177719,2,0.453365,0,inbound,1,
0x179fe3a1af97,darknet_market,0.002869,1,0.004315,0,inbound,0,de_minimis
0x9fd1c22ca6a8,merchant_processor,0.0,,0.360492,0,inbound,0,benign_category
0x8b991e1e5d91,licensed_exchange,0.0,,0.789885,0,inbound,0,benign_category
0xa3108ca33a54,darknet_market,0.00695,5,0.043525,0,outbound,0,diluted_distant
0xad6fe46a0b42,sanctioned_address,0.605648,1,0.865212,0,outbound,1,
0xda59160beed4,ransomware,0.008398,1,0.012628,0,outbound,0,de_minimis
0xaa274ffc1c54,sanctioned_address,0.006277,6,0.05335,0,inbound,0,diluted_distant
0xefc1b2d7692a,ransomware,0.002972,6,0.026593,0,inbound,0,diluted_distant
0x4995394a97fd,darknet_market,0.0,3,0.722204,1,outbound,0,broken_intermediary
0xa647e1e538a1,licensed_exchange,0.0,,0.5891,0,outbound,0,benign_category
0x5773d8842354,mixer,0.007156,1,0.011111,0,outbound,0,de_minimis
0xa6d81b63205f,ransomware,0.008158,1,0.012268,0,inbound,0,de_minimis
0xc4837b7ce7cc,ransomware,0.005956,6,0.05329,0,inbound,0,diluted_distant
0x78e9b1b2b5f8,mining_pool,0.0,,0.807257,0,inbound,0,benign_category
0xa69776812ad7,mining_pool,0.0,,0.809391,0,inbound,0,benign_category
0xc200d1e2b878,sanctioned_address,0.021597,5,0.128499,0,outbound,0,diluted_distant
0xe7ec26330c43,mixer,0.00443,1,0.006879,0,outbound,0,de_minimis
0xa219e09ef2a3,high_risk_exchange,0.133882,2,0.455381,0,outbound,0,ambiguous_residual
0x1ff44b4fafaf,high_risk_exchange,0.113069,2,0.384588,0,outbound,0,ambiguous_residual
0xb7eefa8bd601,mixer,0.007469,6,0.069006,0,inbound,0,diluted_distant
0xcfe361fe800a,defi_bluechip,0.0,,0.420778,0,outbound,0,benign_category
0xc4e98e301bcc,defi_bluechip,0.0,,0.604061,0,outbound,0,benign_category
0x080aa5fcd671,ransomware,0.011737,1,0.01765,0,inbound,0,de_minimis
0x2b5922c23308,ransomware,0.0,3,0.787342,1,inbound,0,broken_intermediary
0xd9f5ee28dccd,ransomware,0.0,3,0.504698,1,inbound,0,broken_intermediary
0x5f2039ca2826,mixer,0.008997,1,0.01397,0,outbound,0,de_minimis
0xd25944ed98e2,ransomware,0.312421,2,0.671151,0,outbound,1,
0x28feb0c46ddc,darknet_market,0.006989,1,0.010509,0,inbound,0,de_minimis
0x7d8e16a46b83,sanctioned_address,0.006853,6,0.058249,0,outbound,0,diluted_distant
0xafe5e7515d4b,ransomware,0.008004,1,0.012036,0,inbound,0,de_minimis
0xd78f54de19cd,darknet_market,0.005352,5,0.033521,0,outbound,0,diluted_distant
0x9bafbfda55c9,mixer,0.0,3,0.599536,1,outbound,0,broken_intermediary
0x92d906fd01e6,darknet_market,0.005007,1,0.007529,0,outbound,0,de_minimis
0x8fdb9da4ec0f,licensed_exchange,0.0,,0.288955,0,outbound,0,benign_category
0xbd527257dcb6,ransomware,0.019977,5,0.125114,0,inbound,0,diluted_distant
0x10f1dcacfa54,high_risk_exchange,0.155472,2,0.528817,0,outbound,0,ambiguous_residual
0x4eecd25c7d37,ransomware,0.0,3,0.438087,1,outbound,0,broken_intermediary
0x55a6a33817fa,sanctioned_address,0.008963,6,0.076186,0,inbound,0,diluted_distant
0x1ae41db1ce86,ransomware,0.0,3,0.696773,1,inbound,0,broken_intermediary
0x77a28853490b,darknet_market,0.0,3,0.399156,1,outbound,0,broken_intermediary
0xde95deca8598,ransomware,0.01231,6,0.110145,0,inbound,0,diluted_distant
0x31d90a802167,darknet_market,0.0,3,0.481414,1,outbound,0,broken_intermediary
0x82bc1928aae5,mixer,0.012429,5,0.08038,0,outbound,0,diluted_distant
0x5c1efe43541a,sanctioned_address,0.011247,5,0.066919,0,outbound,0,diluted_distant
0x35338677b81d,darknet_market,0.005339,5,0.033436,0,outbound,0,diluted_distant
0x2f129e90d107,mixer,0.011146,1,0.017307,0,inbound,0,de_minimis
0x3e5ba3596667,ransomware,0.008771,1,0.01319,0,inbound,0,de_minimis
0x5e99f79828a2,mining_pool,0.0,,0.79831,0,inbound,0,benign_category
0xe829a3871e92,darknet_market,0.002545,6,0.022772,0,outbound,0,diluted_distant
0x8df812f178bd,sanctioned_address,0.0,3,0.446924,1,inbound,0,broken_intermediary
0x8782d013b7a3,mixer,0.008078,1,0.012544,0,inbound,0,de_minimis
0x37847df77791,sanctioned_address,0.0,3,0.799572,1,inbound,0,broken_intermediary
0x849bb72479b7,darknet_market,0.300301,2,0.645114,0,inbound,1,
0x4c367f695b97,darknet_market,0.017146,5,0.107383,0,inbound,0,diluted_distant
0xc85ce79503fb,high_risk_exchange,0.147506,2,0.50172,0,inbound,0,ambiguous_residual
0xcecd6fa179a5,mining_pool,0.0,,0.798535,0,inbound,0,benign_category
0xaab85be2124f,sanctioned_address,0.00638,1,0.009115,0,outbound,0,de_minimis
0x2931570e5af5,mixer,0.0,3,0.412088,1,outbound,0,broken_intermediary
0x990530e59543,darknet_market,0.007189,1,0.010811,0,outbound,0,de_minimis
0x47a63080bed6,mixer,0.004026,6,0.037193,0,inbound,0,diluted_distant
0x9d8ea4b65cfa,ransomware,0.00537,5,0.033635,0,outbound,0,diluted_distant
0xace90e5995aa,mining_pool,0.0,,0.740162,0,inbound,0,benign_category
0x4c43895c167f,defi_bluechip,0.0,,0.686977,0,inbound,0,benign_category
0x7c400bb9a8f6,scam,0.187471,2,0.490505,0,inbound,1,
0x20bf974e8f83,mixer,0.003145,1,0.004884,0,inbound,0,de_minimis
0xda3833e04a38,high_risk_exchange,0.161915,2,0.55073,0,outbound,0,ambiguous_residual
0x3dd953010fb9,high_risk_exchange,0.127439,2,0.433467,0,inbound,0,ambiguous_residual
0xabc72c6710bd,mining_pool,0.0,,0.843704,0,inbound,0,benign_category
0x547b8dac210d,mixer,0.003477,1,0.0054,0,outbound,0,de_minimis
0xc0949cc8f772,sanctioned_address,0.58135,1,0.8305,0,inbound,1,
0x9145e30cdee2,ransomware,0.007415,5,0.046443,0,outbound,0,diluted_distant
0x8ab9a3cb9e18,high_risk_exchange,0.156628,2,0.532749,0,outbound,0,ambiguous_residual
0x2d11f346bbe7,defi_bluechip,0.0,,0.641128,0,outbound,0,benign_category
0xedad38227b0d,defi_bluechip,0.0,,0.717695,0,inbound,0,benign_category
0xf2e6e9570a2a,sanctioned_address,0.016544,5,0.098437,0,outbound,0,diluted_distant
0x6b4f48f9fd0d,ransomware,0.003063,1,0.004606,0,outbound,0,de_minimis
0x1adbbd8bf603,licensed_exchange,0.0,,0.913278,0,inbound,0,benign_category
0xe3bfb8addf54,darknet_market,0.019367,5,0.121294,0,outbound,0,diluted_distant
0x749f537d66c6,mixer,0.0,3,0.500345,1,inbound,0,broken_intermediary
0x25a5387d5add,mining_pool,0.0,,0.675658,0,outbound,0,benign_category
0xe8f49c03d65c,defi_bluechip,0.0,,0.381877,0,inbound,0,benign_category
0x6788450ab36d,sanctioned_address,0.002529,6,0.021496,0,outbound,0,diluted_distant
0xee5ada05d2fc,mixer,0.006191,6,0.057201,0,outbound,0,diluted_distant
0x759bdae18b28,mixer,0.00791,1,0.012282,0,inbound,0,de_minimis
0xecefd644e9ae,mixer,0.551032,1,0.85564,0,outbound,1,
0x71df9457f388,high_risk_exchange,0.142091,2,0.483302,0,inbound,0,ambiguous_residual
0x14820b5246f3,ransomware,0.007605,1,0.011436,0,outbound,0,de_minimis
0x322cd24025ea,licensed_exchange,0.0,,0.627497,0,outbound,0,benign_category
0x6f9ef32ede3c,licensed_exchange,0.0,,0.767924,0,inbound,0,benign_category
0x52d74e09c596,sanctioned_address,0.005103,6,0.043375,0,outbound,0,diluted_distant
0xcf8bb400a5e1,ransomware,0.0,3,0.672165,1,inbound,0,broken_intermediary
0x2432a0970ff4,sanctioned_address,0.0,3,0.46395,1,outbound,0,broken_intermediary
0x8a21c0bd44c0,merchant_processor,0.0,,0.794757,0,inbound,0,benign_category
0x38d00d333496,darknet_market,0.006071,1,0.00913,0,outbound,0,de_minimis
0x224eb47299b6,sanctioned_address,0.0,3,0.641083,1,inbound,0,broken_intermediary
0x6b6ab3ed8f33,high_risk_exchange,0.148473,2,0.505012,0,inbound,0,ambiguous_residual
0x8de56c451540,ransomware,0.0,3,0.562256,1,inbound,0,broken_intermediary
0x3ed3d45e087f,darknet_market,0.00661,6,0.059143,0,outbound,0,diluted_distant
0x606f10ccf85f,mixer,0.0,3,0.460266,1,outbound,0,broken_intermediary
0x2765f4e580aa,defi_bluechip,0.0,,0.425984,0,inbound,0,benign_category
0x961a05cf079e,mixer,0.006849,1,0.010635,0,outbound,0,de_minimis
0xe3416b8da340,defi_bluechip,0.0,,0.562814,0,inbound,0,benign_category
0xf8e85388d128,darknet_market,0.004259,1,0.006404,0,outbound,0,de_minimis
0x741c428fd941,sanctioned_address,0.0,3,0.400453,1,outbound,0,broken_intermediary
0xe96f48cd42c0,merchant_processor,0.0,,0.940622,0,inbound,0,benign_category
0x528f274ac7a7,high_risk_exchange,0.153859,2,0.523329,0,inbound,0,ambiguous_residual
0x855470de13fc,sanctioned_address,0.009322,1,0.013318,0,outbound,0,de_minimis
0xb00cfa5fafdb,mixer,0.007387,1,0.011471,0,inbound,0,de_minimis
0xcf2206617f95,high_risk_exchange,0.182097,2,0.619378,0,outbound,0,ambiguous_residual
0x023227f31b78,darknet_market,0.0,3,0.836966,1,outbound,0,broken_intermediary
0x4b4eaab9278d,mining_pool,0.0,,0.648798,0,outbound,0,benign_category
0x3bd78d0bb6d7,stolen_funds,0.094334,3,0.312531,0,outbound,1,
0x1c2d538cc0ca,merchant_processor,0.0,,0.607892,0,inbound,0,benign_category
0xc9f1830481c2,sanctioned_address,0.011703,1,0.016718,0,inbound,0,de_minimis
