customer_id,stratum,customer_type,domicile_country,operating_countries,products,channel,pep,adverse_media,prior_sar,ownership_opacity,expected_activity_intensity
CUST-000000,designed_medium,CORPORATE,DE,,trade_finance,FACE_TO_FACE,0,0,0,0.42,0.5
CUST-000001,designed_high,MSB,GB,MM,crypto,REMOTE,0,0,0,0.51,0.68
CUST-000002,designed_low,INDIVIDUAL,GB,,retail_deposit,FACE_TO_FACE,0,0,0,0.14,0.21
CUST-000003,designed_low,SMB,GB,,lending,FACE_TO_FACE,0,0,0,0.16,0.0
CUST-000004,designed_high,TRUST,US,PA,cash,REMOTE,0,0,0,0.55,0.94
CUST-000005,designed_low,INDIVIDUAL,US,,retail_deposit,FACE_TO_FACE,0,0,0,0.07,0.1
CUST-000006,designed_low,INDIVIDUAL,DE,,lending,FACE_TO_FACE,0,0,0,0.11,0.29
CUST-000007,designed_low,SMB,DE,,retail_deposit|lending,FACE_TO_FACE,0,0,0,0.18,0.11
CUST-000008,designed_low,INDIVIDUAL,CA,,retail_deposit|lending,FACE_TO_FACE,0,0,0,0.05,0.09
CUST-000009,designed_low,INDIVIDUAL,CA,,lending,FACE_TO_FACE,0,0,0,0.06,0.19
CUST-000010,designed_low,SMB,NL,,retail_deposit,FACE_TO_FACE,0,0,0,0.13,0.21
CUST-000011,designed_medium,CORPORATE,GB,,trade_finance,REMOTE,0,0,0,0.31,0.6
CUST-000012,designed_medium,TRUST,AU,,trade_finance,FACE_TO_FACE,0,0,0,0.44,0.42
CUST-000013,designed_low,SMB,AU,,retail_deposit|lending,FACE_TO_FACE,0,0,0,0.1,0.27
CUST-000014,designed_medium,CORPORATE,NL,,wire|trade_finance,REMOTE,0,0,0,0.47,0.42
CUST-000015,designed_low,INDIVIDUAL,GB,,lending,FACE_TO_FACE,0,0,0,0.02,0.01
CUST-000016,designed_low,INDIVIDUAL,DE,,lending,FACE_TO_FACE,0,0,0,0.12,0.12
CUST-000017,designed_medium,SMB,GB,,wire,REMOTE,0,0,0,0.43,0.4
CUST-000018,designed_low,INDIVIDUAL,US,,retail_deposit,FACE_TO_FACE,0,0,0,0.19,0.26
CUST-000019,designed_low,INDIVIDUAL,GB,,retail_deposit,FACE_TO_FACE,0,0,0,0.17,0.09
CUST-000020,designed_medium,TRUST,AU,RU,trade_finance,FACE_TO_FACE,0,0,0,0.38,0.45
CUST-000021,designed_low,SMB,NL,,retail_deposit,FACE_TO_FACE,0,0,0,0.01,0.26
CUST-000022,hard_high,CORPORATE,US,,trade_finance,FACE_TO_FACE,0,0,1,0.88,0.52
CUST-000023,designed_low,SMB,GB,,retail_deposit,FACE_TO_FACE,0,0,0,0.05,0.26
CUST-000024,designed_low,INDIVIDUAL,GB,,retail_deposit|lending,FACE_TO_FACE,0,0,0,0.14,0.21
CUST-000025,designed_low,SMB,US,,retail_deposit|lending,FACE_TO_FACE,0,0,0,0.09,0.07
CUST-000026,designed_low,INDIVIDUAL,GB,,retail_deposit|lending,FACE_TO_FACE,0,0,0,0.05,0.07
CUST-000027,designed_low,INDIVIDUAL,AU,,retail_deposit,FACE_TO_FACE,0,0,0,0.18,0.26
CUST-000028,designed_low,INDIVIDUAL,NL,,retail_deposit|lending,FACE_TO_FACE,0,0,0,0.1,0.16
CUST-000029,designed_medium,TRUST,GB,,private_banking,REMOTE,0,0,0,0.26,0.33
CUST-000030,designed_low,SMB,US,,lending,FACE_TO_FACE,0,0,0,0.17,0.02
CUST-000031,designed_medium,TRUST,CA,AE,wire|trade_finance,FACE_TO_FACE,0,0,0,0.27,0.36
CUST-000032,designed_low,SMB,AU,,lending,FACE_TO_FACE,0,0,0,0.09,0.26
CUST-000033,designed_low,INDIVIDUAL,CA,,retail_deposit|lending,FACE_TO_FACE,0,0,0,0.2,0.25
CUST-000034,hard_high,SHELL,US,,crypto,REMOTE,0,0,0,0.96,0.33
CUST-000035,designed_low,INDIVIDUAL,US,,lending,FACE_TO_FACE,0,0,0,0.19,0.24
CUST-000036,designed_low,SMB,AU,,retail_deposit,FACE_TO_FACE,0,0,0,0.06,0.29
CUST-000037,designed_medium,TRUST,CA,,wire,REMOTE,0,0,0,0.35,0.56
CUST-000038,designed_low,INDIVIDUAL,AU,,retail_deposit,FACE_TO_FACE,0,0,0,0.12,0.2
CUST-000039,designed_low,INDIVIDUAL,GB,,retail_deposit,FACE_TO_FACE,0,0,0,0.12,0.01
CUST-000040,designed_low,SMB,NL,,retail_deposit,FACE_TO_FACE,0,0,0,0.13,0.09
CUST-000041,designed_low,INDIVIDUAL,DE,,retail_deposit|lending,FACE_TO_FACE,0,0,0,0.06,0.09
CUST-000042,designed_medium,CORPORATE,CA,,wire,FACE_TO_FACE,0,0,0,0.35,0.34
CUST-000043,designed_low,INDIVIDUAL,AU,,lending,FACE_TO_FACE,0,0,0,0.06,0.13
CUST-000044,designed_low,SMB,GB,,retail_deposit|lending,FACE_TO_FACE,0,0,0,0.11,0.2
CUST-000045,designed_medium,TRUST,CA,RU,wire,FACE_TO_FACE,0,0,0,0.42,0.35
CUST-000046,designed_low,INDIVIDUAL,DE,,lending,FACE_TO_FACE,0,0,0,0.04,0.19
CUST-000047,designed_low,SMB,NL,,retail_deposit,FACE_TO_FACE,0,0,0,0.02,0.13
CUST-000048,designed_low,INDIVIDUAL,NL,,retail_deposit,FACE_TO_FACE,0,0,0,0.13,0.08
CUST-000049,designed_medium,TRUST,DE,,wire,FACE_TO_FACE,0,0,0,0.48,0.51
CUST-000050,designed_low,INDIVIDUAL,NL,,retail_deposit|lending,FACE_TO_FACE,0,0,0,0.11,0.13
CUST-000051,designed_low,SMB,CA,,lending,FACE_TO_FACE,0,0,0,0.04,0.07
CUST-000052,designed_low,SMB,GB,,retail_deposit|lending,FACE_TO_FACE,0,0,0,0.03,0.28
CUST-000053,designed_high,MSB,US,AE,correspondent,REMOTE,0,0,0,0.72,0.72
CUST-000054,hard_high,MSB,US,AF,private_banking,FACE_TO_FACE,0,0,0,0.71,0.26
CUST-000055,designed_low,SMB,NL,,lending,FACE_TO_FACE,0,0,0,0.16,0.26
CUST-000056,designed_low,INDIVIDUAL,US,,lending,FACE_TO_FACE,0,0,0,0.06,0.02
CUST-000057,designed_medium,SMB,DE,MM,wire,FACE_TO_FACE,0,0,0,0.46,0.38
CUST-000058,designed_medium,SMB,CA,AE,wire|trade_finance,REMOTE,0,0,0,0.33,0.6
CUST-000059,designed_low,INDIVIDUAL,NL,,retail_deposit,FACE_TO_FACE,0,0,0,0.14,0.0
CUST-000060,hard_high,INDIVIDUAL,US,,crypto,REMOTE,0,1,0,0.39,0.77
CUST-000061,designed_medium,TRUST,CA,PA,private_banking,REMOTE,0,0,0,0.32,0.39
CUST-000062,designed_low,SMB,DE,,lending,FACE_TO_FACE,0,0,0,0.14,0.27
CUST-000063,designed_medium,SMB,US,AE,wire|trade_finance,FACE_TO_FACE,0,0,0,0.33,0.47
CUST-000064,designed_medium,SMB,US,,private_banking,FACE_TO_FACE,0,0,0,0.4,0.39
CUST-000065,designed_medium,TRUST,NL,,wire|trade_finance,FACE_TO_FACE,0,0,0,0.44,0.34
CUST-000066,designed_low,SMB,GB,,retail_deposit,FACE_TO_FACE,0,0,0,0.09,0.27
CUST-000067,designed_medium,TRUST,DE,MM,private_banking,FACE_TO_FACE,0,0,0,0.24,0.51
CUST-000068,designed_high,MSB,US,RU,correspondent,REMOTE,0,0,0,0.74,0.84
CUST-000069,designed_low,INDIVIDUAL,CA,,lending,FACE_TO_FACE,0,0,0,0.03,0.14
CUST-000070,designed_low,SMB,US,,retail_deposit|lending,FACE_TO_FACE,0,0,0,0.16,0.27
CUST-000071,designed_low,SMB,AU,,retail_deposit|lending,FACE_TO_FACE,0,0,0,0.17,0.14
CUST-000072,designed_medium,TRUST,NL,,wire|trade_finance,REMOTE,0,0,0,0.22,0.39
CUST-000073,designed_low,SMB,GB,,retail_deposit,FACE_TO_FACE,0,0,0,0.03,0.07
CUST-000074,designed_medium,TRUST,AU,AE,private_banking,REMOTE,0,0,0,0.36,0.42
CUST-000075,designed_low,SMB,US,,retail_deposit|lending,FACE_TO_FACE,0,0,0,0.19,0.01
CUST-000076,designed_high,TRUST,US,MM,crypto,REMOTE,0,0,0,0.78,0.7
CUST-000077,designed_low,SMB,GB,,retail_deposit|lending,FACE_TO_FACE,0,0,0,0.15,0.24
CUST-000078,designed_high,NBFI,AU,PA,crypto|wire,REMOTE,0,0,0,0.65,0.74
CUST-000079,designed_medium,SMB,DE,RU,trade_finance,FACE_TO_FACE,0,0,0,0.47,0.48
CUST-000080,designed_medium,CORPORATE,DE,,private_banking,FACE_TO_FACE,0,0,0,0.22,0.41
CUST-000081,designed_low,SMB,NL,,lending,FACE_TO_FACE,0,0,0,0.06,0.29
CUST-000082,designed_low,INDIVIDUAL,US,,retail_deposit,FACE_TO_FACE,0,0,0,0.15,0.02
CUST-000083,hard_high,MSB,US,,wire,FACE_TO_FACE,0,0,1,0.68,0.77
CUST-000084,designed_high,TRUST,AU,RU,correspondent,REMOTE,0,0,0,0.64,0.64
CUST-000085,hard_high,SHELL,US,KP,private_banking,REMOTE,0,0,0,0.15,0.56
CUST-000086,hard_high,SHELL,US,,wire,REMOTE,0,0,0,0.76,0.74
CUST-000087,designed_medium,CORPORATE,GB,,wire|trade_finance,FACE_TO_FACE,0,0,0,0.44,0.47
CUST-000088,designed_low,SMB,DE,,lending,FACE_TO_FACE,0,0,0,0.01,0.19
CUST-000089,designed_low,SMB,US,,retail_deposit,FACE_TO_FACE,0,0,0,0.09,0.11
CUST-000090,designed_high,NBFI,DE,RU,crypto|wire,REMOTE,0,0,0,0.55,0.78
CUST-000091,designed_medium,TRUST,GB,MM,private_banking,REMOTE,0,0,0,0.3,0.37
CUST-000092,hard_high,SHELL,US,,trade_finance,FACE_TO_FACE,0,0,0,0.73,0.54
CUST-000093,designed_low,SMB,AU,,lending,FACE_TO_FACE,0,0,0,0.04,0.24
CUST-000094,designed_low,SMB,GB,,retail_deposit,FACE_TO_FACE,0,0,0,0.1,0.06
CUST-000095,designed_low,SMB,US,,retail_deposit|lending,FACE_TO_FACE,0,0,0,0.15,0.21
CUST-000096,designed_medium,SMB,US,,wire|trade_finance,FACE_TO_FACE,0,0,0,0.32,0.37
CUST-000097,designed_medium,SMB,US,PA,wire|trade_finance,REMOTE,0,0,0,0.41,0.38
CUST-000098,designed_low,INDIVIDUAL,DE,,retail_deposit,FACE_TO_FACE,0,0,0,0.06,0.22
CUST-000099,hard_high,MSB,US,,crypto,FACE_TO_FACE,1,0,0,0.66,0.37
CUST-000100,hard_high,INDIVIDUAL,US,,private_banking,FACE_TO_FACE,0,1,0,0.75,0.38
CUST-000101,designed_low,INDIVIDUAL,DE,,retail_deposit|lending,FACE_TO_FACE,0,0,0,0.03,0.01
CUST-000102,designed_low,SMB,DE,,retail_deposit,FACE_TO_FACE,0,0,0,0.13,0.23
CUST-000103,designed_low,INDIVIDUAL,GB,,lending,FACE_TO_FACE,0,0,0,0.09,0.13
CUST-000104,designed_low,INDIVIDUAL,NL,,lending,FACE_TO_FACE,0,0,0,0.02,0.02
CUST-000105,designed_low,INDIVIDUAL,AU,,retail_deposit,FACE_TO_FACE,0,0,0,0.16,0.28
CUST-000106,designed_low,INDIVIDUAL,CA,,retail_deposit|lending,FACE_TO_FACE,0,0,0,0.15,0.18
CUST-000107,designed_medium,CORPORATE,GB,MM,private_banking,REMOTE,0,0,0,0.46,0.6
CUST-000108,designed_low,INDIVIDUAL,GB,,retail_deposit|lending,FACE_TO_FACE,0,0,0,0.02,0.23
CUST-000109,designed_medium,SMB,DE,,trade_finance,FACE_TO_FACE,0,0,0,0.37,0.35
CUST-000110,designed_low,SMB,NL,,retail_deposit,FACE_TO_FACE,0,0,0,0.05,0.21
CUST-000111,designed_medium,SMB,CA,RU,trade_finance,REMOTE,0,0,0,0.23,0.37
CUST-000112,designed_low,SMB,AU,,retail_deposit,FACE_TO_FACE,0,0,0,0.01,0.24
CUST-000113,designed_medium,TRUST,NL,,private_banking,REMOTE,0,0,0,0.41,0.58
CUST-000114,designed_low,SMB,US,,retail_deposit,FACE_TO_FACE,0,0,0,0.12,0.27
CUST-000115,designed_medium,TRUST,NL,,trade_finance,FACE_TO_FACE,0,0,0,0.5,0.5
CUST-000116,designed_low,INDIVIDUAL,AU,,lending,FACE_TO_FACE,0,0,0,0.1,0.13
CUST-000117,designed_low,SMB,DE,,lending,FACE_TO_FACE,0,0,0,0.19,0.14
CUST-000118,designed_low,SMB,DE,,retail_deposit,FACE_TO_FACE,0,0,0,0.17,0.1
CUST-000119,designed_medium,SMB,DE,,private_banking,FACE_TO_FACE,0,0,0,0.29,0.4
CUST-000120,hard_high,SHELL,US,,wire,REMOTE,0,1,0,0.37,0.31
CUST-000121,designed_medium,SMB,DE,,trade_finance,REMOTE,0,0,0,0.36,0.58
CUST-000122,designed_low,SMB,CA,,retail_deposit,FACE_TO_FACE,0,0,0,0.19,0.18
CUST-000123,designed_low,INDIVIDUAL,NL,,retail_deposit|lending,FACE_TO_FACE,0,0,0,0.0,0.12
CUST-000124,designed_low,INDIVIDUAL,US,,retail_deposit,FACE_TO_FACE,0,0,0,0.13,0.05
CUST-000125,hard_high,NBFI,US,,private_banking,REMOTE,0,0,1,0.75,0.79
CUST-000126,designed_low,INDIVIDUAL,US,,retail_deposit,FACE_TO_FACE,0,0,0,0.18,0.15
CUST-000127,designed_high,MSB,NL,MM,cash,REMOTE,0,0,0,0.78,0.78
CUST-000128,designed_high,NBFI,DE,PA,crypto|wire,REMOTE,0,0,0,0.76,0.76
CUST-000129,designed_low,SMB,GB,,retail_deposit|lending,FACE_TO_FACE,0,0,0,0.08,0.28
CUST-000130,designed_high,TRUST,AU,MM,correspondent,REMOTE,0,0,0,0.76,0.74
CUST-000131,designed_low,SMB,DE,,lending,FACE_TO_FACE,0,0,0,0.08,0.2
CUST-000132,designed_high,MSB,US,AE,correspondent,REMOTE,0,0,0,0.65,0.81
CUST-000133,designed_high,NBFI,CA,MM,crypto,REMOTE,0,0,0,0.72,0.74
CUST-000134,designed_medium,CORPORATE,CA,MM,wire|trade_finance,REMOTE,0,0,0,0.39,0.56
CUST-000135,designed_high,TRUST,US,PA,crypto|wire,REMOTE,0,0,0,0.76,0.61
CUST-000136,designed_low,SMB,AU,,retail_deposit|lending,FACE_TO_FACE,0,0,0,0.02,0.29
CUST-000137,designed_medium,TRUST,CA,,wire|trade_finance,FACE_TO_FACE,0,0,0,0.21,0.54
CUST-000138,designed_low,SMB,US,,retail_deposit,FACE_TO_FACE,0,0,0,0.05,0.12
CUST-000139,designed_medium,CORPORATE,AU,,private_banking,FACE_TO_FACE,0,0,0,0.35,0.47
CUST-000140,designed_low,SMB,US,,lending,FACE_TO_FACE,0,0,0,0.13,0.27
CUST-000141,designed_low,SMB,DE,,retail_deposit|lending,FACE_TO_FACE,0,0,0,0.03,0.13
CUST-000142,designed_low,SMB,DE,,lending,FACE_TO_FACE,0,0,0,0.14,0.14
CUST-000143,designed_low,SMB,US,,retail_deposit,FACE_TO_FACE,0,0,0,0.05,0.17
CUST-000144,designed_medium,TRUST,NL,AE,wire|trade_finance,FACE_TO_FACE,0,0,0,0.37,0.51
CUST-000145,designed_medium,CORPORATE,GB,MM,trade_finance,REMOTE,0,0,0,0.27,0.36
CUST-000146,designed_low,INDIVIDUAL,DE,,retail_deposit,FACE_TO_FACE,0,0,0,0.18,0.19
CUST-000147,designed_low,SMB,CA,,retail_deposit|lending,FACE_TO_FACE,0,0,0,0.07,0.04
CUST-000148,designed_high,NBFI,DE,MM,correspondent,REMOTE,0,0,0,0.56,0.88
CUST-000149,designed_high,NBFI,GB,PA,correspondent,REMOTE,0,0,0,0.58,0.89
CUST-000150,designed_low,SMB,DE,,lending,FACE_TO_FACE,0,0,0,0.16,0.14
CUST-000151,designed_low,INDIVIDUAL,DE,,retail_deposit|lending,FACE_TO_FACE,0,0,0,0.13,0.12
CUST-000152,designed_high,TRUST,NL,AE,crypto|wire,REMOTE,0,0,0,0.5,0.79
CUST-000153,designed_low,SMB,GB,,lending,FACE_TO_FACE,0,0,0,0.16,0.28
CUST-000154,designed_low,INDIVIDUAL,US,,retail_deposit,FACE_TO_FACE,0,0,0,0.12,0.28
CUST-000155,designed_low,INDIVIDUAL,DE,,retail_deposit,FACE_TO_FACE,0,0,0,0.13,0.14
CUST-000156,designed_medium,TRUST,US,,wire,FACE_TO_FACE,0,0,0,0.29,0.45
CUST-000157,designed_low,INDIVIDUAL,US,,lending,FACE_TO_FACE,0,0,0,0.07,0.28
CUST-000158,designed_medium,TRUST,US,RU,wire,REMOTE,0,0,0,0.38,0.58
CUST-000159,designed_low,SMB,AU,,lending,FACE_TO_FACE,0,0,0,0.09,0.07
CUST-000160,designed_low,SMB,GB,,retail_deposit|lending,FACE_TO_FACE,0,0,0,0.07,0.12
CUST-000161,designed_low,INDIVIDUAL,US,,retail_deposit,FACE_TO_FACE,0,0,0,0.13,0.19
CUST-000162,designed_medium,CORPORATE,CA,,trade_finance,FACE_TO_FACE,0,0,0,0.22,0.53
CUST-000163,designed_low,INDIVIDUAL,AU,,lending,FACE_TO_FACE,0,0,0,0.15,0.24
CUST-000164,designed_medium,SMB,AU,RU,trade_finance,FACE_TO_FACE,0,0,0,0.4,0.31
CUST-000165,designed_low,INDIVIDUAL,GB,,lending,FACE_TO_FACE,0,0,0,0.0,0.08
CUST-000166,designed_low,SMB,GB,,retail_deposit,FACE_TO_FACE,0,0,0,0.15,0.14
CUST-000167,designed_medium,TRUST,GB,AE,trade_finance,FACE_TO_FACE,0,0,0,0.42,0.57
CUST-000168,designed_medium,SMB,US,,private_banking,REMOTE,0,0,0,0.33,0.33
CUST-000169,designed_medium,SMB,CA,AE,trade_finance,FACE_TO_FACE,0,0,0,0.24,0.49
CUST-000170,designed_medium,TRUST,NL,MM,private_banking,REMOTE,0,0,0,0.23,0.51
CUST-000171,designed_high,TRUST,GB,RU,crypto|wire,REMOTE,0,0,0,0.64,0.68
CUST-000172,designed_low,SMB,US,,lending,FACE_TO_FACE,0,0,0,0.15,0.09
CUST-000173,designed_low,SMB,NL,,retail_deposit,FACE_TO_FACE,0,0,0,0.14,0.14
CUST-000174,designed_low,INDIVIDUAL,CA,,lending,FACE_TO_FACE,0,0,0,0.02,0.22
CUST-000175,designed_high,TRUST,CA,PA,crypto,REMOTE,0,0,0,0.62,0.91
CUST-000176,hard_high,SHELL,US,,wire,REMOTE,1,0,0,0.54,0.41
CUST-000177,designed_low,INDIVIDUAL,DE,,lending,FACE_TO_FACE,0,0,0,0.04,0.03
CUST-000178,designed_high,NBFI,CA,PA,correspondent,REMOTE,0,0,0,0.74,0.9
CUST-000179,hard_high,INDIVIDUAL,US,,wire,REMOTE,0,1,0,0.03,0.36
CUST-000180,hard_high,SHELL,US,,wire,FACE_TO_FACE,0,0,0,0.63,0.54
CUST-000181,designed_medium,CORPORATE,CA,RU,private_banking,REMOTE,0,0,0,0.3,0.41
CUST-000182,designed_medium,TRUST,GB,,trade_finance,FACE_TO_FACE,0,0,0,0.43,0.31
CUST-000183,designed_low,SMB,DE,,lending,FACE_TO_FACE,0,0,0,0.1,0.13
CUST-000184,designed_low,INDIVIDUAL,NL,,lending,FACE_TO_FACE,0,0,0,0.02,0.2
CUST-000185,designed_medium,TRUST,DE,,trade_finance,REMOTE,0,0,0,0.5,0.32
CUST-000186,designed_low,INDIVIDUAL,AU,,lending,FACE_TO_FACE,0,0,0,0.06,0.04
CUST-000187,designed_low,SMB,AU,,retail_deposit,FACE_TO_FACE,0,0,0,0.08,0.21
CUST-000188,designed_low,SMB,CA,,lending,FACE_TO_FACE,0,0,0,0.17,0.01
CUST-000189,designed_low,INDIVIDUAL,NL,,retail_deposit|lending,FACE_TO_FACE,0,0,0,0.09,0.12
CUST-000190,designed_medium,SMB,CA,,wire|trade_finance,FACE_TO_FACE,0,0,0,0.44,0.49
CUST-000191,designed_high,NBFI,CA,MM,crypto,REMOTE,0,0,0,0.57,0.81
CUST-000192,designed_low,SMB,NL,,retail_deposit|lending,FACE_TO_FACE,0,0,0,0.07,0.1
CUST-000193,designed_low,INDIVIDUAL,GB,,retail_deposit|lending,FACE_TO_FACE,0,0,0,0.04,0.23
CUST-000194,designed_low,INDIVIDUAL,AU,,retail_deposit,FACE_TO_FACE,0,0,0,0.03,0.06
CUST-000195,designed_medium,TRUST,CA,RU,private_banking,REMOTE,0,0,0,0.4,0.56
CUST-000196,designed_medium,TRUST,NL,,private_banking,FACE_TO_FACE,0,0,0,0.34,0.49
CUST-000197,designed_medium,TRUST,CA,,wire|trade_finance,REMOTE,0,0,0,0.34,0.32
CUST-000198,designed_high,MSB,DE,AE,crypto|wire,REMOTE,0,0,0,0.64,0.79
CUST-000199,designed_medium,CORPORATE,US,RU,private_banking,FACE_TO_FACE,0,0,0,0.49,0.44
CUST-000200,designed_high,NBFI,DE,AE,correspondent,REMOTE,0,0,0,0.51,0.85
CUST-000201,hard_high,SHELL,US,,crypto,REMOTE,0,0,0,0.91,0.37
CUST-000202,designed_medium,CORPORATE,DE,,wire|trade_finance,FACE_TO_FACE,0,0,0,0.37,0.42
CUST-000203,designed_low,INDIVIDUAL,NL,,retail_deposit,FACE_TO_FACE,0,0,0,0.12,0.04
CUST-000204,designed_low,SMB,AU,,retail_deposit|lending,FACE_TO_FACE,0,0,0,0.14,0.03
CUST-000205,designed_medium,TRUST,NL,,private_banking,REMOTE,0,0,0,0.21,0.39
CUST-000206,hard_high,NBFI,US,SY,trade_finance,FACE_TO_FACE,0,0,0,0.2,0.28
CUST-000207,designed_high,MSB,GB,AE,cash,REMOTE,0,0,0,0.76,0.82
CUST-000208,designed_medium,CORPORATE,AU,,private_banking,FACE_TO_FACE,0,0,0,0.32,0.5
CUST-000209,designed_low,SMB,GB,,lending,FACE_TO_FACE,0,0,0,0.15,0.24
CUST-000210,designed_low,INDIVIDUAL,NL,,lending,FACE_TO_FACE,0,0,0,0.18,0.06
CUST-000211,designed_medium,TRUST,US,MM,private_banking,REMOTE,0,0,0,0.49,0.55
CUST-000212,designed_high,MSB,NL,AE,crypto|wire,REMOTE,0,0,0,0.76,0.79
CUST-000213,designed_low,INDIVIDUAL,NL,,retail_deposit,FACE_TO_FACE,0,0,0,0.15,0.08
CUST-000214,designed_high,MSB,US,AE,correspondent,REMOTE,0,0,0,0.75,0.91
CUST-000215,hard_high,SHELL,US,SY,wire,REMOTE,0,0,0,0.45,0.34
CUST-000216,designed_low,SMB,CA,,retail_deposit|lending,FACE_TO_FACE,0,0,0,0.13,0.24
CUST-000217,designed_low,SMB,US,,retail_deposit|lending,FACE_TO_FACE,0,0,0,0.17,0.23
CUST-000218,designed_low,INDIVIDUAL,CA,,retail_deposit,FACE_TO_FACE,0,0,0,0.05,0.25
CUST-000219,designed_low,SMB,CA,,lending,FACE_TO_FACE,0,0,0,0.05,0.04
CUST-000220,designed_low,SMB,CA,,retail_deposit,FACE_TO_FACE,0,0,0,0.17,0.15
CUST-000221,designed_low,INDIVIDUAL,DE,,retail_deposit,FACE_TO_FACE,0,0,0,0.06,0.0
CUST-000222,designed_low,SMB,AU,,retail_deposit|lending,FACE_TO_FACE,0,0,0,0.13,0.16
CUST-000223,designed_low,INDIVIDUAL,US,,lending,FACE_TO_FACE,0,0,0,0.01,0.12
CUST-000224,designed_low,INDIVIDUAL,NL,,retail_deposit,FACE_TO_FACE,0,0,0,0.07,0.22
CUST-000225,designed_medium,TRUST,DE,,wire,REMOTE,0,0,0,0.36,0.54
CUST-000226,designed_low,SMB,DE,,lending,FACE_TO_FACE,0,0,0,0.13,0.24
CUST-000227,designed_low,SMB,CA,,lending,FACE_TO_FACE,0,0,0,0.04,0.24
CUST-000228,designed_high,NBFI,NL,MM,crypto|wire,REMOTE,0,0,0,0.58,0.86
CUST-000229,designed_low,SMB,CA,,retail_deposit|lending,FACE_TO_FACE,0,0,0,0.07,0.04
CUST-000230,designed_low,SMB,DE,,lending,FACE_TO_FACE,0,0,0,0.18,0.12
CUST-000231,hard_high,SHELL,US,AF,trade_finance,REMOTE,0,0,0,0.83,0.51
CUST-000232,designed_low,INDIVIDUAL,GB,,lending,FACE_TO_FACE,0,0,0,0.06,0.02
CUST-000233,designed_medium,SMB,US,,private_banking,REMOTE,0,0,0,0.33,0.52
CUST-000234,designed_high,TRUST,US,PA,crypto,REMOTE,0,0,0,0.52,0.82
CUST-000235,designed_low,INDIVIDUAL,CA,,retail_deposit,FACE_TO_FACE,0,0,0,0.17,0.2
CUST-000236,designed_low,INDIVIDUAL,CA,,retail_deposit,FACE_TO_FACE,0,0,0,0.16,0.11
CUST-000237,designed_low,INDIVIDUAL,GB,,retail_deposit,FACE_TO_FACE,0,0,0,0.14,0.28
CUST-000238,designed_low,INDIVIDUAL,GB,,retail_deposit,FACE_TO_FACE,0,0,0,0.11,0.12
CUST-000239,designed_medium,CORPORATE,CA,,private_banking,REMOTE,0,0,0,0.47,0.34
CUST-000240,designed_medium,TRUST,US,RU,private_banking,FACE_TO_FACE,0,0,0,0.24,0.56
CUST-000241,designed_low,SMB,CA,,retail_deposit|lending,FACE_TO_FACE,0,0,0,0.19,0.3
CUST-000242,designed_medium,TRUST,CA,PA,trade_finance,FACE_TO_FACE,0,0,0,0.44,0.45
CUST-000243,designed_low,INDIVIDUAL,AU,,retail_deposit,FACE_TO_FACE,0,0,0,0.16,0.01
CUST-000244,designed_medium,SMB,US,,wire,REMOTE,0,0,0,0.32,0.52
CUST-000245,designed_low,SMB,US,,retail_deposit|lending,FACE_TO_FACE,0,0,0,0.01,0.29
CUST-000246,designed_medium,SMB,US,,trade_finance,FACE_TO_FACE,0,0,0,0.33,0.57
CUST-000247,designed_low,INDIVIDUAL,GB,,retail_deposit,FACE_TO_FACE,0,0,0,0.06,0.05
CUST-000248,hard_high,MSB,US,,private_banking,REMOTE,1,0,0,0.76,0.35
CUST-000249,designed_low,SMB,GB,,retail_deposit|lending,FACE_TO_FACE,0,0,0,0.02,0.19
CUST-000250,designed_medium,TRUST,AU,RU,wire,FACE_TO_FACE,0,0,0,0.22,0.58
CUST-000251,designed_medium,SMB,DE,RU,wire,REMOTE,0,0,0,0.47,0.46
CUST-000252,designed_medium,SMB,US,RU,wire|trade_finance,REMOTE,0,0,0,0.22,0.32
CUST-000253,designed_low,SMB,US,,retail_deposit,FACE_TO_FACE,0,0,0,0.07,0.04
CUST-000254,designed_high,NBFI,DE,PA,crypto|wire,REMOTE,0,0,0,0.54,0.73
CUST-000255,designed_medium,SMB,AU,,wire|trade_finance,REMOTE,0,0,0,0.27,0.33
CUST-000256,designed_low,SMB,GB,,lending,FACE_TO_FACE,0,0,0,0.05,0.26
CUST-000257,designed_low,SMB,GB,,retail_deposit|lending,FACE_TO_FACE,0,0,0,0.06,0.23
CUST-000258,designed_low,SMB,US,,lending,FACE_TO_FACE,0,0,0,0.1,0.03
CUST-000259,designed_low,SMB,AU,,retail_deposit,FACE_TO_FACE,0,0,0,0.12,0.01
CUST-000260,designed_low,SMB,NL,,retail_deposit|lending,FACE_TO_FACE,0,0,0,0.0,0.03
CUST-000261,designed_low,SMB,DE,,lending,FACE_TO_FACE,0,0,0,0.15,0.11
CUST-000262,designed_low,INDIVIDUAL,NL,,retail_deposit|lending,FACE_TO_FACE,0,0,0,0.06,0.12
CUST-000263,designed_low,SMB,GB,,retail_deposit|lending,FACE_TO_FACE,0,0,0,0.12,0.04
CUST-000264,designed_low,SMB,NL,,retail_deposit|lending,FACE_TO_FACE,0,0,0,0.19,0.23
CUST-000265,designed_low,SMB,GB,,retail_deposit,FACE_TO_FACE,0,0,0,0.01,0.04
CUST-000266,designed_low,SMB,GB,,lending,FACE_TO_FACE,0,0,0,0.03,0.27
CUST-000267,designed_low,SMB,AU,,lending,FACE_TO_FACE,0,0,0,0.2,0.22
CUST-000268,designed_low,SMB,GB,,retail_deposit|lending,FACE_TO_FACE,0,0,0,0.11,0.21
CUST-000269,designed_low,INDIVIDUAL,NL,,lending,FACE_TO_FACE,0,0,0,0.13,0.29
CUST-000270,designed_medium,TRUST,DE,AE,wire|trade_finance,FACE_TO_FACE,0,0,0,0.42,0.48
CUST-000271,designed_low,SMB,AU,,retail_deposit|lending,FACE_TO_FACE,0,0,0,0.05,0.17
CUST-000272,designed_medium,CORPORATE,CA,MM,private_banking,FACE_TO_FACE,0,0,0,0.32,0.36
CUST-000273,designed_low,SMB,DE,,retail_deposit|lending,FACE_TO_FACE,0,0,0,0.01,0.04
CUST-000274,designed_low,SMB,DE,,lending,FACE_TO_FACE,0,0,0,0.11,0.09
CUST-000275,designed_low,SMB,GB,,lending,FACE_TO_FACE,0,0,0,0.14,0.26
CUST-000276,designed_medium,TRUST,NL,,trade_finance,REMOTE,0,0,0,0.37,0.37
CUST-000277,hard_high,SHELL,US,,private_banking,FACE_TO_FACE,0,0,0,0.74,0.49
CUST-000278,hard_high,SHELL,US,,private_banking,FACE_TO_FACE,0,0,0,0.93,0.53
CUST-000279,hard_high,MSB,US,,private_banking,FACE_TO_FACE,0,1,0,0.26,0.63
CUST-000280,hard_high,NBFI,US,,trade_finance,FACE_TO_FACE,1,0,0,0.18,0.52
CUST-000281,designed_medium,CORPORATE,CA,,wire,FACE_TO_FACE,0,0,0,0.39,0.32
CUST-000282,designed_low,SMB,CA,,retail_deposit|lending,FACE_TO_FACE,0,0,0,0.15,0.0
CUST-000283,designed_medium,CORPORATE,US,MM,trade_finance,REMOTE,0,0,0,0.3,0.49
CUST-000284,designed_high,MSB,DE,RU,crypto,REMOTE,0,0,0,0.77,0.66
CUST-000285,designed_high,MSB,CA,MM,crypto|wire,REMOTE,0,0,0,0.56,0.86
CUST-000286,designed_high,NBFI,CA,AE,cash,REMOTE,0,0,0,0.67,0.64
CUST-000287,hard_high,NBFI,US,,trade_finance,REMOTE,1,0,0,0.8,0.28
CUST-000288,designed_low,INDIVIDUAL,CA,,lending,FACE_TO_FACE,0,0,0,0.03,0.14
CUST-000289,designed_low,INDIVIDUAL,CA,,retail_deposit|lending,FACE_TO_FACE,0,0,0,0.07,0.09
CUST-000290,designed_medium,CORPORATE,AU,MM,wire|trade_finance,FACE_TO_FACE,0,0,0,0.32,0.33
CUST-000291,hard_high,SHELL,US,,private_banking,FACE_TO_FACE,0,0,0,0.9,0.43
CUST-000292,hard_high,NBFI,US,IR,wire,REMOTE,0,0,0,0.59,0.62
CUST-000293,designed_low,INDIVIDUAL,US,,retail_deposit|lending,FACE_TO_FACE,0,0,0,0.1,0.27
CUST-000294,designed_medium,SMB,DE,AE,wire|trade_finance,FACE_TO_FACE,0,0,0,0.27,0.34
CUST-000295,designed_low,SMB,US,,retail_deposit|lending,FACE_TO_FACE,0,0,0,0.11,0.14
CUST-000296,designed_low,INDIVIDUAL,AU,,retail_deposit|lending,FACE_TO_FACE,0,0,0,0.15,0.26
CUST-000297,designed_low,SMB,GB,,retail_deposit|lending,FACE_TO_FACE,0,0,0,0.07,0.28
CUST-000298,designed_low,INDIVIDUAL,GB,,retail_deposit|lending,FACE_TO_FACE,0,0,0,0.03,0.1
CUST-000299,designed_low,INDIVIDUAL,DE,,retail_deposit,FACE_TO_FACE,0,0,0,0.14,0.15
CUST-000300,designed_high,NBFI,CA,MM,correspondent,REMOTE,0,0,0,0.65,0.76
CUST-000301,designed_low,SMB,DE,,lending,FACE_TO_FACE,0,0,0,0.14,0.12
CUST-000302,designed_high,TRUST,AU,AE,crypto,REMOTE,0,0,0,0.63,0.85
CUST-000303,designed_low,INDIVIDUAL,CA,,lending,FACE_TO_FACE,0,0,0,0.01,0.12
CUST-000304,designed_medium,TRUST,DE,MM,private_banking,REMOTE,0,0,0,0.46,0.57
CUST-000305,designed_low,INDIVIDUAL,DE,,lending,FACE_TO_FACE,0,0,0,0.02,0.3
CUST-000306,designed_low,INDIVIDUAL,DE,,retail_deposit,FACE_TO_FACE,0,0,0,0.17,0.23
CUST-000307,hard_high,SHELL,US,,trade_finance,REMOTE,0,1,0,0.74,0.35
CUST-000308,designed_low,INDIVIDUAL,DE,,retail_deposit,FACE_TO_FACE,0,0,0,0.01,0.2
CUST-000309,designed_medium,CORPORATE,AU,,wire,FACE_TO_FACE,0,0,0,0.33,0.5
CUST-000310,designed_high,MSB,DE,AE,crypto|wire,REMOTE,0,0,0,0.63,0.79
CUST-000311,designed_medium,CORPORATE,AU,,wire|trade_finance,REMOTE,0,0,0,0.27,0.56
CUST-000312,hard_high,INDIVIDUAL,US,,crypto,REMOTE,1,0,0,0.27,0.24
CUST-000313,designed_high,MSB,DE,MM,crypto|wire,REMOTE,0,0,0,0.51,0.72
CUST-000314,designed_medium,SMB,GB,PA,private_banking,FACE_TO_FACE,0,0,0,0.29,0.36
CUST-000315,designed_low,INDIVIDUAL,AU,,lending,FACE_TO_FACE,0,0,0,0.17,0.04
CUST-000316,designed_low,INDIVIDUAL,GB,,lending,FACE_TO_FACE,0,0,0,0.19,0.17
CUST-000317,designed_low,INDIVIDUAL,NL,,retail_deposit,FACE_TO_FACE,0,0,0,0.07,0.02
CUST-000318,designed_low,SMB,CA,,retail_deposit|lending,FACE_TO_FACE,0,0,0,0.14,0.06
CUST-000319,designed_low,INDIVIDUAL,CA,,retail_deposit,FACE_TO_FACE,0,0,0,0.16,0.18
CUST-000320,designed_medium,CORPORATE,US,RU,wire|trade_finance,FACE_TO_FACE,0,0,0,0.26,0.36
CUST-000321,designed_medium,TRUST,US,,private_banking,FACE_TO_FACE,0,0,0,0.37,0.53
CUST-000322,designed_low,SMB,NL,,lending,FACE_TO_FACE,0,0,0,0.07,0.26
CUST-000323,designed_low,SMB,NL,,retail_deposit,FACE_TO_FACE,0,0,0,0.07,0.12
CUST-000324,designed_medium,CORPORATE,DE,,wire|trade_finance,REMOTE,0,0,0,0.29,0.36
CUST-000325,designed_low,INDIVIDUAL,US,,retail_deposit|lending,FACE_TO_FACE,0,0,0,0.13,0.21
CUST-000326,designed_low,SMB,DE,,retail_deposit|lending,FACE_TO_FACE,0,0,0,0.15,0.14
CUST-000327,designed_medium,SMB,AU,RU,trade_finance,FACE_TO_FACE,0,0,0,0.36,0.55
CUST-000328,designed_low,INDIVIDUAL,CA,,lending,FACE_TO_FACE,0,0,0,0.03,0.19
CUST-000329,designed_low,INDIVIDUAL,CA,,retail_deposit,FACE_TO_FACE,0,0,0,0.1,0.11
CUST-000330,designed_medium,TRUST,GB,MM,wire,FACE_TO_FACE,0,0,0,0.36,0.42
CUST-000331,designed_low,SMB,GB,,lending,FACE_TO_FACE,0,0,0,0.0,0.24
CUST-000332,designed_medium,CORPORATE,CA,,trade_finance,FACE_TO_FACE,0,0,0,0.39,0.38
CUST-000333,designed_low,SMB,CA,,lending,FACE_TO_FACE,0,0,0,0.19,0.14
CUST-000334,designed_low,INDIVIDUAL,NL,,retail_deposit|lending,FACE_TO_FACE,0,0,0,0.17,0.02
CUST-000335,hard_high,CORPORATE,US,IR,wire,REMOTE,0,0,0,0.34,0.53
CUST-000336,designed_medium,CORPORATE,US,MM,wire,FACE_TO_FACE,0,0,0,0.27,0.57
CUST-000337,designed_medium,TRUST,US,,wire,REMOTE,0,0,0,0.47,0.47
CUST-000338,designed_low,SMB,CA,,retail_deposit,FACE_TO_FACE,0,0,0,0.12,0.23
CUST-000339,designed_medium,SMB,CA,,trade_finance,REMOTE,0,0,0,0.4,0.46
CUST-000340,designed_low,INDIVIDUAL,DE,,retail_deposit|lending,FACE_TO_FACE,0,0,0,0.02,0.22
CUST-000341,designed_low,INDIVIDUAL,US,,retail_deposit,FACE_TO_FACE,0,0,0,0.17,0.1
CUST-000342,designed_medium,TRUST,US,,wire|trade_finance,REMOTE,0,0,0,0.35,0.41
CUST-000343,hard_high,SHELL,US,,crypto,REMOTE,0,0,1,0.08,0.57
CUST-000344,designed_medium,CORPORATE,NL,RU,trade_finance,REMOTE,0,0,0,0.3,0.33
CUST-000345,designed_low,SMB,US,,lending,FACE_TO_FACE,0,0,0,0.15,0.03
CUST-000346,designed_low,SMB,US,,retail_deposit|lending,FACE_TO_FACE,0,0,0,0.11,0.12
CUST-000347,designed_low,SMB,GB,,retail_deposit,FACE_TO_FACE,0,0,0,0.12,0.24
CUST-000348,designed_high,MSB,NL,MM,crypto|wire,REMOTE,0,0,0,0.73,0.85
CUST-000349,designed_medium,CORPORATE,GB,RU,trade_finance,FACE_TO_FACE,0,0,0,0.28,0.38
CUST-000350,designed_low,INDIVIDUAL,US,,lending,FACE_TO_FACE,0,0,0,0.08,0.15
CUST-000351,designed_low,SMB,AU,,retail_deposit|lending,FACE_TO_FACE,0,0,0,0.13,0.18
CUST-000352,designed_low,INDIVIDUAL,AU,,lending,FACE_TO_FACE,0,0,0,0.0,0.12
CUST-000353,designed_high,NBFI,NL,MM,cash,REMOTE,0,0,0,0.63,0.89
CUST-000354,designed_medium,TRUST,AU,PA,trade_finance,REMOTE,0,0,0,0.29,0.59
CUST-000355,hard_high,SHELL,US,,trade_finance,FACE_TO_FACE,0,0,0,0.75,0.37
CUST-000356,hard_high,MSB,US,,crypto,FACE_TO_FACE,0,0,1,0.86,0.48
CUST-000357,designed_low,SMB,DE,,retail_deposit,FACE_TO_FACE,0,0,0,0.16,0.24
CUST-000358,designed_low,SMB,AU,,retail_deposit|lending,FACE_TO_FACE,0,0,0,0.06,0.08
CUST-000359,designed_low,SMB,US,,retail_deposit,FACE_TO_FACE,0,0,0,0.09,0.18
CUST-000360,designed_medium,TRUST,GB,,wire|trade_finance,FACE_TO_FACE,0,0,0,0.23,0.37
CUST-000361,designed_medium,CORPORATE,DE,AE,wire|trade_finance,REMOTE,0,0,0,0.23,0.33
CUST-000362,designed_low,INDIVIDUAL,US,,lending,FACE_TO_FACE,0,0,0,0.08,0.23
CUST-000363,designed_medium,TRUST,AU,,private_banking,FACE_TO_FACE,0,0,0,0.29,0.58
CUST-000364,designed_low,INDIVIDUAL,NL,,lending,FACE_TO_FACE,0,0,0,0.07,0.24
CUST-000365,designed_low,SMB,US,,retail_deposit,FACE_TO_FACE,0,0,0,0.09,0.21
CUST-000366,designed_low,SMB,CA,,retail_deposit|lending,FACE_TO_FACE,0,0,0,0.02,0.25
CUST-000367,designed_medium,TRUST,AU,,trade_finance,REMOTE,0,0,0,0.37,0.59
CUST-000368,designed_low,SMB,DE,,retail_deposit,FACE_TO_FACE,0,0,0,0.04,0.2
CUST-000369,designed_low,INDIVIDUAL,US,,retail_deposit|lending,FACE_TO_FACE,0,0,0,0.09,0.0
CUST-000370,designed_low,SMB,DE,,retail_deposit,FACE_TO_FACE,0,0,0,0.12,0.24
CUST-000371,designed_low,SMB,NL,,retail_deposit,FACE_TO_FACE,0,0,0,0.09,0.08
CUST-000372,designed_high,TRUST,DE,PA,crypto|wire,REMOTE,0,0,0,0.68,0.81
CUST-000373,designed_low,SMB,GB,,retail_deposit,FACE_TO_FACE,0,0,0,0.16,0.21
CUST-000374,designed_low,INDIVIDUAL,DE,,retail_deposit,FACE_TO_FACE,0,0,0,0.06,0.07
CUST-000375,designed_low,SMB,DE,,retail_deposit,FACE_TO_FACE,0,0,0,0.1,0.13
CUST-000376,designed_low,SMB,US,,retail_deposit,FACE_TO_FACE,0,0,0,0.1,0.16
CUST-000377,designed_high,MSB,GB,RU,crypto|wire,REMOTE,0,0,0,0.59,0.67
CUST-000378,designed_high,TRUST,CA,PA,crypto,REMOTE,0,0,0,0.65,0.67
CUST-000379,designed_low,SMB,US,,retail_deposit|lending,FACE_TO_FACE,0,0,0,0.1,0.21
CUST-000380,designed_low,INDIVIDUAL,CA,,retail_deposit|lending,FACE_TO_FACE,0,0,0,0.01,0.23
CUST-000381,designed_low,SMB,AU,,retail_deposit|lending,FACE_TO_FACE,0,0,0,0.06,0.23
CUST-000382,designed_medium,SMB,GB,,wire|trade_finance,REMOTE,0,0,0,0.36,0.53
CUST-000383,designed_medium,SMB,GB,RU,wire,FACE_TO_FACE,0,0,0,0.29,0.6
CUST-000384,designed_low,SMB,CA,,lending,FACE_TO_FACE,0,0,0,0.17,0.04
CUST-000385,designed_high,MSB,DE,PA,crypto|wire,REMOTE,0,0,0,0.55,0.65
CUST-000386,designed_low,INDIVIDUAL,CA,,retail_deposit|lending,FACE_TO_FACE,0,0,0,0.07,0.08
CUST-000387,designed_low,SMB,DE,,lending,FACE_TO_FACE,0,0,0,0.06,0.08
CUST-000388,designed_high,TRUST,CA,RU,crypto|wire,REMOTE,0,0,0,0.78,0.95
CUST-000389,designed_high,MSB,DE,RU,correspondent,REMOTE,0,0,0,0.54,0.71
CUST-000390,designed_low,SMB,US,,retail_deposit,FACE_TO_FACE,0,0,0,0.12,0.08
CUST-000391,designed_low,SMB,CA,,retail_deposit|lending,FACE_TO_FACE,0,0,0,0.16,0.23
CUST-000392,designed_low,SMB,DE,,lending,FACE_TO_FACE,0,0,0,0.09,0.15
CUST-000393,designed_medium,TRUST,CA,MM,wire,REMOTE,0,0,0,0.27,0.43
CUST-000394,designed_low,SMB,NL,,lending,FACE_TO_FACE,0,0,0,0.07,0.17
CUST-000395,designed_medium,SMB,NL,,wire,REMOTE,0,0,0,0.2,0.58
CUST-000396,designed_low,SMB,CA,,lending,FACE_TO_FACE,0,0,0,0.04,0.21
CUST-000397,designed_low,SMB,AU,,lending,FACE_TO_FACE,0,0,0,0.02,0.11
CUST-000398,designed_low,INDIVIDUAL,CA,,lending,FACE_TO_FACE,0,0,0,0.13,0.22
CUST-000399,designed_medium,SMB,DE,,wire,FACE_TO_FACE,0,0,0,0.34,0.34
CUST-000400,designed_low,SMB,CA,,retail_deposit,FACE_TO_FACE,0,0,0,0.14,0.25
CUST-000401,hard_high,SHELL,US,IR,crypto,REMOTE,0,0,0,0.06,0.43
CUST-000402,designed_low,SMB,AU,,lending,FACE_TO_FACE,0,0,0,0.15,0.23
CUST-000403,designed_low,INDIVIDUAL,CA,,retail_deposit|lending,FACE_TO_FACE,0,0,0,0.11,0.18
CUST-000404,designed_low,SMB,DE,,retail_deposit,FACE_TO_FACE,0,0,0,0.13,0.05
CUST-000405,designed_low,SMB,AU,,retail_deposit,FACE_TO_FACE,0,0,0,0.18,0.04
CUST-000406,designed_low,SMB,NL,,lending,FACE_TO_FACE,0,0,0,0.06,0.04
CUST-000407,designed_low,INDIVIDUAL,AU,,retail_deposit|lending,FACE_TO_FACE,0,0,0,0.12,0.22
CUST-000408,designed_low,INDIVIDUAL,DE,,lending,FACE_TO_FACE,0,0,0,0.04,0.18
CUST-000409,designed_low,SMB,NL,,retail_deposit|lending,FACE_TO_FACE,0,0,0,0.01,0.27
CUST-000410,hard_high,SHELL,US,IR,trade_finance,FACE_TO_FACE,0,0,0,0.22,0.58
CUST-000411,hard_high,NBFI,US,,crypto,REMOTE,0,1,0,0.77,0.54
CUST-000412,designed_low,INDIVIDUAL,US,,retail_deposit,FACE_TO_FACE,0,0,0,0.0,0.02
CUST-000413,designed_low,INDIVIDUAL,CA,,lending,FACE_TO_FACE,0,0,0,0.1,0.19
CUST-000414,designed_low,SMB,US,,retail_deposit|lending,FACE_TO_FACE,0,0,0,0.08,0.19
CUST-000415,designed_low,INDIVIDUAL,NL,,retail_deposit,FACE_TO_FACE,0,0,0,0.06,0.15
CUST-000416,designed_low,INDIVIDUAL,GB,,lending,FACE_TO_FACE,0,0,0,0.08,0.19
CUST-000417,designed_high,TRUST,DE,AE,cash,REMOTE,0,0,0,0.71,0.86
CUST-000418,designed_high,MSB,AU,AE,crypto|wire,REMOTE,0,0,0,0.53,0.81
CUST-000419,designed_low,INDIVIDUAL,CA,,retail_deposit,FACE_TO_FACE,0,0,0,0.14,0.21
CUST-000420,designed_low,SMB,GB,,retail_deposit|lending,FACE_TO_FACE,0,0,0,0.16,0.22
CUST-000421,designed_low,INDIVIDUAL,DE,,lending,FACE_TO_FACE,0,0,0,0.15,0.04
CUST-000422,designed_high,NBFI,US,PA,crypto,REMOTE,0,0,0,0.58,0.94
CUST-000423,designed_medium,SMB,US,,private_banking,FACE_TO_FACE,0,0,0,0.31,0.38
CUST-000424,designed_low,INDIVIDUAL,AU,,retail_deposit|lending,FACE_TO_FACE,0,0,0,0.1,0.01
CUST-000425,designed_high,MSB,CA,MM,cash,REMOTE,0,0,0,0.61,0.65
CUST-000426,hard_high,CORPORATE,US,,trade_finance,FACE_TO_FACE,0,1,0,0.29,0.45
CUST-000427,designed_low,INDIVIDUAL,GB,,lending,FACE_TO_FACE,0,0,0,0.02,0.2
CUST-000428,designed_low,INDIVIDUAL,GB,,retail_deposit,FACE_TO_FACE,0,0,0,0.19,0.02
CUST-000429,designed_low,SMB,NL,,lending,FACE_TO_FACE,0,0,0,0.02,0.14
CUST-000430,designed_low,SMB,GB,,lending,FACE_TO_FACE,0,0,0,0.15,0.07
CUST-000431,designed_low,SMB,AU,,retail_deposit|lending,FACE_TO_FACE,0,0,0,0.18,0.23
CUST-000432,designed_low,INDIVIDUAL,US,,retail_deposit,FACE_TO_FACE,0,0,0,0.05,0.1
CUST-000433,designed_high,MSB,NL,AE,crypto|wire,REMOTE,0,0,0,0.75,0.85
CUST-000434,designed_low,INDIVIDUAL,US,,lending,FACE_TO_FACE,0,0,0,0.19,0.29
CUST-000435,designed_low,SMB,CA,,retail_deposit,FACE_TO_FACE,0,0,0,0.18,0.27
CUST-000436,designed_low,SMB,US,,retail_deposit|lending,FACE_TO_FACE,0,0,0,0.02,0.03
CUST-000437,designed_low,SMB,CA,,retail_deposit|lending,FACE_TO_FACE,0,0,0,0.11,0.13
CUST-000438,hard_high,SHELL,US,,private_banking,REMOTE,0,0,0,0.88,0.76
CUST-000439,designed_medium,SMB,US,,wire,FACE_TO_FACE,0,0,0,0.24,0.53
CUST-000440,designed_low,INDIVIDUAL,AU,,lending,FACE_TO_FACE,0,0,0,0.09,0.12
CUST-000441,designed_low,INDIVIDUAL,US,,lending,FACE_TO_FACE,0,0,0,0.09,0.26
CUST-000442,designed_low,SMB,DE,,retail_deposit|lending,FACE_TO_FACE,0,0,0,0.12,0.06
CUST-000443,designed_high,MSB,CA,RU,cash,REMOTE,0,0,0,0.62,0.62
CUST-000444,designed_low,INDIVIDUAL,CA,,lending,FACE_TO_FACE,0,0,0,0.17,0.17
CUST-000445,designed_medium,CORPORATE,US,,wire,FACE_TO_FACE,0,0,0,0.22,0.53
CUST-000446,designed_low,INDIVIDUAL,US,,lending,FACE_TO_FACE,0,0,0,0.14,0.28
CUST-000447,designed_low,SMB,CA,,retail_deposit,FACE_TO_FACE,0,0,0,0.2,0.06
CUST-000448,designed_medium,CORPORATE,CA,,wire,REMOTE,0,0,0,0.22,0.58
CUST-000449,designed_low,SMB,US,,retail_deposit,FACE_TO_FACE,0,0,0,0.08,0.13
CUST-000450,designed_low,INDIVIDUAL,NL,,lending,FACE_TO_FACE,0,0,0,0.09,0.04
CUST-000451,designed_medium,TRUST,AU,PA,private_banking,REMOTE,0,0,0,0.22,0.38
CUST-000452,designed_low,INDIVIDUAL,DE,,retail_deposit|lending,FACE_TO_FACE,0,0,0,0.05,0.3
CUST-000453,designed_low,INDIVIDUAL,US,,retail_deposit|lending,FACE_TO_FACE,0,0,0,0.07,0.16
CUST-000454,designed_low,SMB,US,,lending,FACE_TO_FACE,0,0,0,0.04,0.1
CUST-000455,designed_low,SMB,CA,,lending,FACE_TO_FACE,0,0,0,0.11,0.23
CUST-000456,hard_high,MSB,US,KP,wire,FACE_TO_FACE,0,0,0,0.59,0.36
CUST-000457,designed_medium,SMB,NL,,trade_finance,REMOTE,0,0,0,0.44,0.51
CUST-000458,designed_high,MSB,DE,PA,correspondent,REMOTE,0,0,0,0.67,0.67
CUST-000459,hard_high,SHELL,US,,private_banking,FACE_TO_FACE,0,0,1,0.44,0.25
CUST-000460,designed_medium,CORPORATE,GB,,wire|trade_finance,FACE_TO_FACE,0,0,0,0.44,0.4
CUST-000461,designed_low,SMB,CA,,retail_deposit,FACE_TO_FACE,0,0,0,0.03,0.21
CUST-000462,designed_low,INDIVIDUAL,GB,,lending,FACE_TO_FACE,0,0,0,0.19,0.11
CUST-000463,hard_high,SHELL,US,,wire,REMOTE,0,0,1,0.27,0.28
CUST-000464,designed_medium,SMB,DE,MM,trade_finance,REMOTE,0,0,0,0.27,0.48
CUST-000465,designed_low,SMB,DE,,retail_deposit|lending,FACE_TO_FACE,0,0,0,0.06,0.05
CUST-000466,designed_low,SMB,GB,,retail_deposit,FACE_TO_FACE,0,0,0,0.04,0.1
CUST-000467,designed_high,TRUST,AU,AE,crypto|wire,REMOTE,0,0,0,0.54,0.86
CUST-000468,designed_low,SMB,AU,,retail_deposit|lending,FACE_TO_FACE,0,0,0,0.18,0.03
CUST-000469,designed_medium,TRUST,DE,PA,wire,REMOTE,0,0,0,0.26,0.51
CUST-000470,designed_low,INDIVIDUAL,DE,,retail_deposit,FACE_TO_FACE,0,0,0,0.01,0.13
CUST-000471,designed_low,INDIVIDUAL,US,,lending,FACE_TO_FACE,0,0,0,0.18,0.11
CUST-000472,designed_low,SMB,GB,,retail_deposit|lending,FACE_TO_FACE,0,0,0,0.15,0.07
CUST-000473,designed_low,INDIVIDUAL,NL,,retail_deposit,FACE_TO_FACE,0,0,0,0.06,0.29
CUST-000474,designed_low,INDIVIDUAL,US,,retail_deposit,FACE_TO_FACE,0,0,0,0.15,0.16
CUST-000475,designed_high,MSB,NL,MM,crypto,REMOTE,0,0,0,0.63,0.83
CUST-000476,designed_medium,SMB,AU,,wire|trade_finance,FACE_TO_FACE,0,0,0,0.49,0.42
CUST-000477,designed_medium,TRUST,GB,PA,wire|trade_finance,FACE_TO_FACE,0,0,0,0.23,0.42
CUST-000478,designed_low,SMB,AU,,retail_deposit,FACE_TO_FACE,0,0,0,0.07,0.13
CUST-000479,designed_low,SMB,AU,,retail_deposit,FACE_TO_FACE,0,0,0,0.01,0.05
CUST-000480,designed_low,INDIVIDUAL,US,,retail_deposit,FACE_TO_FACE,0,0,0,0.06,0.12
CUST-000481,designed_low,SMB,CA,,retail_deposit|lending,FACE_TO_FACE,0,0,0,0.11,0.06
CUST-000482,designed_high,NBFI,AU,MM,crypto,REMOTE,0,0,0,0.58,0.76
CUST-000483,designed_low,SMB,GB,,retail_deposit,FACE_TO_FACE,0,0,0,0.03,0.21
CUST-000484,designed_low,SMB,GB,,lending,FACE_TO_FACE,0,0,0,0.19,0.18
CUST-000485,designed_medium,SMB,GB,MM,trade_finance,REMOTE,0,0,0,0.29,0.42
CUST-000486,designed_high,MSB,GB,RU,crypto,REMOTE,0,0,0,0.78,0.76
CUST-000487,hard_high,SHELL,US,,crypto,FACE_TO_FACE,0,0,0,0.68,0.45
CUST-000488,designed_high,MSB,GB,PA,cash,REMOTE,0,0,0,0.77,0.92
CUST-000489,designed_low,SMB,GB,,lending,FACE_TO_FACE,0,0,0,0.11,0.26
CUST-000490,designed_low,INDIVIDUAL,DE,,retail_deposit|lending,FACE_TO_FACE,0,0,0,0.12,0.23
CUST-000491,designed_low,INDIVIDUAL,AU,,retail_deposit|lending,FACE_TO_FACE,0,0,0,0.12,0.23
CUST-000492,hard_high,SHELL,US,,wire,REMOTE,0,0,0,0.71,0.73
CUST-000493,designed_medium,TRUST,GB,,trade_finance,REMOTE,0,0,0,0.32,0.49
CUST-000494,designed_medium,SMB,CA,MM,trade_finance,FACE_TO_FACE,0,0,0,0.42,0.58
CUST-000495,designed_high,MSB,NL,PA,cash,REMOTE,0,0,0,0.58,0.77
CUST-000496,designed_medium,CORPORATE,AU,RU,private_banking,REMOTE,0,0,0,0.28,0.43
CUST-000497,designed_medium,CORPORATE,US,RU,private_banking,REMOTE,0,0,0,0.45,0.45
CUST-000498,designed_low,SMB,DE,,retail_deposit|lending,FACE_TO_FACE,0,0,0,0.08,0.23
CUST-000499,designed_low,INDIVIDUAL,AU,,retail_deposit,FACE_TO_FACE,0,0,0,0.18,0.06
CUST-000500,designed_low,INDIVIDUAL,US,,retail_deposit,FACE_TO_FACE,0,0,0,0.18,0.21
CUST-000501,designed_low,SMB,GB,,lending,FACE_TO_FACE,0,0,0,0.13,0.04
CUST-000502,designed_low,SMB,US,,retail_deposit|lending,FACE_TO_FACE,0,0,0,0.09,0.29
CUST-000503,designed_low,SMB,NL,,retail_deposit,FACE_TO_FACE,0,0,0,0.17,0.08
CUST-000504,designed_high,MSB,NL,AE,crypto|wire,REMOTE,0,0,0,0.51,0.9
CUST-000505,designed_medium,CORPORATE,AU,,wire|trade_finance,REMOTE,0,0,0,0.35,0.56
CUST-000506,hard_high,CORPORATE,US,KP,trade_finance,FACE_TO_FACE,0,0,0,0.58,0.56
CUST-000507,designed_low,SMB,DE,,retail_deposit|lending,FACE_TO_FACE,0,0,0,0.13,0.13
CUST-000508,designed_low,SMB,US,,lending,FACE_TO_FACE,0,0,0,0.04,0.09
CUST-000509,designed_low,SMB,GB,,retail_deposit,FACE_TO_FACE,0,0,0,0.0,0.3
CUST-000510,hard_high,NBFI,US,,private_banking,REMOTE,0,1,0,0.62,0.49
CUST-000511,hard_high,NBFI,US,,private_banking,REMOTE,0,1,0,0.59,0.77
CUST-000512,designed_low,INDIVIDUAL,CA,,retail_deposit|lending,FACE_TO_FACE,0,0,0,0.08,0.1
CUST-000513,designed_low,INDIVIDUAL,DE,,lending,FACE_TO_FACE,0,0,0,0.2,0.08
CUST-000514,designed_low,SMB,DE,,retail_deposit,FACE_TO_FACE,0,0,0,0.12,0.3
CUST-000515,designed_high,NBFI,DE,RU,crypto|wire,REMOTE,0,0,0,0.77,0.84
CUST-000516,designed_low,INDIVIDUAL,DE,,retail_deposit|lending,FACE_TO_FACE,0,0,0,0.04,0.03
CUST-000517,designed_low,SMB,DE,,retail_deposit|lending,FACE_TO_FACE,0,0,0,0.15,0.05
CUST-000518,designed_medium,SMB,DE,,wire|trade_finance,FACE_TO_FACE,0,0,0,0.42,0.39
CUST-000519,designed_medium,SMB,NL,PA,private_banking,FACE_TO_FACE,0,0,0,0.34,0.56
CUST-000520,designed_medium,TRUST,CA,,wire,REMOTE,0,0,0,0.36,0.42
CUST-000521,designed_high,MSB,AU,RU,cash,REMOTE,0,0,0,0.62,0.8
CUST-000522,designed_high,NBFI,AU,PA,correspondent,REMOTE,0,0,0,0.73,0.77
CUST-000523,designed_medium,CORPORATE,NL,,private_banking,REMOTE,0,0,0,0.26,0.53
CUST-000524,designed_medium,CORPORATE,US,,private_banking,REMOTE,0,0,0,0.32,0.59
CUST-000525,designed_low,INDIVIDUAL,GB,,retail_deposit,FACE_TO_FACE,0,0,0,0.15,0.29
CUST-000526,designed_high,TRUST,AU,AE,crypto,REMOTE,0,0,0,0.69,0.69
CUST-000527,designed_medium,SMB,NL,,private_banking,REMOTE,0,0,0,0.25,0.55
CUST-000528,designed_low,SMB,US,,retail_deposit|lending,FACE_TO_FACE,0,0,0,0.1,0.16
CUST-000529,designed_low,INDIVIDUAL,NL,,lending,FACE_TO_FACE,0,0,0,0.07,0.06
CUST-000530,hard_high,SHELL,US,,wire,FACE_TO_FACE,0,0,1,0.2,0.79
CUST-000531,designed_medium,TRUST,GB,,wire|trade_finance,FACE_TO_FACE,0,0,0,0.31,0.49
CUST-000532,designed_medium,TRUST,CA,,wire,FACE_TO_FACE,0,0,0,0.41,0.43
CUST-000533,designed_low,SMB,US,,retail_deposit|lending,FACE_TO_FACE,0,0,0,0.03,0.21
CUST-000534,designed_medium,SMB,US,AE,trade_finance,REMOTE,0,0,0,0.45,0.33
CUST-000535,designed_medium,CORPORATE,NL,,private_banking,FACE_TO_FACE,0,0,0,0.38,0.53
CUST-000536,designed_high,MSB,NL,MM,cash,REMOTE,0,0,0,0.55,0.79
CUST-000537,designed_high,TRUST,US,PA,correspondent,REMOTE,0,0,0,0.5,0.84
CUST-000538,designed_high,TRUST,DE,MM,correspondent,REMOTE,0,0,0,0.78,0.87
CUST-000539,designed_low,INDIVIDUAL,NL,,retail_deposit|lending,FACE_TO_FACE,0,0,0,0.05,0.3
CUST-000540,designed_low,SMB,CA,,retail_deposit,FACE_TO_FACE,0,0,0,0.16,0.26
CUST-000541,designed_high,NBFI,DE,PA,crypto|wire,REMOTE,0,0,0,0.72,0.63
CUST-000542,designed_medium,CORPORATE,CA,,wire|trade_finance,REMOTE,0,0,0,0.47,0.59
CUST-000543,designed_low,INDIVIDUAL,NL,,lending,FACE_TO_FACE,0,0,0,0.04,0.12
CUST-000544,hard_high,NBFI,US,,trade_finance,REMOTE,0,0,1,0.72,0.59
CUST-000545,designed_low,INDIVIDUAL,AU,,retail_deposit,FACE_TO_FACE,0,0,0,0.08,0.18
CUST-000546,designed_high,TRUST,US,RU,crypto|wire,REMOTE,0,0,0,0.73,0.81
CUST-000547,designed_high,TRUST,AU,MM,crypto|wire,REMOTE,0,0,0,0.53,0.74
CUST-000548,designed_low,SMB,DE,,lending,FACE_TO_FACE,0,0,0,0.0,0.26
CUST-000549,designed_low,INDIVIDUAL,DE,,lending,FACE_TO_FACE,0,0,0,0.1,0.21
CUST-000550,designed_medium,SMB,DE,RU,wire|trade_finance,REMOTE,0,0,0,0.24,0.55
CUST-000551,designed_high,TRUST,CA,AE,correspondent,REMOTE,0,0,0,0.65,0.76
CUST-000552,designed_low,INDIVIDUAL,CA,,lending,FACE_TO_FACE,0,0,0,0.06,0.1
CUST-000553,designed_low,INDIVIDUAL,GB,,retail_deposit|lending,FACE_TO_FACE,0,0,0,0.08,0.25
CUST-000554,designed_low,SMB,GB,,lending,FACE_TO_FACE,0,0,0,0.02,0.15
CUST-000555,designed_low,SMB,DE,,retail_deposit|lending,FACE_TO_FACE,0,0,0,0.0,0.12
CUST-000556,designed_low,INDIVIDUAL,CA,,retail_deposit|lending,FACE_TO_FACE,0,0,0,0.19,0.19
CUST-000557,designed_high,TRUST,AU,MM,cash,REMOTE,0,0,0,0.61,0.62
CUST-000558,designed_low,SMB,NL,,retail_deposit|lending,FACE_TO_FACE,0,0,0,0.15,0.18
CUST-000559,designed_medium,SMB,DE,,wire,FACE_TO_FACE,0,0,0,0.2,0.41
CUST-000560,designed_medium,SMB,GB,,wire,FACE_TO_FACE,0,0,0,0.35,0.55
CUST-000561,designed_medium,SMB,CA,,trade_finance,FACE_TO_FACE,0,0,0,0.48,0.42
CUST-000562,designed_low,INDIVIDUAL,DE,,lending,FACE_TO_FACE,0,0,0,0.02,0.12
CUST-000563,hard_high,INDIVIDUAL,US,,wire,REMOTE,1,0,0,0.41,0.55
CUST-000564,designed_low,SMB,CA,,retail_deposit|lending,FACE_TO_FACE,0,0,0,0.15,0.17
CUST-000565,designed_low,SMB,GB,,retail_deposit,FACE_TO_FACE,0,0,0,0.14,0.05
CUST-000566,designed_high,MSB,US,PA,crypto|wire,REMOTE,0,0,0,0.63,0.81
CUST-000567,designed_medium,CORPORATE,NL,MM,wire|trade_finance,REMOTE,0,0,0,0.44,0.34
CUST-000568,designed_medium,TRUST,GB,PA,trade_finance,FACE_TO_FACE,0,0,0,0.26,0.51
CUST-000569,designed_medium,TRUST,AU,RU,wire,REMOTE,0,0,0,0.37,0.47
CUST-000570,hard_high,SHELL,US,AF,private_banking,REMOTE,0,0,0,0.73,0.51
CUST-000571,designed_low,INDIVIDUAL,AU,,lending,FACE_TO_FACE,0,0,0,0.15,0.05
CUST-000572,designed_low,SMB,AU,,retail_deposit,FACE_TO_FACE,0,0,0,0.14,0.09
CUST-000573,designed_medium,CORPORATE,NL,,trade_finance,REMOTE,0,0,0,0.27,0.54
CUST-000574,designed_medium,SMB,DE,AE,private_banking,REMOTE,0,0,0,0.49,0.59
CUST-000575,designed_low,INDIVIDUAL,CA,,retail_deposit|lending,FACE_TO_FACE,0,0,0,0.05,0.19
CUST-000576,designed_medium,SMB,AU,,trade_finance,REMOTE,0,0,0,0.33,0.6
CUST-000577,designed_low,INDIVIDUAL,DE,,retail_deposit|lending,FACE_TO_FACE,0,0,0,0.02,0.01
CUST-000578,designed_low,SMB,AU,,retail_deposit,FACE_TO_FACE,0,0,0,0.12,0.08
CUST-000579,designed_low,INDIVIDUAL,CA,,retail_deposit,FACE_TO_FACE,0,0,0,0.19,0.18
CUST-000580,designed_medium,TRUST,GB,PA,wire|trade_finance,FACE_TO_FACE,0,0,0,0.44,0.4
CUST-000581,designed_low,INDIVIDUAL,GB,,retail_deposit,FACE_TO_FACE,0,0,0,0.16,0.05
CUST-000582,designed_low,SMB,CA,,lending,FACE_TO_FACE,0,0,0,0.04,0.06
CUST-000583,designed_low,SMB,NL,,retail_deposit,FACE_TO_FACE,0,0,0,0.19,0.19
CUST-000584,designed_low,INDIVIDUAL,CA,,retail_deposit|lending,FACE_TO_FACE,0,0,0,0.07,0.07
CUST-000585,designed_medium,TRUST,AU,AE,private_banking,FACE_TO_FACE,0,0,0,0.32,0.46
CUST-000586,designed_low,SMB,GB,,retail_deposit|lending,FACE_TO_FACE,0,0,0,0.09,0.01
CUST-000587,designed_high,MSB,NL,AE,crypto,REMOTE,0,0,0,0.55,0.93
CUST-000588,designed_low,INDIVIDUAL,DE,,retail_deposit,FACE_TO_FACE,0,0,0,0.04,0.19
CUST-000589,designed_low,SMB,CA,,retail_deposit,FACE_TO_FACE,0,0,0,0.11,0.21
CUST-000590,hard_high,SHELL,US,IR,wire,FACE_TO_FACE,0,0,0,0.02,0.63
CUST-000591,designed_low,INDIVIDUAL,NL,,retail_deposit|lending,FACE_TO_FACE,0,0,0,0.01,0.25
CUST-000592,designed_high,NBFI,US,MM,crypto|wire,REMOTE,0,0,0,0.63,0.61
CUST-000593,designed_medium,TRUST,CA,,wire,REMOTE,0,0,0,0.48,0.33
CUST-000594,designed_medium,SMB,GB,AE,private_banking,REMOTE,0,0,0,0.32,0.5
CUST-000595,designed_low,INDIVIDUAL,AU,,retail_deposit|lending,FACE_TO_FACE,0,0,0,0.08,0.24
CUST-000596,designed_low,INDIVIDUAL,NL,,retail_deposit|lending,FACE_TO_FACE,0,0,0,0.18,0.29
CUST-000597,designed_high,TRUST,NL,AE,correspondent,REMOTE,0,0,0,0.54,0.6
CUST-000598,designed_medium,TRUST,GB,AE,trade_finance,REMOTE,0,0,0,0.26,0.57
CUST-000599,designed_high,MSB,AU,RU,correspondent,REMOTE,0,0,0,0.69,0.69
CUST-000600,designed_low,INDIVIDUAL,GB,,lending,FACE_TO_FACE,0,0,0,0.13,0.02
CUST-000601,designed_medium,SMB,CA,RU,wire|trade_finance,REMOTE,0,0,0,0.24,0.5
CUST-000602,designed_low,INDIVIDUAL,AU,,lending,FACE_TO_FACE,0,0,0,0.1,0.1
CUST-000603,designed_medium,TRUST,GB,RU,wire|trade_finance,REMOTE,0,0,0,0.25,0.39
CUST-000604,designed_medium,TRUST,DE,MM,wire|trade_finance,FACE_TO_FACE,0,0,0,0.4,0.4
CUST-000605,designed_low,SMB,NL,,lending,FACE_TO_FACE,0,0,0,0.1,0.03
CUST-000606,designed_medium,CORPORATE,NL,,wire|trade_finance,FACE_TO_FACE,0,0,0,0.42,0.57
CUST-000607,designed_high,TRUST,CA,MM,correspondent,REMOTE,0,0,0,0.77,0.79
CUST-000608,designed_low,SMB,DE,,retail_deposit,FACE_TO_FACE,0,0,0,0.07,0.07
CUST-000609,designed_medium,TRUST,NL,RU,wire,REMOTE,0,0,0,0.31,0.3
CUST-000610,designed_low,INDIVIDUAL,GB,,retail_deposit,FACE_TO_FACE,0,0,0,0.09,0.05
CUST-000611,hard_high,MSB,US,,trade_finance,REMOTE,0,0,1,0.04,0.66
CUST-000612,designed_low,SMB,AU,,retail_deposit,FACE_TO_FACE,0,0,0,0.13,0.16
CUST-000613,designed_medium,SMB,US,,wire,REMOTE,0,0,0,0.23,0.59
CUST-000614,designed_medium,SMB,DE,,private_banking,REMOTE,0,0,0,0.31,0.5
CUST-000615,designed_high,TRUST,NL,MM,correspondent,REMOTE,0,0,0,0.65,0.72
CUST-000616,designed_high,NBFI,US,AE,correspondent,REMOTE,0,0,0,0.63,0.68
CUST-000617,designed_low,SMB,AU,,retail_deposit,FACE_TO_FACE,0,0,0,0.04,0.11
CUST-000618,designed_medium,CORPORATE,DE,RU,wire|trade_finance,FACE_TO_FACE,0,0,0,0.34,0.44
CUST-000619,designed_low,INDIVIDUAL,DE,,lending,FACE_TO_FACE,0,0,0,0.0,0.01
CUST-000620,designed_medium,CORPORATE,AU,,wire,FACE_TO_FACE,0,0,0,0.28,0.35
CUST-000621,hard_high,INDIVIDUAL,US,,wire,REMOTE,1,0,0,0.85,0.33
CUST-000622,hard_high,SHELL,US,,crypto,FACE_TO_FACE,1,0,0,0.75,0.56
CUST-000623,designed_high,MSB,GB,PA,correspondent,REMOTE,0,0,0,0.72,0.72
CUST-000624,designed_low,INDIVIDUAL,AU,,lending,FACE_TO_FACE,0,0,0,0.08,0.03
CUST-000625,designed_low,SMB,AU,,retail_deposit|lending,FACE_TO_FACE,0,0,0,0.02,0.14
CUST-000626,designed_medium,CORPORATE,GB,,private_banking,FACE_TO_FACE,0,0,0,0.47,0.46
CUST-000627,designed_low,SMB,GB,,lending,FACE_TO_FACE,0,0,0,0.07,0.01
CUST-000628,designed_low,INDIVIDUAL,US,,lending,FACE_TO_FACE,0,0,0,0.07,0.24
CUST-000629,designed_high,TRUST,GB,AE,crypto|wire,REMOTE,0,0,0,0.54,0.77
CUST-000630,designed_low,INDIVIDUAL,NL,,retail_deposit|lending,FACE_TO_FACE,0,0,0,0.18,0.12
CUST-000631,designed_low,INDIVIDUAL,GB,,retail_deposit|lending,FACE_TO_FACE,0,0,0,0.02,0.0
CUST-000632,designed_medium,TRUST,NL,MM,wire,FACE_TO_FACE,0,0,0,0.33,0.48
CUST-000633,designed_low,SMB,GB,,lending,FACE_TO_FACE,0,0,0,0.12,0.3
CUST-000634,designed_low,INDIVIDUAL,US,,retail_deposit|lending,FACE_TO_FACE,0,0,0,0.16,0.14
CUST-000635,designed_low,SMB,NL,,lending,FACE_TO_FACE,0,0,0,0.12,0.23
CUST-000636,designed_low,INDIVIDUAL,DE,,retail_deposit,FACE_TO_FACE,0,0,0,0.15,0.13
CUST-000637,designed_medium,CORPORATE,CA,RU,wire|trade_finance,FACE_TO_FACE,0,0,0,0.25,0.59
CUST-000638,designed_low,INDIVIDUAL,AU,,lending,FACE_TO_FACE,0,0,0,0.19,0.13
CUST-000639,designed_low,INDIVIDUAL,NL,,retail_deposit,FACE_TO_FACE,0,0,0,0.12,0.22
CUST-000640,hard_high,SHELL,US,,private_banking,FACE_TO_FACE,0,0,0,0.78,0.69
CUST-000641,designed_low,SMB,AU,,retail_deposit,FACE_TO_FACE,0,0,0,0.16,0.15
CUST-000642,designed_medium,TRUST,AU,AE,trade_finance,FACE_TO_FACE,0,0,0,0.49,0.33
CUST-000643,designed_low,SMB,NL,,retail_deposit|lending,FACE_TO_FACE,0,0,0,0.08,0.18
CUST-000644,designed_low,INDIVIDUAL,CA,,retail_deposit|lending,FACE_TO_FACE,0,0,0,0.06,0.25
CUST-000645,designed_high,NBFI,NL,PA,correspondent,REMOTE,0,0,0,0.68,0.67
CUST-000646,hard_high,INDIVIDUAL,US,,wire,REMOTE,1,0,0,0.16,0.5
CUST-000647,designed_low,SMB,NL,,retail_deposit,FACE_TO_FACE,0,0,0,0.16,0.29
CUST-000648,designed_high,TRUST,NL,MM,crypto|wire,REMOTE,0,0,0,0.67,0.87
CUST-000649,designed_medium,SMB,DE,,private_banking,FACE_TO_FACE,0,0,0,0.28,0.41
CUST-000650,designed_medium,CORPORATE,DE,RU,private_banking,REMOTE,0,0,0,0.35,0.3
CUST-000651,designed_high,MSB,NL,AE,crypto|wire,REMOTE,0,0,0,0.7,0.89
CUST-000652,designed_low,INDIVIDUAL,US,,lending,FACE_TO_FACE,0,0,0,0.07,0.27
CUST-000653,designed_low,INDIVIDUAL,US,,retail_deposit|lending,FACE_TO_FACE,0,0,0,0.04,0.22
CUST-000654,designed_high,MSB,AU,RU,correspondent,REMOTE,0,0,0,0.75,0.72
CUST-000655,designed_medium,CORPORATE,CA,,wire,REMOTE,0,0,0,0.31,0.39
CUST-000656,designed_high,TRUST,NL,MM,correspondent,REMOTE,0,0,0,0.8,0.92
CUST-000657,designed_low,INDIVIDUAL,GB,,retail_deposit,FACE_TO_FACE,0,0,0,0.01,0.24
CUST-000658,designed_low,INDIVIDUAL,GB,,lending,FACE_TO_FACE,0,0,0,0.08,0.21
CUST-000659,designed_low,INDIVIDUAL,DE,,retail_deposit|lending,FACE_TO_FACE,0,0,0,0.09,0.21
CUST-000660,designed_low,INDIVIDUAL,US,,retail_deposit|lending,FACE_TO_FACE,0,0,0,0.02,0.11
CUST-000661,designed_high,MSB,GB,PA,correspondent,REMOTE,0,0,0,0.58,0.94
CUST-000662,designed_low,INDIVIDUAL,US,,lending,FACE_TO_FACE,0,0,0,0.04,0.21
CUST-000663,designed_low,SMB,NL,,lending,FACE_TO_FACE,0,0,0,0.04,0.04
CUST-000664,designed_medium,CORPORATE,CA,,private_banking,REMOTE,0,0,0,0.26,0.54
CUST-000665,designed_medium,SMB,CA,RU,private_banking,FACE_TO_FACE,0,0,0,0.5,0.55
CUST-000666,designed_low,SMB,US,,lending,FACE_TO_FACE,0,0,0,0.05,0.26
CUST-000667,designed_low,INDIVIDUAL,DE,,retail_deposit,FACE_TO_FACE,0,0,0,0.01,0.24
CUST-000668,designed_low,INDIVIDUAL,US,,retail_deposit|lending,FACE_TO_FACE,0,0,0,0.07,0.11
CUST-000669,designed_medium,SMB,NL,AE,wire,REMOTE,0,0,0,0.46,0.59
CUST-000670,designed_low,INDIVIDUAL,NL,,lending,FACE_TO_FACE,0,0,0,0.07,0.15
CUST-000671,designed_medium,SMB,CA,MM,private_banking,FACE_TO_FACE,0,0,0,0.46,0.49
CUST-000672,hard_high,SHELL,US,,trade_finance,FACE_TO_FACE,0,1,0,0.07,0.41
CUST-000673,designed_low,SMB,DE,,lending,FACE_TO_FACE,0,0,0,0.12,0.12
CUST-000674,designed_high,NBFI,DE,MM,crypto|wire,REMOTE,0,0,0,0.55,0.9
CUST-000675,designed_low,INDIVIDUAL,DE,,lending,FACE_TO_FACE,0,0,0,0.19,0.21
CUST-000676,designed_low,INDIVIDUAL,US,,retail_deposit,FACE_TO_FACE,0,0,0,0.02,0.28
CUST-000677,designed_low,INDIVIDUAL,CA,,lending,FACE_TO_FACE,0,0,0,0.1,0.3
CUST-000678,designed_low,INDIVIDUAL,CA,,retail_deposit|lending,FACE_TO_FACE,0,0,0,0.19,0.12
CUST-000679,designed_low,SMB,US,,retail_deposit|lending,FACE_TO_FACE,0,0,0,0.03,0.16
CUST-000680,designed_low,INDIVIDUAL,DE,,lending,FACE_TO_FACE,0,0,0,0.17,0.1
CUST-000681,designed_low,SMB,GB,,lending,FACE_TO_FACE,0,0,0,0.03,0.28
CUST-000682,designed_low,SMB,DE,,retail_deposit|lending,FACE_TO_FACE,0,0,0,0.13,0.17
CUST-000683,designed_low,SMB,NL,,lending,FACE_TO_FACE,0,0,0,0.11,0.24
CUST-000684,designed_low,SMB,US,,lending,FACE_TO_FACE,0,0,0,0.03,0.0
CUST-000685,designed_low,INDIVIDUAL,NL,,lending,FACE_TO_FACE,0,0,0,0.09,0.0
CUST-000686,hard_high,SHELL,US,,private_banking,FACE_TO_FACE,1,0,0,0.69,0.68
CUST-000687,designed_low,INDIVIDUAL,GB,,lending,FACE_TO_FACE,0,0,0,0.04,0.26
CUST-000688,designed_low,INDIVIDUAL,AU,,retail_deposit|lending,FACE_TO_FACE,0,0,0,0.15,0.12
CUST-000689,designed_low,SMB,CA,,lending,FACE_TO_FACE,0,0,0,0.13,0.15
CUST-000690,designed_medium,TRUST,DE,PA,wire|trade_finance,REMOTE,0,0,0,0.26,0.32
CUST-000691,designed_low,INDIVIDUAL,DE,,lending,FACE_TO_FACE,0,0,0,0.12,0.08
CUST-000692,designed_medium,CORPORATE,NL,,wire,FACE_TO_FACE,0,0,0,0.26,0.33
CUST-000693,designed_low,SMB,DE,,retail_deposit,FACE_TO_FACE,0,0,0,0.05,0.05
CUST-000694,designed_low,SMB,US,,lending,FACE_TO_FACE,0,0,0,0.16,0.15
CUST-000695,designed_low,INDIVIDUAL,NL,,retail_deposit,FACE_TO_FACE,0,0,0,0.17,0.29
CUST-000696,designed_low,SMB,CA,,retail_deposit|lending,FACE_TO_FACE,0,0,0,0.09,0.06
CUST-000697,designed_high,NBFI,CA,AE,correspondent,REMOTE,0,0,0,0.62,0.94
CUST-000698,designed_low,INDIVIDUAL,AU,,lending,FACE_TO_FACE,0,0,0,0.15,0.03
CUST-000699,designed_medium,CORPORATE,US,MM,wire|trade_finance,FACE_TO_FACE,0,0,0,0.39,0.31
CUST-000700,hard_high,INDIVIDUAL,US,,wire,REMOTE,0,1,0,0.43,0.38
CUST-000701,designed_high,TRUST,AU,AE,correspondent,REMOTE,0,0,0,0.69,0.71
CUST-000702,designed_low,SMB,GB,,retail_deposit,FACE_TO_FACE,0,0,0,0.08,0.07
CUST-000703,hard_high,INDIVIDUAL,US,,trade_finance,FACE_TO_FACE,0,0,1,0.33,0.25
CUST-000704,designed_low,SMB,DE,,retail_deposit,FACE_TO_FACE,0,0,0,0.01,0.19
CUST-000705,designed_medium,CORPORATE,AU,,wire|trade_finance,REMOTE,0,0,0,0.44,0.43
CUST-000706,designed_low,SMB,NL,,retail_deposit|lending,FACE_TO_FACE,0,0,0,0.03,0.27
CUST-000707,designed_low,SMB,GB,,lending,FACE_TO_FACE,0,0,0,0.11,0.15
CUST-000708,designed_medium,TRUST,NL,PA,wire|trade_finance,FACE_TO_FACE,0,0,0,0.22,0.35
CUST-000709,designed_low,SMB,GB,,lending,FACE_TO_FACE,0,0,0,0.09,0.23
CUST-000710,designed_low,INDIVIDUAL,CA,,retail_deposit|lending,FACE_TO_FACE,0,0,0,0.17,0.23
CUST-000711,designed_low,INDIVIDUAL,DE,,retail_deposit|lending,FACE_TO_FACE,0,0,0,0.16,0.06
CUST-000712,designed_medium,TRUST,AU,PA,private_banking,REMOTE,0,0,0,0.23,0.46
CUST-000713,designed_low,INDIVIDUAL,AU,,retail_deposit,FACE_TO_FACE,0,0,0,0.04,0.15
CUST-000714,designed_low,SMB,DE,,lending,FACE_TO_FACE,0,0,0,0.11,0.21
CUST-000715,designed_low,SMB,AU,,retail_deposit|lending,FACE_TO_FACE,0,0,0,0.14,0.0
CUST-000716,hard_high,SHELL,US,,wire,REMOTE,1,0,0,0.72,0.24
CUST-000717,designed_medium,SMB,NL,AE,wire,FACE_TO_FACE,0,0,0,0.45,0.32
CUST-000718,designed_low,INDIVIDUAL,CA,,retail_deposit|lending,FACE_TO_FACE,0,0,0,0.05,0.12
CUST-000719,designed_low,INDIVIDUAL,GB,,retail_deposit|lending,FACE_TO_FACE,0,0,0,0.19,0.17
CUST-000720,designed_medium,TRUST,CA,PA,private_banking,FACE_TO_FACE,0,0,0,0.25,0.35
CUST-000721,designed_low,SMB,DE,,retail_deposit,FACE_TO_FACE,0,0,0,0.11,0.18
CUST-000722,hard_high,NBFI,US,,private_banking,REMOTE,0,1,0,0.37,0.58
CUST-000723,designed_medium,TRUST,GB,RU,wire|trade_finance,REMOTE,0,0,0,0.49,0.43
CUST-000724,designed_low,INDIVIDUAL,NL,,retail_deposit|lending,FACE_TO_FACE,0,0,0,0.0,0.04
CUST-000725,designed_high,MSB,NL,RU,correspondent,REMOTE,0,0,0,0.76,0.61
CUST-000726,designed_high,TRUST,NL,RU,crypto,REMOTE,0,0,0,0.51,0.72
CUST-000727,designed_low,SMB,GB,,retail_deposit,FACE_TO_FACE,0,0,0,0.05,0.24
CUST-000728,designed_low,SMB,GB,,retail_deposit,FACE_TO_FACE,0,0,0,0.15,0.22
CUST-000729,designed_medium,CORPORATE,US,AE,wire,REMOTE,0,0,0,0.22,0.32
CUST-000730,designed_medium,SMB,US,,trade_finance,FACE_TO_FACE,0,0,0,0.39,0.49
CUST-000731,designed_low,INDIVIDUAL,NL,,retail_deposit|lending,FACE_TO_FACE,0,0,0,0.11,0.1
CUST-000732,designed_medium,CORPORATE,CA,MM,wire,FACE_TO_FACE,0,0,0,0.33,0.54
CUST-000733,designed_low,SMB,CA,,lending,FACE_TO_FACE,0,0,0,0.11,0.01
CUST-000734,designed_low,INDIVIDUAL,US,,retail_deposit|lending,FACE_TO_FACE,0,0,0,0.09,0.21
CUST-000735,designed_medium,SMB,GB,RU,private_banking,FACE_TO_FACE,0,0,0,0.37,0.6
CUST-000736,designed_low,INDIVIDUAL,CA,,lending,FACE_TO_FACE,0,0,0,0.16,0.1
CUST-000737,hard_high,CORPORATE,US,,wire,REMOTE,0,1,0,0.38,0.41
CUST-000738,designed_low,INDIVIDUAL,NL,,retail_deposit,FACE_TO_FACE,0,0,0,0.2,0.18
CUST-000739,hard_high,SHELL,US,,crypto,REMOTE,0,0,1,0.04,0.69
CUST-000740,designed_medium,CORPORATE,DE,,wire,FACE_TO_FACE,0,0,0,0.48,0.58
CUST-000741,designed_high,NBFI,CA,PA,crypto,REMOTE,0,0,0,0.59,0.76
CUST-000742,designed_low,INDIVIDUAL,AU,,retail_deposit|lending,FACE_TO_FACE,0,0,0,0.1,0.08
CUST-000743,designed_low,INDIVIDUAL,DE,,retail_deposit|lending,FACE_TO_FACE,0,0,0,0.13,0.11
CUST-000744,designed_high,TRUST,CA,PA,correspondent,REMOTE,0,0,0,0.52,0.67
CUST-000745,designed_medium,SMB,CA,,wire,REMOTE,0,0,0,0.4,0.5
CUST-000746,designed_high,NBFI,CA,AE,cash,REMOTE,0,0,0,0.76,0.83
CUST-000747,designed_low,SMB,GB,,retail_deposit|lending,FACE_TO_FACE,0,0,0,0.02,0.09
CUST-000748,designed_high,TRUST,CA,RU,correspondent,REMOTE,0,0,0,0.65,0.76
CUST-000749,hard_high,SHELL,US,,wire,FACE_TO_FACE,0,0,0,0.76,0.38
CUST-000750,designed_low,SMB,DE,,lending,FACE_TO_FACE,0,0,0,0.07,0.09
CUST-000751,hard_high,INDIVIDUAL,US,SY,private_banking,FACE_TO_FACE,0,0,0,0.56,0.73
CUST-000752,designed_low,SMB,US,,retail_deposit|lending,FACE_TO_FACE,0,0,0,0.03,0.22
CUST-000753,designed_low,INDIVIDUAL,US,,retail_deposit,FACE_TO_FACE,0,0,0,0.11,0.13
CUST-000754,designed_low,SMB,US,,retail_deposit|lending,FACE_TO_FACE,0,0,0,0.03,0.2
CUST-000755,designed_medium,TRUST,AU,RU,trade_finance,REMOTE,0,0,0,0.5,0.59
CUST-000756,designed_low,INDIVIDUAL,NL,,retail_deposit,FACE_TO_FACE,0,0,0,0.11,0.28
CUST-000757,designed_low,SMB,AU,,retail_deposit|lending,FACE_TO_FACE,0,0,0,0.01,0.1
CUST-000758,hard_high,SHELL,US,,private_banking,REMOTE,0,1,0,0.67,0.69
CUST-000759,designed_low,INDIVIDUAL,CA,,retail_deposit,FACE_TO_FACE,0,0,0,0.04,0.23
CUST-000760,designed_medium,SMB,GB,,trade_finance,FACE_TO_FACE,0,0,0,0.31,0.51
CUST-000761,designed_low,SMB,DE,,retail_deposit|lending,FACE_TO_FACE,0,0,0,0.07,0.26
CUST-000762,designed_low,INDIVIDUAL,AU,,retail_deposit,FACE_TO_FACE,0,0,0,0.05,0.12
CUST-000763,hard_high,NBFI,US,,trade_finance,FACE_TO_FACE,0,0,1,0.67,0.79
CUST-000764,designed_low,SMB,GB,,lending,FACE_TO_FACE,0,0,0,0.14,0.26
CUST-000765,designed_high,NBFI,US,AE,crypto|wire,REMOTE,0,0,0,0.72,0.74
CUST-000766,hard_high,INDIVIDUAL,US,KP,wire,FACE_TO_FACE,0,0,0,0.41,0.7
CUST-000767,designed_low,SMB,DE,,retail_deposit,FACE_TO_FACE,0,0,0,0.11,0.15
CUST-000768,designed_medium,CORPORATE,AU,PA,private_banking,REMOTE,0,0,0,0.43,0.39
CUST-000769,designed_low,SMB,GB,,retail_deposit,FACE_TO_FACE,0,0,0,0.14,0.27
CUST-000770,designed_low,SMB,CA,,retail_deposit|lending,FACE_TO_FACE,0,0,0,0.1,0.05
CUST-000771,designed_medium,TRUST,GB,RU,private_banking,REMOTE,0,0,0,0.34,0.35
CUST-000772,designed_medium,TRUST,AU,,wire|trade_finance,REMOTE,0,0,0,0.41,0.57
CUST-000773,designed_medium,TRUST,DE,,wire,REMOTE,0,0,0,0.39,0.33
CUST-000774,designed_medium,TRUST,GB,RU,private_banking,FACE_TO_FACE,0,0,0,0.43,0.57
CUST-000775,designed_medium,TRUST,AU,,trade_finance,FACE_TO_FACE,0,0,0,0.33,0.39
CUST-000776,designed_medium,SMB,NL,,trade_finance,FACE_TO_FACE,0,0,0,0.2,0.53
CUST-000777,designed_low,SMB,US,,retail_deposit|lending,FACE_TO_FACE,0,0,0,0.16,0.18
CUST-000778,designed_low,INDIVIDUAL,GB,,retail_deposit|lending,FACE_TO_FACE,0,0,0,0.1,0.12
CUST-000779,designed_low,INDIVIDUAL,AU,,retail_deposit|lending,FACE_TO_FACE,0,0,0,0.06,0.19
CUST-000780,designed_high,MSB,CA,RU,correspondent,REMOTE,0,0,0,0.52,0.72
CUST-000781,designed_low,INDIVIDUAL,DE,,retail_deposit|lending,FACE_TO_FACE,0,0,0,0.17,0.09
CUST-000782,hard_high,CORPORATE,US,,wire,REMOTE,0,1,0,0.89,0.3
CUST-000783,designed_medium,TRUST,DE,RU,wire|trade_finance,FACE_TO_FACE,0,0,0,0.23,0.39
CUST-000784,designed_low,SMB,CA,,lending,FACE_TO_FACE,0,0,0,0.17,0.02
CUST-000785,designed_low,INDIVIDUAL,DE,,lending,FACE_TO_FACE,0,0,0,0.07,0.12
CUST-000786,designed_low,INDIVIDUAL,GB,,retail_deposit,FACE_TO_FACE,0,0,0,0.02,0.22
CUST-000787,designed_medium,CORPORATE,US,PA,wire|trade_finance,REMOTE,0,0,0,0.36,0.6
CUST-000788,designed_low,INDIVIDUAL,GB,,retail_deposit|lending,FACE_TO_FACE,0,0,0,0.1,0.22
CUST-000789,designed_low,INDIVIDUAL,GB,,retail_deposit,FACE_TO_FACE,0,0,0,0.14,0.29
CUST-000790,designed_low,INDIVIDUAL,US,,retail_deposit|lending,FACE_TO_FACE,0,0,0,0.16,0.22
CUST-000791,designed_low,SMB,US,,retail_deposit,FACE_TO_FACE,0,0,0,0.07,0.17
CUST-000792,designed_medium,CORPORATE,DE,RU,wire|trade_finance,FACE_TO_FACE,0,0,0,0.29,0.45
CUST-000793,designed_low,INDIVIDUAL,CA,,retail_deposit|lending,FACE_TO_FACE,0,0,0,0.07,0.12
CUST-000794,designed_medium,CORPORATE,AU,RU,wire|trade_finance,REMOTE,0,0,0,0.47,0.54
CUST-000795,designed_medium,SMB,AU,MM,private_banking,REMOTE,0,0,0,0.48,0.32
CUST-000796,designed_low,SMB,GB,,retail_deposit|lending,FACE_TO_FACE,0,0,0,0.0,0.17
CUST-000797,designed_low,SMB,CA,,retail_deposit,FACE_TO_FACE,0,0,0,0.06,0.01
CUST-000798,hard_high,INDIVIDUAL,US,,crypto,REMOTE,0,1,0,0.17,0.27
CUST-000799,designed_medium,SMB,DE,AE,private_banking,FACE_TO_FACE,0,0,0,0.35,0.37
