alert_id,customer_name,customer_dob,customer_nationality,pep_id,label,neg_category
PEPALR-0000000,SUSAN MOHAMMED,,,PEP-000109,0,common_name_ambiguous
PEPALR-0000001,SUSAN SANTOS,1970-03-15,THALASSIA,PEP-000048,0,wrong_party_common_name
PEPALR-0000002,OLASEGIN TASHIUNPOL,1976-02-02,MERIDONIA,PEP-000114,0,wrong_party_translit
PEPALR-0000003,CARLOS GARCIA,1949-03-11,MERIDONIA,PEP-000148,0,wrong_party_common_name
PEPALR-0000004,INGRID DANDORNOR,,MERIDONIA,PEP-000118,0,generic_token
PEPALR-0000005,SUSAN SANTOS,1972-07-15,KORVANIA,PEP-000048,0,wrong_party_common_name
PEPALR-0000006,MATEO ZARSOLDRAV,,KORVANIA,PEP-000047,0,generic_token
PEPALR-0000007,VIKTOR DRAVIANFER,,ZEMBRATA,PEP-000004,0,out_of_scope_former
PEPALR-0000008,JAMES SANTOS,1970-01-10,ARBEQUIA,PEP-000013,0,wrong_party_common_name
PEPALR-0000009,SUSAN SANTOS,1963-07-15,ARBEQUIA,PEP-000130,0,wrong_party_common_name
PEPALR-0000010,OLUSEGUN SHIDARKAL,,ZEMBRATA,PEP-000104,0,generic_token
PEPALR-0000011,INGRID VARVASHSEV,,KORVANIA,PEP-000097,0,out_of_scope_former
PEPALR-0000012,VIKTOR ZARGALPOL,,SOLVENNIA,PEP-000124,0,generic_token
PEPALR-0000013,MEI CHEN,,BALDURIA,PEP-000072,0,out_of_scope_former
PEPALR-0000014,JAMES MOHAMMED,1986-02-02,SOLVENNIA,PEP-000079,0,wrong_party_common_name
PEPALR-0000015,PRIYA ZARMIRLAN,,ZEMBRATA,PEP-000146,0,generic_token
PEPALR-0000016,DAVID GARCIA,1955-12-02,ARBEQUIA,PEP-000012,0,wrong_party_common_name
PEPALR-0000017,OLUSEGUN VOLMIRVOL,,NORVENIA,PEP-000005,0,out_of_scope_former
PEPALR-0000018,JAMES CHEN,1976-10-25,SOLVENNIA,PEP-000116,0,wrong_party_common_name
PEPALR-0000019,SUSAN SANTOS,1982-09-08,ARBEQUIA,PEP-000048,0,wrong_party_common_name
PEPALR-0000020,JAMES GARCIA,1980-11-14,MERIDONIA,PEP-000067,0,wrong_party_common_name
PEPALR-0000021,MEI SILVA,,,PEP-000119,0,common_name_ambiguous
PEPALR-0000022,RUVI POLKOVTASH,1955-04-10,THALASSIA,PEP-000063,0,wrong_party_translit
PEPALR-0000023,OLUSEGUN VOLMIRVOL,,ARBEQUIA,PEP-000005,0,out_of_scope_former
PEPALR-0000024,DAVID SILVA,1956-04-11,SOLVENNIA,PEP-000093,0,wrong_party_common_name
PEPALR-0000025,PRIYA FERRANQOM,,NORVENIA,PEP-000070,0,out_of_scope_former
PEPALR-0000026,CARLOS PARK,1964-11-20,VESTMARLAND,PEP-000094,0,wrong_party_common_name
PEPALR-0000027,LEILA DANOVAZAR,1953-10-14,SOLVENNIA,PEP-000127,1,
PEPALR-0000028,PRIYA TENSKFER,,DRAVELLIA,PEP-000087,0,out_of_scope_former
PEPALR-0000029,JAMES MOHAMMED,,,PEP-000079,0,common_name_ambiguous
PEPALR-0000030,CARLOS SANTOS,,,PEP-000037,0,common_name_ambiguous
PEPALR-0000031,RAVI FERSTROYRUS,,BALDURIA,PEP-000038,0,generic_token
PEPALR-0000032,OLUSEGUN POLSKKAL,,NORVENIA,PEP-000058,0,generic_token
PEPALR-0000033,DAVID PARK,,THALASSIA,PEP-000088,0,out_of_scope_former
PEPALR-0000034,OLUSEGUN KALBEKTEN,,KORVANIA,PEP-000032,0,generic_token
PEPALR-0000035,SUSAN SANTOS,1941-05-18,THALASSIA,PEP-000048,0,wrong_party_common_name
PEPALR-0000036,JAMES CHEN,1954-07-19,BALDURIA,PEP-000116,0,wrong_party_common_name
PEPALR-0000037,VIKTOR MORTEKVAR,,THALASSIA,PEP-000108,0,generic_token
PEPALR-0000038,VIKTOR FERBEKNOR,,DRAVELLIA,PEP-000031,0,out_of_scope_former
PEPALR-0000039,VIKTOR BURSKVOL,,MERIDONIA,PEP-000074,0,generic_token
PEPALR-0000040,CARLOS SILVA,,,PEP-000027,1,
PEPALR-0000041,VIKTOR NORDARZAR,,BALDURIA,PEP-000035,0,generic_token
PEPALR-0000042,YAKI GORDARVOL,1974-09-14,KORVANIA,PEP-000099,0,wrong_party_translit
PEPALR-0000043,VIKTOR DANDORGOR,,,PEP-000090,1,
PEPALR-0000044,DAVID KHAN,1963-05-24,,PEP-000112,1,
PEPALR-0000045,CARLOS SANTOS,1973-03-08,BALDURIA,PEP-000037,0,wrong_party_common_name
PEPALR-0000046,ANNA SILVA,1957-07-03,DRAVELLIA,PEP-000117,0,wrong_party_common_name
PEPALR-0000047,INGRID LANSTROYDRAV,,NORVENIA,PEP-000052,0,out_of_scope_former
PEPALR-0000048,KWAME VOLIANRUS,,ARBEQUIA,PEP-000103,0,generic_token
PEPALR-0000049,MATEO KALBEKSHI,,TASHKUVAN,PEP-000134,0,out_of_scope_former
PEPALR-0000050,SUSAN KIM,,DRAVELLIA,PEP-000081,0,out_of_scope_former
PEPALR-0000051,INGRID GOROVAQOM,,THALASSIA,PEP-000016,0,generic_token
PEPALR-0000052,VIKTOR DRAVIANFER,,SOLVENNIA,PEP-000004,0,out_of_scope_former
PEPALR-0000053,DAVID GARCIA,,,PEP-000012,0,common_name_ambiguous
PEPALR-0000054,LEILA LANDARRUS,,NORVENIA,PEP-000002,0,generic_token
PEPALR-0000055,MEI SILVA,1983-09-11,ARBEQUIA,PEP-000119,0,wrong_party_common_name
PEPALR-0000056,JAMES SANTOS,1972-12-12,KORVANIA,PEP-000013,0,wrong_party_common_name
PEPALR-0000057,JAMES SANTOS,1961-10-25,VESTMARLAND,PEP-000013,0,wrong_party_common_name
PEPALR-0000058,NADIA VARSOLRUS,,SOLVENNIA,PEP-000062,0,out_of_scope_former
PEPALR-0000059,OMAR KIM,,,PEP-000145,0,common_name_ambiguous
PEPALR-0000060,MEI CHEN,,SOLVENNIA,PEP-000072,0,out_of_scope_former
PEPALR-0000061,AMARA SHISTROYKAL,,BALDURIA,PEP-000133,0,out_of_scope_former
PEPALR-0000062,SUSAN SANTOS,1964-12-26,SOLVENNIA,PEP-000048,0,wrong_party_common_name
PEPALR-0000063,PRIYA FERRANQOM,,NORVENIA,PEP-000070,0,out_of_scope_former
PEPALR-0000064,MATEO KRUDORPUL,,,PEP-000082,1,
PEPALR-0000065,CARLOS GARCIA,1945-10-20,DRAVELLIA,PEP-000148,0,wrong_party_common_name
PEPALR-0000066,SUSAN SANTOS,1964-02-24,MERIDONIA,PEP-000130,0,wrong_party_common_name
PEPALR-0000067,CARLOS KHAN,,,PEP-000147,0,common_name_ambiguous
PEPALR-0000068,DMITRI NORTEKKAL,,NORVENIA,PEP-000026,0,out_of_scope_former
PEPALR-0000069,SUSAN SANTOS,1957-07-10,ZEMBRATA,PEP-000130,0,wrong_party_common_name
PEPALR-0000070,OMAR KIM,,,PEP-000145,0,common_name_ambiguous
PEPALR-0000071,CARLOS SANTOS,1948-05-01,ARBEQUIA,PEP-000037,0,wrong_party_common_name
PEPALR-0000072,HANNE MORSKRUS,,ARBEQUIA,PEP-000064,0,out_of_scope_former
PEPALR-0000073,VIKTOR TASHGALMOR,,THALASSIA,PEP-000096,0,generic_token
PEPALR-0000074,RIVO FERLUNTASH,1957-07-12,ZEMBRATA,PEP-000060,0,wrong_party_translit
PEPALR-0000075,CARLOS GARCIA,1951-11-25,MERIDONIA,PEP-000148,0,wrong_party_common_name
PEPALR-0000076,DAVID KHAN,1963-05-24,,PEP-000112,1,
PEPALR-0000077,OLUSEGUN TENDORTASH,,SOLVENNIA,PEP-000008,0,generic_token
PEPALR-0000078,SUSAN SANTOS,1985-07-26,ARBEQUIA,PEP-000048,0,wrong_party_common_name
PEPALR-0000079,OMAR KIM,,,PEP-000145,0,common_name_ambiguous
PEPALR-0000080,HANNE POLIANLAN,,DRAVELLIA,PEP-000078,0,out_of_scope_former
PEPALR-0000081,VIKTOR NORZINQOM,,SOLVENNIA,PEP-000096,0,generic_token
PEPALR-0000082,DAVID GARCIA,1976-11-22,SOLVENNIA,PEP-000012,0,wrong_party_common_name
PEPALR-0000083,LEILA TENZINZAR,,ZEMBRATA,PEP-000129,0,generic_token
PEPALR-0000084,INGRID VARVASHSEV,,THALASSIA,PEP-000097,0,out_of_scope_former
PEPALR-0000085,INGRID TASHMIRRUS,,SOLVENNIA,PEP-000073,0,out_of_scope_former
PEPALR-0000086,KWAME NORVASHKAL,,QUELLARA,PEP-000068,0,out_of_scope_former
PEPALR-0000087,JAMES KIM,,MERIDONIA,PEP-000023,0,out_of_scope_former
PEPALR-0000088,SUSAN MOHAMMED,1961-08-26,BALDURIA,PEP-000109,0,wrong_party_common_name
PEPALR-0000089,INGRAD QIMNEFTTEN,1942-12-04,KORVANIA,PEP-000016,0,wrong_party_translit
PEPALR-0000090,RAVI BURMIRGOR,,TASHKUVAN,PEP-000107,0,generic_token
PEPALR-0000091,HUNNI MERSKRUS,1965-01-24,VESTMARLAND,PEP-000064,0,wrong_party_translit
PEPALR-0000092,SUSAN KIM,,THALASSIA,PEP-000081,0,out_of_scope_former
PEPALR-0000093,MATOO RESVASHRUS,1969-02-09,SOLVENNIA,PEP-000115,0,wrong_party_translit
PEPALR-0000094,MATEO KALBEKSHI,,ARBEQUIA,PEP-000134,0,out_of_scope_former
PEPALR-0000095,KWAME NORVASHKAL,,QUELLARA,PEP-000068,0,out_of_scope_former
PEPALR-0000096,MATEO SEVIANTASH,,DRAVELLIA,PEP-000115,0,generic_token
PEPALR-0000097,KWIME LANMONRUS,1967-03-16,SOLVENNIA,PEP-000029,0,wrong_party_translit
PEPALR-0000098,JAMES GARCIA,,,PEP-000067,0,common_name_ambiguous
PEPALR-0000099,DMITRI NORTEKKAL,,QUELLARA,PEP-000026,0,out_of_scope_former
PEPALR-0000100,PRIYA VARDARLAN,,ARBEQUIA,PEP-000001,0,generic_token
PEPALR-0000101,DAVID PARK,,QUELLARA,PEP-000088,0,out_of_scope_former
PEPALR-0000102,VIKTOR BURIANDAN,,KORVANIA,PEP-000074,0,generic_token
PEPALR-0000103,DAVID GARCIA,1957-04-18,NORVENIA,PEP-000012,0,wrong_party_common_name
PEPALR-0000104,DAVID PARK,,ZEMBRATA,PEP-000088,0,out_of_scope_former
PEPALR-0000105,HANNU POLSELTAN,1987-11-25,BALDURIA,PEP-000084,0,wrong_party_translit
PEPALR-0000106,MEI MOHAMMED,,,PEP-000135,0,common_name_ambiguous
PEPALR-0000107,YUKI POLZINQOM,,BALDURIA,PEP-000014,0,generic_token
PEPALR-0000108,KWAME NORVASHKAL,,VESTMARLAND,PEP-000068,0,out_of_scope_former
PEPALR-0000109,SUSAN SANTOS,1990-04-27,BALDURIA,PEP-000048,0,wrong_party_common_name
PEPALR-0000110,SUSAN CHEN,,MERIDONIA,PEP-000105,0,out_of_scope_former
PEPALR-0000111,SUSAN MOHAMMED,,,PEP-000109,0,common_name_ambiguous
PEPALR-0000112,AMARA VORSTROYQOM,1981-03-23,TASHKUVAN,PEP-000139,0,wrong_party_translit
PEPALR-0000113,NADIA QOMSOLVAR,,TASHKUVAN,PEP-000136,0,generic_token
PEPALR-0000114,RAVO PILKOVTASH,1969-08-11,VESTMARLAND,PEP-000063,0,wrong_party_translit
PEPALR-0000115,DAVID KHAN,1963-05-24,,PEP-000112,1,
PEPALR-0000116,KWAME NORVASHKAL,,MERIDONIA,PEP-000068,0,out_of_scope_former
PEPALR-0000117,JAMES MOHAMMED,,,PEP-000079,0,common_name_ambiguous
PEPALR-0000118,NEDIA GARTEKFER,1946-11-26,KORVANIA,PEP-000044,0,wrong_party_translit
PEPALR-0000119,MATEO POLKOVTEN,,BALDURIA,PEP-000066,0,generic_token
PEPALR-0000120,SUSAN MOHAMMED,,,PEP-000109,0,common_name_ambiguous
PEPALR-0000121,CARLOS PARK,,,PEP-000094,0,common_name_ambiguous
PEPALR-0000122,MATEO KILVESHGUR,1985-02-01,QUELLARA,PEP-000011,0,wrong_party_translit
PEPALR-0000123,INGRID VARVASHSEV,,THALASSIA,PEP-000097,0,out_of_scope_former
PEPALR-0000124,SUSAN SANTOS,1984-03-16,ZEMBRATA,PEP-000130,0,wrong_party_common_name
PEPALR-0000125,CARLOS SANTOS,1946-06-12,NORVENIA,PEP-000037,0,wrong_party_common_name
PEPALR-0000126,VIKTOR TASHDARNOR,,MERIDONIA,PEP-000124,0,generic_token
PEPALR-0000127,VIKTOR FERBEKNOR,,THALASSIA,PEP-000031,0,out_of_scope_former
PEPALR-0000128,NADIA FERVASHLAN,,ZEMBRATA,PEP-000062,0,generic_token
PEPALR-0000129,CARLOS SANTOS,1977-12-13,ARBEQUIA,PEP-000037,0,wrong_party_common_name
PEPALR-0000130,CARLOS PARK,1981-02-08,MERIDONIA,PEP-000094,0,wrong_party_common_name
PEPALR-0000131,NADIA ZARGALLAN,,MERIDONIA,PEP-000044,0,generic_token
PEPALR-0000132,MEI SILVA,1958-11-02,BALDURIA,PEP-000119,0,wrong_party_common_name
PEPALR-0000133,OMAR KIM,1980-10-03,MERIDONIA,PEP-000145,0,wrong_party_common_name
PEPALR-0000134,ANNA SILVA,1960-03-13,VESTMARLAND,PEP-000117,0,wrong_party_common_name
PEPALR-0000135,TARIQ KALMIRNOR,,ZEMBRATA,PEP-000040,0,out_of_scope_former
PEPALR-0000136,MATEO SHIOVAPOL,1965-09-27,NORVENIA,PEP-000057,1,
PEPALR-0000137,MEI SILVA,,,PEP-000119,0,common_name_ambiguous
PEPALR-0000138,DAVID SANTOS,,ARBEQUIA,PEP-000092,0,out_of_scope_former
PEPALR-0000139,CARLOS GARCIA,1974-10-05,ZEMBRATA,PEP-000148,0,wrong_party_common_name
PEPALR-0000140,NADIA GORTEKFER,,TASHKUVAN,PEP-000044,0,out_of_scope_former
PEPALR-0000141,MATEO KALBEKSHI,,SOLVENNIA,PEP-000134,0,out_of_scope_former
PEPALR-0000142,SUSAN SANTOS,1986-04-02,BALDURIA,PEP-000130,0,wrong_party_common_name
PEPALR-0000143,HANNE TENOVASEV,,KORVANIA,PEP-000086,0,out_of_scope_former
PEPALR-0000144,OLUSEGUN BURZINZAR,,THALASSIA,PEP-000122,0,generic_token
PEPALR-0000145,OMAR KIM,1962-09-17,THALASSIA,PEP-000145,0,wrong_party_common_name
PEPALR-0000146,SVEN TESHIANNIR,1956-12-19,SOLVENNIA,PEP-000123,0,wrong_party_translit
PEPALR-0000147,PRIYA FERRANQOM,,NORVENIA,PEP-000070,0,out_of_scope_former
PEPALR-0000148,JAMES GARCIA,1956-02-19,SOLVENNIA,PEP-000067,0,wrong_party_common_name
PEPALR-0000149,CARLOS KHAN,1940-01-28,KORVANIA,PEP-000147,0,wrong_party_common_name
PEPALR-0000150,MEI CHEN,,TASHKUVAN,PEP-000072,0,out_of_scope_former
PEPALR-0000151,HANNE TENMIRMOR,,BALDURIA,PEP-000086,0,generic_token
PEPALR-0000152,INGRID NORRANKRE,,MERIDONIA,PEP-000041,0,generic_token
PEPALR-0000153,DAVID SILVA,1973-01-13,ZEMBRATA,PEP-000093,0,wrong_party_common_name
PEPALR-0000154,LEILA SEVBEKNOR,,MERIDONIA,PEP-000127,0,generic_token
PEPALR-0000155,AMURO RUSBEKZAR,1989-04-24,MERIDONIA,PEP-000045,0,wrong_party_translit
PEPALR-0000156,ANNA MOHAMMED,1966-01-08,MERIDONIA,PEP-000010,0,wrong_party_common_name
PEPALR-0000157,INGRID ZARBEKZAR,,SOLVENNIA,PEP-000144,0,generic_token
PEPALR-0000158,MATEO KRESTROYGOR,,BALDURIA,PEP-000047,0,generic_token
PEPALR-0000159,SUSAN SANTOS,,,PEP-000048,0,common_name_ambiguous
PEPALR-0000160,DAVID SILVA,1973-07-23,DRAVELLIA,PEP-000093,0,wrong_party_common_name
PEPALR-0000161,YUKI KRELINTASH,,SOLVENNIA,PEP-000091,0,generic_token
PEPALR-0000162,DAVID GARCIA,1967-11-05,BALDURIA,PEP-000012,0,wrong_party_common_name
PEPALR-0000163,NADIA RUSBEKMOR,,QUELLARA,PEP-000131,0,generic_token
PEPALR-0000164,JAMES MOHAMMED,1948-10-04,ZEMBRATA,PEP-000079,0,wrong_party_common_name
PEPALR-0000165,HANNE POLIANLAN,,KORVANIA,PEP-000078,0,out_of_scope_former
PEPALR-0000166,KWAME SEVVASHDRAV,,ZEMBRATA,PEP-000068,0,generic_token
PEPALR-0000167,PRIYA FEROVALAN,,DRAVELLIA,PEP-000046,0,generic_token
PEPALR-0000168,INGRID RUSLINVOL,,SOLVENNIA,PEP-000054,0,generic_token
PEPALR-0000169,RAVI ZARSOLPOL,,MERIDONIA,PEP-000028,0,generic_token
PEPALR-0000170,MEI MOHAMMED,1946-03-04,KORVANIA,PEP-000135,0,wrong_party_common_name
PEPALR-0000171,SVEN TASHSTROYRUS,,DRAVELLIA,PEP-000034,0,generic_token
PEPALR-0000172,JAMES SANTOS,,,PEP-000013,0,common_name_ambiguous
PEPALR-0000173,JAMES SANTOS,1941-02-07,SOLVENNIA,PEP-000013,0,wrong_party_common_name
PEPALR-0000174,JAMES CHEN,1947-01-15,KORVANIA,PEP-000116,0,wrong_party_common_name
PEPALR-0000175,INGRID TASHMIRRUS,,ARBEQUIA,PEP-000073,0,out_of_scope_former
PEPALR-0000176,JAMES MOHAMMED,1951-05-09,QUELLARA,PEP-000079,0,wrong_party_common_name
PEPALR-0000177,DAVID SILVA,1981-05-16,ARBEQUIA,PEP-000093,0,wrong_party_common_name
PEPALR-0000178,JAMES KIM,,TASHKUVAN,PEP-000023,0,out_of_scope_former
PEPALR-0000179,NADIA GORMIRSHI,,KORVANIA,PEP-000131,0,generic_token
PEPALR-0000180,INGRID VARSKVAR,,DRAVELLIA,PEP-000054,0,generic_token
PEPALR-0000181,MEI CHEN,,KORVANIA,PEP-000072,0,out_of_scope_former
PEPALR-0000182,CARLOS PARK,1943-08-17,DRAVELLIA,PEP-000094,0,wrong_party_common_name
PEPALR-0000183,JAMES GARCIA,,,PEP-000067,0,common_name_ambiguous
PEPALR-0000184,INGRID SHIOVAQOM,,VESTMARLAND,PEP-000041,0,generic_token
PEPALR-0000185,INGRID BURNEFTQOM,,VESTMARLAND,PEP-000054,0,generic_token
PEPALR-0000186,INGRID DANKOVKAL,,VESTMARLAND,PEP-000054,0,generic_token
PEPALR-0000187,SUSAN PARK,,QUELLARA,PEP-000042,0,out_of_scope_former
PEPALR-0000188,DAVID GARCIA,1945-01-08,VESTMARLAND,PEP-000012,0,wrong_party_common_name
PEPALR-0000189,PRIYA QOMDARKRE,,VESTMARLAND,PEP-000000,0,out_of_scope_former
PEPALR-0000190,JAMES GARCIA,1960-01-01,TASHKUVAN,PEP-000067,0,wrong_party_common_name
PEPALR-0000191,CARLOS SANTOS,,,PEP-000037,0,common_name_ambiguous
PEPALR-0000192,RAVI KALSOLDAN,,ZEMBRATA,PEP-000009,0,generic_token
PEPALR-0000193,DMOTRI BURZINRUS,1954-11-19,TASHKUVAN,PEP-000025,0,wrong_party_translit
PEPALR-0000194,AMARA TASHNEFTZAR,,THALASSIA,PEP-000045,0,generic_token
PEPALR-0000195,VIKTOR NORVASHPOL,,TASHKUVAN,PEP-000124,0,out_of_scope_former
PEPALR-0000196,DAVID SILVA,,,PEP-000093,0,common_name_ambiguous
PEPALR-0000197,OMAR KIM,1949-06-24,ZEMBRATA,PEP-000145,0,wrong_party_common_name
PEPALR-0000198,JAMES GARCIA,,,PEP-000067,0,common_name_ambiguous
PEPALR-0000199,JAMES CHEN,,,PEP-000116,0,common_name_ambiguous
PEPALR-0000200,RAVU QOMDARQAM,1968-12-14,TASHKUVAN,PEP-000038,0,wrong_party_translit
PEPALR-0000201,MEI CHEN,,ARBEQUIA,PEP-000072,0,out_of_scope_former
PEPALR-0000202,VIKTOR NORVASHPOL,,SOLVENNIA,PEP-000124,0,out_of_scope_former
PEPALR-0000203,VIKTOR DRAVIANFER,,DRAVELLIA,PEP-000004,0,out_of_scope_former
PEPALR-0000204,JAMES CHEN,1950-07-06,THALASSIA,PEP-000116,0,wrong_party_common_name
PEPALR-0000205,JAMES SANTOS,,,PEP-000013,0,common_name_ambiguous
PEPALR-0000206,OMAR KIM,,,PEP-000145,0,common_name_ambiguous
PEPALR-0000207,NADIA DANGALVAR,,ARBEQUIA,PEP-000136,0,out_of_scope_former
PEPALR-0000208,JAMES MOHAMMED,1952-07-23,MERIDONIA,PEP-000079,0,wrong_party_common_name
PEPALR-0000209,TARIQ SEVGALQOM,,ZEMBRATA,PEP-000040,0,generic_token
PEPALR-0000210,DAVID PARK,,DRAVELLIA,PEP-000088,0,out_of_scope_former
PEPALR-0000211,YUKI KALSKDRAV,1965-06-25,VESTMARLAND,PEP-000140,1,
PEPALR-0000212,ANNA MOHAMMED,1953-03-21,NORVENIA,PEP-000010,0,wrong_party_common_name
PEPALR-0000213,DMITRI BURZINRUS,,ARBEQUIA,PEP-000025,0,out_of_scope_former
PEPALR-0000214,CARLOS PARK,,,PEP-000094,0,common_name_ambiguous
PEPALR-0000215,TARIQ KALMIRNOR,,ARBEQUIA,PEP-000040,0,out_of_scope_former
PEPALR-0000216,INGRID POLGALRUS,,NORVENIA,PEP-000054,0,out_of_scope_former
PEPALR-0000217,INGRID RUSSOLFOR,1974-07-25,VESTMARLAND,PEP-000007,0,wrong_party_translit
PEPALR-0000218,MEI SILVA,1973-07-18,SOLVENNIA,PEP-000119,0,wrong_party_common_name
PEPALR-0000219,INGRID LANSTROYDRAV,,ZEMBRATA,PEP-000052,0,out_of_scope_former
PEPALR-0000220,VIKTOR GORLINDAN,,SOLVENNIA,PEP-000004,0,generic_token
PEPALR-0000221,MEI MOHAMMED,1951-03-07,BALDURIA,PEP-000135,0,wrong_party_common_name
PEPALR-0000222,JAMES KHAN,,SOLVENNIA,PEP-000143,0,out_of_scope_former
PEPALR-0000223,NADIA VARSOLRUS,,ZEMBRATA,PEP-000062,0,out_of_scope_former
PEPALR-0000224,RAVI POLIANMOR,,NORVENIA,PEP-000121,0,out_of_scope_former
PEPALR-0000225,ANNA MOHAMMED,,,PEP-000010,0,common_name_ambiguous
PEPALR-0000226,INGRID VARVASHSEV,,ZEMBRATA,PEP-000097,0,out_of_scope_former
PEPALR-0000227,CARLOS SANTOS,1946-10-25,ZEMBRATA,PEP-000037,0,wrong_party_common_name
PEPALR-0000228,INGRID KALMUNDRAV,,ARBEQUIA,PEP-000144,0,generic_token
PEPALR-0000229,PRIYA TENSKFER,,MERIDONIA,PEP-000087,0,out_of_scope_former
PEPALR-0000230,MEI SILVA,1942-07-11,THALASSIA,PEP-000119,0,wrong_party_common_name
PEPALR-0000231,INGRID KALKOVMOR,,NORVENIA,PEP-000041,0,generic_token
PEPALR-0000232,AMARA KREMIRTASH,,THALASSIA,PEP-000139,0,generic_token
PEPALR-0000233,INGRID TENIANLAN,,QUELLARA,PEP-000041,0,generic_token
PEPALR-0000234,OLUSEGUN VARLINKAL,,KORVANIA,PEP-000122,0,generic_token
PEPALR-0000235,SUSAN MOHAMMED,1985-09-13,TASHKUVAN,PEP-000109,0,wrong_party_common_name
PEPALR-0000236,VIKTOR NORVASHPOL,,TASHKUVAN,PEP-000124,0,out_of_scope_former
PEPALR-0000237,AMARA VOLMIRVOL,,QUELLARA,PEP-000137,0,generic_token
PEPALR-0000238,VAKTER FERBAKNOR,1963-08-20,QUELLARA,PEP-000031,0,wrong_party_translit
PEPALR-0000239,SVEN SHIRANKAL,,TASHKUVAN,PEP-000095,0,generic_token
PEPALR-0000240,JAMES SANTOS,1958-01-13,KORVANIA,PEP-000013,0,wrong_party_common_name
PEPALR-0000241,NADIA GORTEKFER,,SOLVENNIA,PEP-000044,0,out_of_scope_former
PEPALR-0000242,SUSAN SANTOS,1972-01-28,SOLVENNIA,PEP-000130,0,wrong_party_common_name
PEPALR-0000243,VIKTOR QOMTEKDAN,,,PEP-000053,1,
PEPALR-0000244,VIKTOR DRAVSOLKAL,1975-06-20,BALDURIA,PEP-000074,1,
PEPALR-0000245,LEILA TENSOLKAL,,QUELLARA,PEP-000043,0,generic_token
PEPALR-0000246,JAMES KHAN,,VESTMARLAND,PEP-000143,0,out_of_scope_former
PEPALR-0000247,CARLOS KHAN,1982-06-18,SOLVENNIA,PEP-000147,0,wrong_party_common_name
PEPALR-0000248,VIKTIR MIRDARTASH,1956-11-23,SOLVENNIA,PEP-000108,0,wrong_party_translit
PEPALR-0000249,DAVID SILVA,1943-10-13,SOLVENNIA,PEP-000093,0,wrong_party_common_name
PEPALR-0000250,ANNA MOHAMMED,1981-08-10,NORVENIA,PEP-000010,0,wrong_party_common_name
PEPALR-0000251,VIKTOR DRAVIANFER,,VESTMARLAND,PEP-000004,0,out_of_scope_former
PEPALR-0000252,INGROD RUSRINGIR,1982-09-06,NORVENIA,PEP-000118,0,wrong_party_translit
PEPALR-0000253,CARLOS PARK,1986-09-25,TASHKUVAN,PEP-000094,0,wrong_party_common_name
PEPALR-0000254,JAMES SANTOS,,,PEP-000013,0,common_name_ambiguous
PEPALR-0000255,SUSAN MOHAMMED,1966-06-12,NORVENIA,PEP-000109,0,wrong_party_common_name
PEPALR-0000256,DMITRI BURZINRUS,,SOLVENNIA,PEP-000025,0,out_of_scope_former
PEPALR-0000257,JAMES SANTOS,,,PEP-000013,0,common_name_ambiguous
PEPALR-0000258,CARLOS SANTOS,1983-07-17,NORVENIA,PEP-000037,0,wrong_party_common_name
PEPALR-0000259,PRIYA TASHSTROYMOR,,VESTMARLAND,PEP-000024,0,generic_token
PEPALR-0000260,SUSAN SANTOS,,,PEP-000048,0,common_name_ambiguous
PEPALR-0000261,LEILA NORDORMOR,,TASHKUVAN,PEP-000127,0,generic_token
PEPALR-0000262,MEI MOHAMMED,1957-04-25,TASHKUVAN,PEP-000135,0,wrong_party_common_name
PEPALR-0000263,JAMES SANTOS,1948-10-14,SOLVENNIA,PEP-000013,0,wrong_party_common_name
PEPALR-0000264,PRIYA TENSKFER,,KORVANIA,PEP-000087,0,out_of_scope_former
PEPALR-0000265,PRIYA MORLINLAN,,KORVANIA,PEP-000001,0,generic_token
PEPALR-0000266,INGRID LANSTROYDRAV,,DRAVELLIA,PEP-000052,0,out_of_scope_former
PEPALR-0000267,CARLOS KHAN,1977-05-06,KORVANIA,PEP-000147,0,wrong_party_common_name
PEPALR-0000268,ROVI POLUANMOR,1988-04-06,ARBEQUIA,PEP-000121,0,wrong_party_translit
PEPALR-0000269,HANNE DRAVLINVAR,1968-09-23,KORVANIA,PEP-000022,1,
PEPALR-0000270,CARLOS KHAN,1950-02-12,THALASSIA,PEP-000147,0,wrong_party_common_name
PEPALR-0000271,CARLOS PARK,1989-09-20,KORVANIA,PEP-000094,0,wrong_party_common_name
PEPALR-0000272,CARLOS SANTOS,1981-01-02,THALASSIA,PEP-000037,0,wrong_party_common_name
PEPALR-0000273,DMITRI BURZINRUS,,THALASSIA,PEP-000025,0,out_of_scope_former
PEPALR-0000274,SVEN ZARGALTEN,,SOLVENNIA,PEP-000100,0,generic_token
PEPALR-0000275,AMARA SHISTROYKAL,,TASHKUVAN,PEP-000133,0,out_of_scope_former
PEPALR-0000276,CARLOS KHAN,,,PEP-000147,0,common_name_ambiguous
PEPALR-0000277,CARLOS SANTOS,1990-02-16,BALDURIA,PEP-000037,0,wrong_party_common_name
PEPALR-0000278,NADIA GORSTROYKAL,,THALASSIA,PEP-000136,0,generic_token
PEPALR-0000279,CARLOS GARCIA,1971-04-23,QUELLARA,PEP-000148,0,wrong_party_common_name
PEPALR-0000280,JAMES SANTOS,1947-10-22,TASHKUVAN,PEP-000013,0,wrong_party_common_name
PEPALR-0000281,RAVI KRETEKQOM,,QUELLARA,PEP-000009,0,generic_token
PEPALR-0000282,PRIYO FORRANQOM,1967-12-04,ZEMBRATA,PEP-000070,0,wrong_party_translit
PEPALR-0000283,ANNA MOHAMMED,,,PEP-000010,0,common_name_ambiguous
PEPALR-0000284,DMITRI MORRANPOL,,VESTMARLAND,PEP-000026,0,generic_token
PEPALR-0000285,MATEO MORNEFTKRE,,ARBEQUIA,PEP-000057,0,generic_token
PEPALR-0000286,MEI CHEN,,ARBEQUIA,PEP-000072,0,out_of_scope_former
PEPALR-0000287,SVEN TASHOVABUR,,ZEMBRATA,PEP-000018,0,generic_token
PEPALR-0000288,VIKTOR NORVASHPOL,,VESTMARLAND,PEP-000124,0,out_of_scope_former
PEPALR-0000289,NEDIU NOROVAQOM,1944-05-21,DRAVELLIA,PEP-000003,0,wrong_party_translit
PEPALR-0000290,DMITRI QOMIANTEN,,,PEP-000065,1,
PEPALR-0000291,TARIQ BIRTUKVOL,1949-09-20,KORVANIA,PEP-000080,0,wrong_party_translit
PEPALR-0000292,INGRID DANMIRSHI,,,PEP-000144,1,
PEPALR-0000293,OMAR KIM,1960-04-11,NORVENIA,PEP-000145,0,wrong_party_common_name
PEPALR-0000294,MEI SILVA,1965-04-03,QUELLARA,PEP-000119,0,wrong_party_common_name
PEPALR-0000295,JAMES KIM,,QUELLARA,PEP-000023,0,out_of_scope_former
PEPALR-0000296,ANNA MOHAMMED,,,PEP-000010,0,common_name_ambiguous
PEPALR-0000297,RAVI POLIANMOR,,VESTMARLAND,PEP-000121,0,out_of_scope_former
PEPALR-0000298,DAVID SANTOS,,SOLVENNIA,PEP-000092,0,out_of_scope_former
PEPALR-0000299,ANNA SILVA,,,PEP-000117,0,common_name_ambiguous
PEPALR-0000300,AMARA POLBEKSHI,,VESTMARLAND,PEP-000138,0,generic_token
PEPALR-0000301,KWAME POLZINKRE,,SOLVENNIA,PEP-000056,0,generic_token
PEPALR-0000302,NADEA DANGALVAR,1971-03-27,THALASSIA,PEP-000136,0,wrong_party_translit
PEPALR-0000303,INGRID POLGALRUS,,BALDURIA,PEP-000054,0,out_of_scope_former
PEPALR-0000304,HANNE POLSTROYMOR,,ZEMBRATA,PEP-000033,0,generic_token
PEPALR-0000305,CARLOS SANTOS,1989-08-15,SOLVENNIA,PEP-000037,0,wrong_party_common_name
PEPALR-0000306,DAVID PARK,,ARBEQUIA,PEP-000088,0,out_of_scope_former
PEPALR-0000307,SUSAN KIM,,QUELLARA,PEP-000081,0,out_of_scope_former
PEPALR-0000308,RAVI DANNEFTTASH,,ZEMBRATA,PEP-000028,0,generic_token
PEPALR-0000309,NADIA VARSOLRUS,,ARBEQUIA,PEP-000062,0,out_of_scope_former
PEPALR-0000310,INGRID LANSTROYDRAV,,DRAVELLIA,PEP-000052,0,out_of_scope_former
PEPALR-0000311,DMITRI NORTEKKAL,,SOLVENNIA,PEP-000026,0,out_of_scope_former
PEPALR-0000312,CARLOS KHAN,,,PEP-000147,0,common_name_ambiguous
PEPALR-0000313,YUKI MORSKLAN,,BALDURIA,PEP-000140,0,generic_token
PEPALR-0000314,VIKTOR KALDARBUR,,MERIDONIA,PEP-000108,0,generic_token
PEPALR-0000315,DMITRI BURZINRUS,,MERIDONIA,PEP-000025,0,out_of_scope_former
PEPALR-0000316,AMARA VARNEFTGOR,,SOLVENNIA,PEP-000137,0,out_of_scope_former
PEPALR-0000317,NADIA TENKOVGOR,,ZEMBRATA,PEP-000044,0,generic_token
PEPALR-0000318,YUKI VOLZINVOL,1952-04-18,DRAVELLIA,PEP-000014,1,
PEPALR-0000319,DMITRI SEVTEKTASH,,KORVANIA,PEP-000025,0,generic_token
PEPALR-0000320,VIKTOR NORVISHPOL,1987-11-18,ARBEQUIA,PEP-000124,0,wrong_party_translit
PEPALR-0000321,NADIA SEVOVARUS,,ARBEQUIA,PEP-000131,0,generic_token
PEPALR-0000322,VIKTOR MORSKVOL,,KORVANIA,PEP-000108,0,generic_token
PEPALR-0000323,MEI MOHAMMED,1954-11-23,THALASSIA,PEP-000135,0,wrong_party_common_name
PEPALR-0000324,HANNE FERSTROYLAN,,NORVENIA,PEP-000084,0,generic_token
PEPALR-0000325,JAMES SANTOS,,,PEP-000013,0,common_name_ambiguous
PEPALR-0000326,CARLOS KHAN,1947-07-02,ARBEQUIA,PEP-000147,0,wrong_party_common_name
PEPALR-0000327,DMITRA BURZENRUS,1949-06-20,KORVANIA,PEP-000025,0,wrong_party_translit
PEPALR-0000328,AMARA VARNEFTGOR,,VESTMARLAND,PEP-000137,0,out_of_scope_former
PEPALR-0000329,JAMES CHEN,1973-04-06,MERIDONIA,PEP-000116,0,wrong_party_common_name
PEPALR-0000330,HANNE POLIANLAN,,ARBEQUIA,PEP-000078,0,out_of_scope_former
PEPALR-0000331,JAMES MOHAMMED,1982-06-11,DRAVELLIA,PEP-000079,0,wrong_party_common_name
PEPALR-0000332,CARLOS KHAN,,,PEP-000147,0,common_name_ambiguous
PEPALR-0000333,NADIA DANGALVAR,,DRAVELLIA,PEP-000136,0,out_of_scope_former
PEPALR-0000334,NADIA DANGALVAR,,VESTMARLAND,PEP-000136,0,out_of_scope_former
PEPALR-0000335,JAMES CHEN,1964-02-13,NORVENIA,PEP-000116,0,wrong_party_common_name
PEPALR-0000336,TORIQ BURTEKVEL,1972-02-04,TASHKUVAN,PEP-000080,0,wrong_party_translit
PEPALR-0000337,MATEO ZARIANLAN,,SOLVENNIA,PEP-000083,0,generic_token
PEPALR-0000338,SUSAN SANTOS,1946-04-18,THALASSIA,PEP-000130,0,wrong_party_common_name
PEPALR-0000339,DMITRI NORDARZAR,,QUELLARA,PEP-000065,0,generic_token
PEPALR-0000340,JAMES SANTOS,1943-03-26,NORVENIA,PEP-000013,0,wrong_party_common_name
PEPALR-0000341,MATEO SHIBEKKAL,,ARBEQUIA,PEP-000047,0,out_of_scope_former
PEPALR-0000342,SUSAN KIM,,ARBEQUIA,PEP-000081,0,out_of_scope_former
PEPALR-0000343,NADIA DANGALVAR,,ZEMBRATA,PEP-000136,0,out_of_scope_former
PEPALR-0000344,INGRID RUSSOLFER,,MERIDONIA,PEP-000007,0,out_of_scope_former
PEPALR-0000345,PRIYA FERIANSEV,,QUELLARA,PEP-000046,0,generic_token
PEPALR-0000346,NADIA VARNEFTSHI,,TASHKUVAN,PEP-000003,0,generic_token
PEPALR-0000347,AMARA SHIGALTASH,,NORVENIA,PEP-000138,0,generic_token
PEPALR-0000348,ANNA SILVA,,,PEP-000117,0,common_name_ambiguous
PEPALR-0000349,CARLOS GARCIA,1949-02-02,KORVANIA,PEP-000148,0,wrong_party_common_name
PEPALR-0000350,RAVI POLIANMOR,,NORVENIA,PEP-000121,0,out_of_scope_former
PEPALR-0000351,LEILA KALSTROYTEN,,SOLVENNIA,PEP-000120,0,generic_token
PEPALR-0000352,JAMES GARCIA,1954-10-27,BALDURIA,PEP-000067,0,wrong_party_common_name
PEPALR-0000353,AMARA VOLSKPOL,,SOLVENNIA,PEP-000089,0,generic_token
PEPALR-0000354,OLUSEGUN MERZONSEV,1982-11-08,ZEMBRATA,PEP-000008,0,wrong_party_translit
PEPALR-0000355,JAMES MOHAMMED,1960-08-15,DRAVELLIA,PEP-000079,0,wrong_party_common_name
PEPALR-0000356,YAKI TENNEFTTASH,1960-04-26,BALDURIA,PEP-000091,0,wrong_party_translit
PEPALR-0000357,LEILA KALDARMOR,,QUELLARA,PEP-000043,0,generic_token
PEPALR-0000358,MATIE SHIBEKKAL,1956-12-21,ZEMBRATA,PEP-000047,0,wrong_party_translit
PEPALR-0000359,CARLOS KHAN,,,PEP-000147,0,common_name_ambiguous
PEPALR-0000360,YUKI RUSSTROYVOL,,MERIDONIA,PEP-000091,0,generic_token
PEPALR-0000361,CARLOS GARCIA,,,PEP-000148,0,common_name_ambiguous
PEPALR-0000362,KWAME RUSMIRDAN,,THALASSIA,PEP-000056,0,generic_token
PEPALR-0000363,CARLOS KHAN,1972-02-13,DRAVELLIA,PEP-000147,0,wrong_party_common_name
PEPALR-0000364,AMARA FERNEFTGOR,,TASHKUVAN,PEP-000138,0,generic_token
PEPALR-0000365,SUSAN SANTOS,1987-12-16,DRAVELLIA,PEP-000048,0,wrong_party_common_name
PEPALR-0000366,VIKTOR NORTEKKAL,,BALDURIA,PEP-000035,0,generic_token
PEPALR-0000367,ANNA SILVA,1964-08-15,KORVANIA,PEP-000117,0,wrong_party_common_name
PEPALR-0000368,VIKTOR QOMTEKPOL,,,PEP-000035,1,
PEPALR-0000369,NADIA DRAVSKDAN,,TASHKUVAN,PEP-000136,0,generic_token
PEPALR-0000370,SVEN GURSTROYKIL,1962-06-16,QUELLARA,PEP-000095,0,wrong_party_translit
PEPALR-0000371,SUSAN SANTOS,1968-03-08,ZEMBRATA,PEP-000048,0,wrong_party_common_name
PEPALR-0000372,PRUYA QEMZONKAL,1986-02-16,SOLVENNIA,PEP-000024,0,wrong_party_translit
PEPALR-0000373,JAMES GARCIA,1981-07-01,BALDURIA,PEP-000067,0,wrong_party_common_name
PEPALR-0000374,VIKTOR FERBEKNOR,,BALDURIA,PEP-000031,0,out_of_scope_former
PEPALR-0000375,SUSAN SANTOS,,,PEP-000048,0,common_name_ambiguous
PEPALR-0000376,JAMES GARCIA,1973-07-20,VESTMARLAND,PEP-000067,0,wrong_party_common_name
PEPALR-0000377,RAVI SEVIANLAN,,QUELLARA,PEP-000121,0,generic_token
PEPALR-0000378,PRIYA TENSKFER,,ARBEQUIA,PEP-000087,0,out_of_scope_former
PEPALR-0000379,MATEO BURLINDRAV,,THALASSIA,PEP-000134,0,generic_token
PEPALR-0000380,JAMES SANTOS,,,PEP-000013,0,common_name_ambiguous
PEPALR-0000381,PRIYA QOMZINKAL,,ARBEQUIA,PEP-000024,0,out_of_scope_former
PEPALR-0000382,SUSAN SANTOS,,,PEP-000130,0,common_name_ambiguous
PEPALR-0000383,TARIQ KALMIRNOR,,VESTMARLAND,PEP-000040,0,out_of_scope_former
PEPALR-0000384,MATEO GORZINNOR,,QUELLARA,PEP-000083,0,generic_token
PEPALR-0000385,CARLOS GARCIA,,,PEP-000148,0,common_name_ambiguous
PEPALR-0000386,SUSAN SANTOS,,,PEP-000130,0,common_name_ambiguous
PEPALR-0000387,OLUSAGIN VOLMIRVOL,1967-03-09,QUELLARA,PEP-000005,0,wrong_party_translit
PEPALR-0000388,JAMES SANTOS,,,PEP-000013,0,common_name_ambiguous
PEPALR-0000389,NADIA DRAVSTROYZAR,,THALASSIA,PEP-000062,0,generic_token
PEPALR-0000390,CARLOS KHAN,1947-09-01,ARBEQUIA,PEP-000147,0,wrong_party_common_name
PEPALR-0000391,NADIA TENRANKRE,,TASHKUVAN,PEP-000049,0,generic_token
PEPALR-0000392,INGRID POLGALRUS,,ARBEQUIA,PEP-000054,0,out_of_scope_former
PEPALR-0000393,JAMES KHAN,,BALDURIA,PEP-000143,0,out_of_scope_former
PEPALR-0000394,INGRID BURRANSHI,,QUELLARA,PEP-000073,0,generic_token
PEPALR-0000395,VUKTOR QEMTEKDIN,1946-04-17,ARBEQUIA,PEP-000053,0,wrong_party_translit
PEPALR-0000396,VIKTOR VOLNEFTRUS,,SOLVENNIA,PEP-000098,0,generic_token
PEPALR-0000397,AMARA MORVASHPOL,1990-12-06,BALDURIA,PEP-000030,1,
PEPALR-0000398,JAMES KIM,,MERIDONIA,PEP-000023,0,out_of_scope_former
PEPALR-0000399,DAVID GARCIA,1986-07-13,VESTMARLAND,PEP-000012,0,wrong_party_common_name
PEPALR-0000400,VIKTOR NORNIFTVER,1982-09-10,BALDURIA,PEP-000096,0,wrong_party_translit
PEPALR-0000401,MATEO RUSVASHRUS,,,PEP-000115,1,
PEPALR-0000402,KWAME QOMKOVBUR,,ZEMBRATA,PEP-000056,0,generic_token
PEPALR-0000403,INGRID RUSSOLDAN,,BALDURIA,PEP-000054,0,generic_token
PEPALR-0000404,OLUSEGUN NORSKSEV,,THALASSIA,PEP-000008,0,generic_token
PEPALR-0000405,ANNA SILVA,,,PEP-000117,0,common_name_ambiguous
PEPALR-0000406,SVEN FERSTROYPOL,,ARBEQUIA,PEP-000034,0,generic_token
PEPALR-0000407,NADOA VERSOLRUS,1974-10-09,THALASSIA,PEP-000062,0,wrong_party_translit
PEPALR-0000408,INGRUD TASHMARROS,1947-05-03,ARBEQUIA,PEP-000073,0,wrong_party_translit
PEPALR-0000409,DAVID SILVA,,,PEP-000093,0,common_name_ambiguous
PEPALR-0000410,KWAME NORVASHKAL,,KORVANIA,PEP-000068,0,out_of_scope_former
PEPALR-0000411,NADOA GORTOKFER,1953-10-09,TASHKUVAN,PEP-000044,0,wrong_party_translit
PEPALR-0000412,AMARA VARSTROYQOM,,THALASSIA,PEP-000030,0,generic_token
PEPALR-0000413,VAKTOR QOMTEKPOL,1947-02-22,SOLVENNIA,PEP-000035,0,wrong_party_translit
PEPALR-0000414,CARLOS GARCIA,1942-08-12,VESTMARLAND,PEP-000148,0,wrong_party_common_name
PEPALR-0000415,CARLOS PARK,,,PEP-000094,0,common_name_ambiguous
PEPALR-0000416,CARLOS KHAN,,,PEP-000147,0,common_name_ambiguous
PEPALR-0000417,SUSAN SANTOS,1943-09-26,ARBEQUIA,PEP-000048,0,wrong_party_common_name
PEPALR-0000418,DAVID SANTOS,,SOLVENNIA,PEP-000092,0,out_of_scope_former
PEPALR-0000419,DMITRI BURZINRUS,,DRAVELLIA,PEP-000025,0,out_of_scope_former
PEPALR-0000420,JAMES MOHAMMED,1964-10-04,DRAVELLIA,PEP-000079,0,wrong_party_common_name
PEPALR-0000421,KWAME SHITEKQOM,,NORVENIA,PEP-000029,0,generic_token
PEPALR-0000422,PRIYA FERRANQOM,,ARBEQUIA,PEP-000070,0,out_of_scope_former
PEPALR-0000423,MATEO KALSOLDRAV,,QUELLARA,PEP-000057,0,generic_token
PEPALR-0000424,DAVID SILVA,1946-12-09,BALDURIA,PEP-000093,0,wrong_party_common_name
PEPALR-0000425,VIKTOR TASHDARVAR,,KORVANIA,PEP-000031,0,generic_token
PEPALR-0000426,MATEO KALBEKSHI,,THALASSIA,PEP-000134,0,out_of_scope_former
PEPALR-0000427,INGRID POLGALRUS,,VESTMARLAND,PEP-000054,0,out_of_scope_former
PEPALR-0000428,JAMES GARCIA,1943-04-27,QUELLARA,PEP-000067,0,wrong_party_common_name
PEPALR-0000429,JAMES CHEN,1956-06-12,MERIDONIA,PEP-000116,0,wrong_party_common_name
PEPALR-0000430,VIKTOR ZARMUNKRE,,DRAVELLIA,PEP-000053,0,generic_token
PEPALR-0000431,JAMES MOHAMMED,,,PEP-000079,0,common_name_ambiguous
PEPALR-0000432,MATEO BURGALKAL,,DRAVELLIA,PEP-000083,0,generic_token
PEPALR-0000433,HANNE POLSOLTEN,,VESTMARLAND,PEP-000084,0,out_of_scope_former
PEPALR-0000434,KWAME LANMUNRUS,,SOLVENNIA,PEP-000029,0,out_of_scope_former
PEPALR-0000435,SVEN GIRNEFTKAL,1954-06-11,SOLVENNIA,PEP-000100,0,wrong_party_translit
PEPALR-0000436,HINNE GORIINTEN,1941-03-24,BALDURIA,PEP-000102,0,wrong_party_translit
PEPALR-0000437,JAMES SANTOS,,,PEP-000013,0,common_name_ambiguous
PEPALR-0000438,PRIYA QOMZINKAL,,ARBEQUIA,PEP-000024,0,out_of_scope_former
PEPALR-0000439,PRIYA POLTEKZAR,,MERIDONIA,PEP-000001,0,out_of_scope_former
PEPALR-0000440,CARLOS PARK,1979-03-03,SOLVENNIA,PEP-000094,0,wrong_party_common_name
PEPALR-0000441,MATEO SHIBEKKAL,,QUELLARA,PEP-000047,0,out_of_scope_former
PEPALR-0000442,JAMES GARCIA,1941-01-22,DRAVELLIA,PEP-000067,0,wrong_party_common_name
PEPALR-0000443,VEKTOR VOLGALPOL,1977-10-15,SOLVENNIA,PEP-000071,0,wrong_party_translit
PEPALR-0000444,DMITRI GORSKSEV,,DRAVELLIA,PEP-000065,0,generic_token
PEPALR-0000445,JAMES SANTOS,1968-05-12,ARBEQUIA,PEP-000013,0,wrong_party_common_name
PEPALR-0000446,PRAYA QUMDARKRE,1988-08-10,KORVANIA,PEP-000000,0,wrong_party_translit
PEPALR-0000447,VIKTOR QOMKOVSHI,,DRAVELLIA,PEP-000096,0,generic_token
PEPALR-0000448,SUSAN SANTOS,,,PEP-000130,0,common_name_ambiguous
PEPALR-0000449,MEI SILVA,1964-04-09,ZEMBRATA,PEP-000119,0,wrong_party_common_name
PEPALR-0000450,CARLOS PARK,1958-11-24,MERIDONIA,PEP-000094,0,wrong_party_common_name
PEPALR-0000451,INGRID RUSSOLFER,,ZEMBRATA,PEP-000007,0,out_of_scope_former
PEPALR-0000452,SUSAN KIM,,QUELLARA,PEP-000055,0,out_of_scope_former
PEPALR-0000453,DAVID GARCIA,1974-01-06,ZEMBRATA,PEP-000012,0,wrong_party_common_name
PEPALR-0000454,MEI MOHAMMED,1986-01-08,ZEMBRATA,PEP-000135,0,wrong_party_common_name
PEPALR-0000455,HANNE MORSKRUS,,QUELLARA,PEP-000064,0,out_of_scope_former
PEPALR-0000456,VIKTOR DRAVIANFER,,TASHKUVAN,PEP-000004,0,out_of_scope_former
PEPALR-0000457,RAVI SHIDORBUR,,BALDURIA,PEP-000009,0,generic_token
PEPALR-0000458,MEI SILVA,1940-02-25,THALASSIA,PEP-000119,0,wrong_party_common_name
PEPALR-0000459,MATEO QOMOVALAN,,QUELLARA,PEP-000066,0,generic_token
PEPALR-0000460,JAMES MOHAMMED,1970-07-22,NORVENIA,PEP-000079,0,wrong_party_common_name
PEPALR-0000461,DAVID GARCIA,1987-09-17,ZEMBRATA,PEP-000012,0,wrong_party_common_name
PEPALR-0000462,SUSAN PARK,,KORVANIA,PEP-000042,0,out_of_scope_former
PEPALR-0000463,CARLOS SANTOS,1955-11-14,KORVANIA,PEP-000037,0,wrong_party_common_name
PEPALR-0000464,LEILI DRAVSTRIYMAR,1955-03-16,ZEMBRATA,PEP-000019,0,wrong_party_translit
PEPALR-0000465,KWAMU SAVNIFTBUR,1954-06-18,SOLVENNIA,PEP-000125,0,wrong_party_translit
PEPALR-0000466,MATEO LANKOVRUS,,DRAVELLIA,PEP-000066,0,generic_token
PEPALR-0000467,DAVID GARCIA,1971-12-15,MERIDONIA,PEP-000012,0,wrong_party_common_name
PEPALR-0000468,AMARA DANNEFTSHI,,DRAVELLIA,PEP-000030,0,generic_token
PEPALR-0000469,TARIQ SEVDORFER,,MERIDONIA,PEP-000132,0,out_of_scope_former
PEPALR-0000470,HANNE POLSOLTEN,,NORVENIA,PEP-000084,0,out_of_scope_former
PEPALR-0000471,MATEO KALBEKSHI,,THALASSIA,PEP-000134,0,out_of_scope_former
PEPALR-0000472,ANNA SILVA,1989-10-08,DRAVELLIA,PEP-000117,0,wrong_party_common_name
PEPALR-0000473,MATEO RUSSTROYGOR,,SOLVENNIA,PEP-000083,0,generic_token
PEPALR-0000474,AMARA SHISTROYKAL,,SOLVENNIA,PEP-000133,0,out_of_scope_former
PEPALR-0000475,JAMES SANTOS,1942-03-06,KORVANIA,PEP-000013,0,wrong_party_common_name
PEPALR-0000476,PRIYA QOMZINKAL,,ARBEQUIA,PEP-000024,0,out_of_scope_former
PEPALR-0000477,DAVID PARK,,THALASSIA,PEP-000088,0,out_of_scope_former
PEPALR-0000478,DAVID SILVA,1978-12-03,KORVANIA,PEP-000093,0,wrong_party_common_name
PEPALR-0000479,OMAR KIM,1945-08-26,SOLVENNIA,PEP-000145,0,wrong_party_common_name
PEPALR-0000480,HANNE POLIANLAN,,THALASSIA,PEP-000078,0,out_of_scope_former
PEPALR-0000481,INGRID VARVASHSEV,,KORVANIA,PEP-000097,0,out_of_scope_former
PEPALR-0000482,HANNU KRIMENQOM,1973-11-08,VESTMARLAND,PEP-000033,0,wrong_party_translit
PEPALR-0000483,CARLOS GARCIA,1966-12-04,SOLVENNIA,PEP-000148,0,wrong_party_common_name
PEPALR-0000484,OLUSEGUN TENZINBUR,,TASHKUVAN,PEP-000114,0,generic_token
PEPALR-0000485,AMARA VARNEFTGOR,,VESTMARLAND,PEP-000137,0,out_of_scope_former
PEPALR-0000486,NODEA SHEDARDRAV,1964-09-24,NORVENIA,PEP-000049,0,wrong_party_translit
PEPALR-0000487,INGRID TASHMIRRUS,,MERIDONIA,PEP-000073,0,out_of_scope_former
PEPALR-0000488,OLUSEGUN MORZINSEV,1950-09-25,QUELLARA,PEP-000008,1,
PEPALR-0000489,SUSAN MOHAMMED,,,PEP-000109,0,common_name_ambiguous
PEPALR-0000490,PRIYA KREBEKBUR,,,PEP-000146,1,
PEPALR-0000491,NADIA SHIMUNDAN,,,PEP-000076,1,
PEPALR-0000492,VIKTOR NORVASHPOL,,KORVANIA,PEP-000124,0,out_of_scope_former
PEPALR-0000493,CARLOS PARK,1963-10-08,BALDURIA,PEP-000094,0,wrong_party_common_name
PEPALR-0000494,VUKTOR DINDORGIR,1971-12-23,VESTMARLAND,PEP-000090,0,wrong_party_translit
PEPALR-0000495,SUSAN MOHAMMED,1942-12-26,VESTMARLAND,PEP-000109,0,wrong_party_common_name
PEPALR-0000496,SVEN MORRANTEN,,ARBEQUIA,PEP-000126,0,generic_token
PEPALR-0000497,DAVID SILVA,1987-11-28,KORVANIA,PEP-000093,0,wrong_party_common_name
PEPALR-0000498,OLUSEGUN VOLMIRVOL,,KORVANIA,PEP-000005,0,out_of_scope_former
PEPALR-0000499,NADIA VARSOLRUS,,BALDURIA,PEP-000062,0,out_of_scope_former
PEPALR-0000500,RAVI POLLINNOR,,BALDURIA,PEP-000060,0,generic_token
PEPALR-0000501,HANNE TASHBEKNOR,,QUELLARA,PEP-000022,0,generic_token
PEPALR-0000502,MEI SILVA,1956-02-13,MERIDONIA,PEP-000119,0,wrong_party_common_name
PEPALR-0000503,KWAME TASHDORSHI,,BALDURIA,PEP-000125,0,generic_token
PEPALR-0000504,VIKTOR SHILINQOM,,ZEMBRATA,PEP-000031,0,generic_token
PEPALR-0000505,JAMES KHAN,,ZEMBRATA,PEP-000143,0,out_of_scope_former
PEPALR-0000506,PRIYA FERRANQOM,,DRAVELLIA,PEP-000070,0,out_of_scope_former
PEPALR-0000507,SVEN SEVNEFTKAL,,VESTMARLAND,PEP-000126,0,generic_token
PEPALR-0000508,YUKI TASHVASHVOL,,BALDURIA,PEP-000099,0,generic_token
PEPALR-0000509,VIKTER NORVASHPOL,1958-01-11,THALASSIA,PEP-000124,0,wrong_party_translit
PEPALR-0000510,VIKTIR VOLGALPOL,1975-08-20,THALASSIA,PEP-000071,0,wrong_party_translit
PEPALR-0000511,MATEO ZARSOLDAN,,SOLVENNIA,PEP-000106,0,generic_token
PEPALR-0000512,DAVID GARCIA,1958-04-26,THALASSIA,PEP-000012,0,wrong_party_common_name
PEPALR-0000513,ANNA MOHAMMED,1944-07-22,NORVENIA,PEP-000010,0,wrong_party_common_name
PEPALR-0000514,ANNA SILVA,,,PEP-000117,0,common_name_ambiguous
PEPALR-0000515,MEI SILVA,1954-07-17,THALASSIA,PEP-000119,0,wrong_party_common_name
PEPALR-0000516,YUKU KELSKDREV,1955-09-10,DRAVELLIA,PEP-000140,0,wrong_party_translit
PEPALR-0000517,LEILA KALRANKAL,,SOLVENNIA,PEP-000002,0,generic_token
PEPALR-0000518,CARLOS KHAN,,,PEP-000147,0,common_name_ambiguous
PEPALR-0000519,CARLOS PARK,1964-01-18,BALDURIA,PEP-000094,0,wrong_party_common_name
PEPALR-0000520,SUSAN SANTOS,,,PEP-000048,0,common_name_ambiguous
PEPALR-0000521,JAMES KHAN,,SOLVENNIA,PEP-000143,0,out_of_scope_former
PEPALR-0000522,VIKTOR NORVASHPOL,,NORVENIA,PEP-000124,0,out_of_scope_former
PEPALR-0000523,HINNE PILSELTEN,1984-12-17,TASHKUVAN,PEP-000084,0,wrong_party_translit
PEPALR-0000524,SUSAN SANTOS,,,PEP-000048,0,common_name_ambiguous
PEPALR-0000525,VIKTOR FERBEKNOR,,MERIDONIA,PEP-000031,0,out_of_scope_former
PEPALR-0000526,KWAME MORDARZAR,,DRAVELLIA,PEP-000029,0,generic_token
PEPALR-0000527,HANNE POLIANLAN,,THALASSIA,PEP-000078,0,out_of_scope_former
PEPALR-0000528,CARLOS PARK,,,PEP-000094,0,common_name_ambiguous
PEPALR-0000529,SUSAN SANTOS,1951-01-25,NORVENIA,PEP-000048,0,wrong_party_common_name
PEPALR-0000530,TARIQ SEVDORFER,,KORVANIA,PEP-000132,0,out_of_scope_former
PEPALR-0000531,INGRID TASHLINFER,,QUELLARA,PEP-000073,0,generic_token
PEPALR-0000532,AMARA VIRSTROYQOM,1954-01-14,KORVANIA,PEP-000139,0,wrong_party_translit
PEPALR-0000533,DAVID SILVA,,,PEP-000093,0,common_name_ambiguous
PEPALR-0000534,JAMES MOHAMMED,,,PEP-000079,0,common_name_ambiguous
PEPALR-0000535,MEI MOHAMMED,,,PEP-000135,0,common_name_ambiguous
PEPALR-0000536,NADIA VARSOLRUS,,BALDURIA,PEP-000062,0,out_of_scope_former
PEPALR-0000537,INGRID RUSBEKRUS,,VESTMARLAND,PEP-000097,0,generic_token
PEPALR-0000538,SUSAN CHEN,,THALASSIA,PEP-000105,0,out_of_scope_former
PEPALR-0000539,HANNE POLSOLTEN,,KORVANIA,PEP-000084,0,out_of_scope_former
PEPALR-0000540,CARLOS GARCIA,1965-12-02,MERIDONIA,PEP-000148,0,wrong_party_common_name
PEPALR-0000541,RAVI LANGALPOL,,ARBEQUIA,PEP-000006,0,generic_token
PEPALR-0000542,NADIA POLNEFTTEN,,NORVENIA,PEP-000044,0,generic_token
PEPALR-0000543,CARLOS KHAN,1949-08-27,SOLVENNIA,PEP-000147,0,wrong_party_common_name
PEPALR-0000544,SVEN BURSKTASH,,ARBEQUIA,PEP-000018,0,generic_token
PEPALR-0000545,TARIQ KALMIRNOR,,THALASSIA,PEP-000040,0,out_of_scope_former
PEPALR-0000546,JAMES SANTOS,,,PEP-000013,0,common_name_ambiguous
PEPALR-0000547,INGRID BURZINNOR,,ZEMBRATA,PEP-000118,0,generic_token
PEPALR-0000548,JAMES KIM,,ARBEQUIA,PEP-000023,0,out_of_scope_former
PEPALR-0000549,JAMES GARCIA,,,PEP-000067,0,common_name_ambiguous
PEPALR-0000550,VIKTOR FERBEKNOR,,VESTMARLAND,PEP-000031,0,out_of_scope_former
PEPALR-0000551,DMITRI TASHNEFTVOL,,ARBEQUIA,PEP-000025,0,generic_token
PEPALR-0000552,KWAME SEVNEFTKRE,,TASHKUVAN,PEP-000068,0,generic_token
PEPALR-0000553,CARLOS PARK,1940-08-16,QUELLARA,PEP-000094,0,wrong_party_common_name
PEPALR-0000554,OMAR KIM,1955-04-19,SOLVENNIA,PEP-000145,0,wrong_party_common_name
PEPALR-0000555,JAMES KIM,,KORVANIA,PEP-000023,0,out_of_scope_former
PEPALR-0000556,AMARA SHISTROYKAL,,BALDURIA,PEP-000133,0,out_of_scope_former
PEPALR-0000557,ANNA SILVA,1942-03-28,KORVANIA,PEP-000117,0,wrong_party_common_name
PEPALR-0000558,PRIYA MORIANVOL,,ZEMBRATA,PEP-000046,0,generic_token
PEPALR-0000559,SUSAN MOHAMMED,1979-11-23,VESTMARLAND,PEP-000109,0,wrong_party_common_name
PEPALR-0000560,HANNE TENOVASEV,,DRAVELLIA,PEP-000086,0,out_of_scope_former
PEPALR-0000561,SUSAN MOHAMMED,1960-06-13,ZEMBRATA,PEP-000109,0,wrong_party_common_name
PEPALR-0000562,OLUSEGUN SEVDORTASH,,ZEMBRATA,PEP-000008,0,generic_token
PEPALR-0000563,METEA KREDORPAL,1970-12-23,VESTMARLAND,PEP-000082,0,wrong_party_translit
PEPALR-0000564,SUSAN MOHAMMED,,,PEP-000109,0,common_name_ambiguous
PEPALR-0000565,TARIQ GORRANTASH,,VESTMARLAND,PEP-000040,0,generic_token
PEPALR-0000566,MATEO KALBEKSHI,,VESTMARLAND,PEP-000134,0,out_of_scope_former
PEPALR-0000567,AMARI MARVUSHPOL,1966-01-11,DRAVELLIA,PEP-000030,0,wrong_party_translit
PEPALR-0000568,PRIYA QOMDARKRE,,THALASSIA,PEP-000000,0,out_of_scope_former
PEPALR-0000569,MATEO SEVLINSHI,,DRAVELLIA,PEP-000047,0,generic_token
PEPALR-0000570,JAMES CHEN,1961-07-24,VESTMARLAND,PEP-000116,0,wrong_party_common_name
PEPALR-0000571,JAMES GARCIA,1952-06-27,DRAVELLIA,PEP-000067,0,wrong_party_common_name
PEPALR-0000572,PRIYA TENSKFER,,SOLVENNIA,PEP-000087,0,out_of_scope_former
PEPALR-0000573,MEI MOHAMMED,1974-06-15,ARBEQUIA,PEP-000135,0,wrong_party_common_name
PEPALR-0000574,CARLOS KHAN,1959-10-24,SOLVENNIA,PEP-000147,0,wrong_party_common_name
PEPALR-0000575,NADIA GORTEKFER,,DRAVELLIA,PEP-000044,0,out_of_scope_former
PEPALR-0000576,ANNA SILVA,,,PEP-000117,0,common_name_ambiguous
PEPALR-0000577,ANNA MOHAMMED,1961-07-21,MERIDONIA,PEP-000010,0,wrong_party_common_name
PEPALR-0000578,MEI CHEN,,ZEMBRATA,PEP-000072,0,out_of_scope_former
PEPALR-0000579,MATEO MOROVADRAV,,ARBEQUIA,PEP-000115,0,generic_token
PEPALR-0000580,MATEO POLGALLAN,,MERIDONIA,PEP-000057,0,generic_token
PEPALR-0000581,DAVID GARCIA,1989-04-03,QUELLARA,PEP-000012,0,wrong_party_common_name
PEPALR-0000582,NADIA TASHSTROYMOR,,QUELLARA,PEP-000076,0,generic_token
PEPALR-0000583,NADIA VARSOLRUS,,SOLVENNIA,PEP-000062,0,out_of_scope_former
PEPALR-0000584,TARIQ TASHSTROYVOL,,QUELLARA,PEP-000080,0,generic_token
PEPALR-0000585,SVEN ZARGALVOL,,SOLVENNIA,PEP-000018,0,generic_token
PEPALR-0000586,AMARA POLOVAKRE,,MERIDONIA,PEP-000051,0,generic_token
PEPALR-0000587,LEILA DANGALLAN,,DRAVELLIA,PEP-000002,0,generic_token
PEPALR-0000588,MATEO FERLINSOV,1947-01-20,MERIDONIA,PEP-000083,0,wrong_party_translit
PEPALR-0000589,ANNA SILVA,1975-06-09,TASHKUVAN,PEP-000117,0,wrong_party_common_name
PEPALR-0000590,VIKTOR QOMNEFTNOR,,NORVENIA,PEP-000090,0,generic_token
PEPALR-0000591,MATEU TASHMIRGOR,1943-02-14,ARBEQUIA,PEP-000066,0,wrong_party_translit
PEPALR-0000592,LEILA FERDARMOR,,QUELLARA,PEP-000129,0,out_of_scope_former
PEPALR-0000593,AMARA SHUSTROYKAL,1946-08-10,SOLVENNIA,PEP-000133,0,wrong_party_translit
PEPALR-0000594,VIKTOR QOMMIRTASH,,VESTMARLAND,PEP-000071,0,generic_token
PEPALR-0000595,KWEME LANMUNRUS,1970-02-12,QUELLARA,PEP-000029,0,wrong_party_translit
PEPALR-0000596,ANNA SILVA,1978-10-05,MERIDONIA,PEP-000117,0,wrong_party_common_name
PEPALR-0000597,LEILA KREBEKSHI,,SOLVENNIA,PEP-000129,0,generic_token
PEPALR-0000598,PRUYI FURRANQOM,1944-06-07,THALASSIA,PEP-000070,0,wrong_party_translit
PEPALR-0000599,DMITRI DANBEKSHI,,THALASSIA,PEP-000065,0,generic_token
PEPALR-0000600,RAVI DANDORKRE,,QUELLARA,PEP-000009,0,generic_token
PEPALR-0000601,MEI MOHAMMED,1951-05-13,ZEMBRATA,PEP-000135,0,wrong_party_common_name
PEPALR-0000602,VIKTOR RUSBEKVAR,,SOLVENNIA,PEP-000096,0,generic_token
PEPALR-0000603,SUSAN SANTOS,1977-11-26,KORVANIA,PEP-000048,0,wrong_party_common_name
PEPALR-0000604,KWAME SHIGALRUS,,VESTMARLAND,PEP-000068,0,generic_token
PEPALR-0000605,JAMES CHEN,1959-10-26,SOLVENNIA,PEP-000116,0,wrong_party_common_name
PEPALR-0000606,SUSAN SANTOS,,,PEP-000130,0,common_name_ambiguous
PEPALR-0000607,JAMES SANTOS,,,PEP-000013,0,common_name_ambiguous
PEPALR-0000608,DAVID SANTOS,,TASHKUVAN,PEP-000092,0,out_of_scope_former
PEPALR-0000609,CARLOS GARCIA,1943-01-23,MERIDONIA,PEP-000148,0,wrong_party_common_name
PEPALR-0000610,YUKU KALSKDROV,1985-07-13,ARBEQUIA,PEP-000140,0,wrong_party_translit
PEPALR-0000611,JAMES GARCIA,1970-03-07,MERIDONIA,PEP-000067,0,wrong_party_common_name
PEPALR-0000612,SUSAN SANTOS,,,PEP-000130,0,common_name_ambiguous
PEPALR-0000613,SUSAN SANTOS,,,PEP-000048,0,common_name_ambiguous
PEPALR-0000614,ANNA MOHAMMED,1949-12-16,SOLVENNIA,PEP-000010,0,wrong_party_common_name
PEPALR-0000615,JAMES SANTOS,,,PEP-000013,0,common_name_ambiguous
PEPALR-0000616,YUKI POLMUNFER,,TASHKUVAN,PEP-000140,0,generic_token
PEPALR-0000617,HANNE POLSOLTEN,,BALDURIA,PEP-000084,0,out_of_scope_former
PEPALR-0000618,VIKTOR NORVASHPOL,,THALASSIA,PEP-000124,0,out_of_scope_former
PEPALR-0000619,HANNE POLIANLAN,,VESTMARLAND,PEP-000078,0,out_of_scope_former
PEPALR-0000620,OMAR KIM,,,PEP-000145,0,common_name_ambiguous
PEPALR-0000621,OMAR KIM,1984-02-05,THALASSIA,PEP-000145,0,wrong_party_common_name
PEPALR-0000622,CARLOS PARK,,,PEP-000094,0,common_name_ambiguous
PEPALR-0000623,JAMES SANTOS,1955-08-21,THALASSIA,PEP-000013,0,wrong_party_common_name
PEPALR-0000624,VIKTOR SHIGALFER,,KORVANIA,PEP-000108,0,generic_token
PEPALR-0000625,PRIYA QOMDARKRE,,QUELLARA,PEP-000000,0,out_of_scope_former
PEPALR-0000626,INGRID POLGALRIS,1986-10-09,KORVANIA,PEP-000054,0,wrong_party_translit
PEPALR-0000627,VIKTOR NORVASHPOL,,TASHKUVAN,PEP-000124,0,out_of_scope_former
PEPALR-0000628,YUKI ZARGALVAR,,ZEMBRATA,PEP-000099,0,generic_token
PEPALR-0000629,CARLOS PARK,1956-03-20,KORVANIA,PEP-000094,0,wrong_party_common_name
PEPALR-0000630,LEILA FERDARMOR,,SOLVENNIA,PEP-000129,0,out_of_scope_former
PEPALR-0000631,TARIQ QOMDORBUR,,MERIDONIA,PEP-000040,0,generic_token
PEPALR-0000632,MITEU KALVASHGOR,1986-11-06,VESTMARLAND,PEP-000011,0,wrong_party_translit
PEPALR-0000633,HANNO GORIANTUN,1970-12-25,MERIDONIA,PEP-000102,0,wrong_party_translit
PEPALR-0000634,YUKI VARTEKTASH,,ARBEQUIA,PEP-000059,0,generic_token
PEPALR-0000635,SVEN DRAVDARSEV,1977-03-06,MERIDONIA,PEP-000126,1,
PEPALR-0000636,VIKTOR DRAVIANFER,,THALASSIA,PEP-000004,0,out_of_scope_former
PEPALR-0000637,AMERA VAROVATOSH,1981-10-13,QUELLARA,PEP-000138,0,wrong_party_translit
PEPALR-0000638,RAVI DANSTROYGOR,,DRAVELLIA,PEP-000121,0,generic_token
PEPALR-0000639,JAMES CHEN,,,PEP-000116,0,common_name_ambiguous
PEPALR-0000640,NADIA NORKOVTEN,,ZEMBRATA,PEP-000136,0,generic_token
PEPALR-0000641,VIKTOR QOMGALDRAV,,KORVANIA,PEP-000053,0,generic_token
PEPALR-0000642,VIKTOR SHIGALSEV,1984-01-06,SOLVENNIA,PEP-000128,1,
PEPALR-0000643,VIKTOR KREZINNOR,,TASHKUVAN,PEP-000096,0,generic_token
PEPALR-0000644,HANNE DANNEFTKRE,,THALASSIA,PEP-000102,0,generic_token
PEPALR-0000645,OLUSEGUN BURVESHVEL,1957-01-13,ARBEQUIA,PEP-000104,0,wrong_party_translit
PEPALR-0000646,CARLOS PARK,1951-08-03,QUELLARA,PEP-000094,0,wrong_party_common_name
PEPALR-0000647,MEI SILVA,1951-11-16,ZEMBRATA,PEP-000119,0,wrong_party_common_name
PEPALR-0000648,HANNE FERZINPOL,,NORVENIA,PEP-000033,0,generic_token
PEPALR-0000649,CARLOS PARK,1989-08-01,QUELLARA,PEP-000094,0,wrong_party_common_name
PEPALR-0000650,VIKTOR RUSTEKTASH,,DRAVELLIA,PEP-000004,0,generic_token
PEPALR-0000651,DAVID SANTOS,,QUELLARA,PEP-000092,0,out_of_scope_former
PEPALR-0000652,INGRID RUSSOLFER,,KORVANIA,PEP-000007,0,out_of_scope_former
PEPALR-0000653,LEILA VARZINDAN,,MERIDONIA,PEP-000127,0,generic_token
PEPALR-0000654,VIKTIR MORDARTESH,1969-05-21,BALDURIA,PEP-000108,0,wrong_party_translit
PEPALR-0000655,MEI SILVA,1982-04-10,THALASSIA,PEP-000119,0,wrong_party_common_name
PEPALR-0000656,ANNA SILVA,1971-02-21,QUELLARA,PEP-000117,0,wrong_party_common_name
PEPALR-0000657,JAMES MOHAMMED,1941-12-19,BALDURIA,PEP-000079,0,wrong_party_common_name
PEPALR-0000658,CARLOS GARCIA,1981-05-16,MERIDONIA,PEP-000148,0,wrong_party_common_name
PEPALR-0000659,LEILA VOLBEKVOL,,DRAVELLIA,PEP-000002,0,generic_token
PEPALR-0000660,CARLOS SANTOS,1953-11-22,MERIDONIA,PEP-000037,0,wrong_party_common_name
PEPALR-0000661,VIKTOR SHIDARDAN,,BALDURIA,PEP-000141,0,generic_token
PEPALR-0000662,SUSAN SANTOS,1971-11-01,QUELLARA,PEP-000048,0,wrong_party_common_name
PEPALR-0000663,INGRID LANSTROYDRAV,,TASHKUVAN,PEP-000052,0,out_of_scope_former
PEPALR-0000664,MATEO TASHMIRGOR,,,PEP-000066,1,
PEPALR-0000665,LEILA FERDARMOR,,THALASSIA,PEP-000129,0,out_of_scope_former
PEPALR-0000666,DAVID SILVA,1944-04-14,DRAVELLIA,PEP-000093,0,wrong_party_common_name
PEPALR-0000667,MEI SILVA,,,PEP-000119,0,common_name_ambiguous
PEPALR-0000668,CARLOS GARCIA,,,PEP-000148,0,common_name_ambiguous
PEPALR-0000669,LEILA LANOVADAN,,TASHKUVAN,PEP-000129,0,generic_token
PEPALR-0000670,SUSAN SANTOS,1988-07-06,THALASSIA,PEP-000048,0,wrong_party_common_name
PEPALR-0000671,DAVID SILVA,1977-01-05,ZEMBRATA,PEP-000093,0,wrong_party_common_name
PEPALR-0000672,MEI CHEN,,KORVANIA,PEP-000072,0,out_of_scope_former
PEPALR-0000673,ANNA MOHAMMED,1951-02-23,SOLVENNIA,PEP-000010,0,wrong_party_common_name
PEPALR-0000674,NIDIU TASHGALTUN,1951-10-23,KORVANIA,PEP-000111,0,wrong_party_translit
PEPALR-0000675,VIKTOR NORGALKAL,,ARBEQUIA,PEP-000098,0,generic_token
PEPALR-0000676,SVEN SEVZINTASH,1958-10-07,ZEMBRATA,PEP-000021,1,
PEPALR-0000677,ANNA SILVA,,,PEP-000117,0,common_name_ambiguous
PEPALR-0000678,CARLOS KHAN,,,PEP-000147,0,common_name_ambiguous
PEPALR-0000679,OLUSEGUN LANTEKVOL,,BALDURIA,PEP-000104,0,generic_token
PEPALR-0000680,OMAR KIM,1971-03-06,SOLVENNIA,PEP-000145,0,wrong_party_common_name
PEPALR-0000681,ANNA SILVA,1958-04-14,NORVENIA,PEP-000117,0,wrong_party_common_name
PEPALR-0000682,KWAME POLOVAKRE,,KORVANIA,PEP-000125,0,generic_token
PEPALR-0000683,ANNA MOHAMMED,1971-09-04,ZEMBRATA,PEP-000010,0,wrong_party_common_name
PEPALR-0000684,SVEN DANBEKTEN,,BALDURIA,PEP-000095,0,generic_token
PEPALR-0000685,DAVID SILVA,,,PEP-000093,0,common_name_ambiguous
PEPALR-0000686,INGRUD QOMNEFTTEN,1954-02-16,VESTMARLAND,PEP-000016,0,wrong_party_translit
PEPALR-0000687,SUSAN SANTOS,,,PEP-000048,0,common_name_ambiguous
PEPALR-0000688,TARIQ KALMIRNOR,,TASHKUVAN,PEP-000040,0,out_of_scope_former
PEPALR-0000689,ANNA SILVA,1957-04-11,TASHKUVAN,PEP-000117,0,wrong_party_common_name
PEPALR-0000690,CARLOS PARK,1954-06-25,NORVENIA,PEP-000094,1,
PEPALR-0000691,VIKTOR FERBEKNOR,,NORVENIA,PEP-000031,0,out_of_scope_former
PEPALR-0000692,DMITRI FERNEFTDAN,,MERIDONIA,PEP-000101,0,generic_token
PEPALR-0000693,CARLOS KHAN,1971-04-19,QUELLARA,PEP-000147,0,wrong_party_common_name
PEPALR-0000694,RIVI PELIANMAR,1966-01-02,QUELLARA,PEP-000121,0,wrong_party_translit
PEPALR-0000695,SUSAN KIM,,QUELLARA,PEP-000081,0,out_of_scope_former
PEPALR-0000696,INGRID POLDORQOM,,ZEMBRATA,PEP-000016,0,generic_token
PEPALR-0000697,SUSAN SANTOS,1953-03-12,NORVENIA,PEP-000130,0,wrong_party_common_name
PEPALR-0000698,ANNA MOHAMMED,,,PEP-000010,0,common_name_ambiguous
PEPALR-0000699,MATEO RUSVASHROS,1951-06-21,QUELLARA,PEP-000115,0,wrong_party_translit
PEPALR-0000700,JAMES SANTOS,1964-12-11,MERIDONIA,PEP-000013,0,wrong_party_common_name
PEPALR-0000701,CARLOS PARK,,,PEP-000094,1,
PEPALR-0000702,NADIA GORTEKFER,,ZEMBRATA,PEP-000044,0,out_of_scope_former
PEPALR-0000703,INGRID RISSOLFUR,1979-01-12,DRAVELLIA,PEP-000007,0,wrong_party_translit
PEPALR-0000704,INGRID RUSSOLFER,,BALDURIA,PEP-000007,0,out_of_scope_former
PEPALR-0000705,HANNI PILSOLTON,1957-09-22,NORVENIA,PEP-000084,0,wrong_party_translit
PEPALR-0000706,KWAME NARVASHKOL,1952-08-03,ZEMBRATA,PEP-000068,0,wrong_party_translit
PEPALR-0000707,JAMES SANTOS,1946-03-09,ZEMBRATA,PEP-000013,0,wrong_party_common_name
PEPALR-0000708,NADIA GORTEKFER,,SOLVENNIA,PEP-000044,0,out_of_scope_former
PEPALR-0000709,NEDIO TASHGALTEN,,,PEP-000111,1,
PEPALR-0000710,DAVID SILVA,1973-11-11,ARBEQUIA,PEP-000093,0,wrong_party_common_name
PEPALR-0000711,VIKTOR MORDORDAN,,THALASSIA,PEP-000128,0,generic_token
PEPALR-0000712,HANNE TENOVASEV,,TASHKUVAN,PEP-000086,0,out_of_scope_former
PEPALR-0000713,LIILA FERDARMOR,1962-05-15,TASHKUVAN,PEP-000129,0,wrong_party_translit
PEPALR-0000714,CARLOS GARCIA,1958-03-06,THALASSIA,PEP-000148,0,wrong_party_common_name
PEPALR-0000715,PRIYA BURMIRKRE,,KORVANIA,PEP-000024,0,generic_token
PEPALR-0000716,HANNE POLSOLTEN,,TASHKUVAN,PEP-000084,0,out_of_scope_former
PEPALR-0000717,MATEO MORRANTASH,,DRAVELLIA,PEP-000106,0,generic_token
PEPALR-0000718,CARLOS GARCIA,,,PEP-000148,0,common_name_ambiguous
PEPALR-0000719,MEI SILVA,,,PEP-000119,0,common_name_ambiguous
PEPALR-0000720,DMITRI MORDARZAR,,THALASSIA,PEP-000069,0,generic_token
PEPALR-0000721,NADIA DANGALVAR,,QUELLARA,PEP-000136,0,out_of_scope_former
PEPALR-0000722,SUSAN SANTOS,,,PEP-000048,0,common_name_ambiguous
PEPALR-0000723,MATEO MORZINVAR,,KORVANIA,PEP-000066,0,generic_token
PEPALR-0000724,RAVI FERLINTASH,,ARBEQUIA,PEP-000060,0,out_of_scope_former
PEPALR-0000725,ANNA SILVA,1945-06-02,VESTMARLAND,PEP-000117,0,wrong_party_common_name
PEPALR-0000726,MATEO SHIBEKKAL,,BALDURIA,PEP-000047,0,out_of_scope_former
PEPALR-0000727,MEI MOHAMMED,,,PEP-000135,1,
PEPALR-0000728,MEI SILVA,,,PEP-000119,0,common_name_ambiguous
PEPALR-0000729,INGRID VURVASHSIV,1963-07-12,NORVENIA,PEP-000097,0,wrong_party_translit
PEPALR-0000730,KWAMU NURVOSHKAL,1950-12-14,THALASSIA,PEP-000068,0,wrong_party_translit
PEPALR-0000731,JAMES SANTOS,1949-04-10,MERIDONIA,PEP-000013,0,wrong_party_common_name
PEPALR-0000732,MEI SILVA,1945-01-14,SOLVENNIA,PEP-000119,0,wrong_party_common_name
PEPALR-0000733,RAVI POLIANMOR,,VESTMARLAND,PEP-000121,0,out_of_scope_former
PEPALR-0000734,JAMES GARCIA,1964-05-18,QUELLARA,PEP-000067,0,wrong_party_common_name
PEPALR-0000735,NADIA DANGALVAR,,MERIDONIA,PEP-000136,0,generic_token
PEPALR-0000736,ANNA MOHAMMED,1949-05-10,SOLVENNIA,PEP-000010,0,wrong_party_common_name
PEPALR-0000737,NADIA DANGALVAR,,NORVENIA,PEP-000136,0,out_of_scope_former
PEPALR-0000738,NADIA DANGALVAR,,ZEMBRATA,PEP-000136,0,out_of_scope_former
PEPALR-0000739,INGRID RUSSOLFER,,DRAVELLIA,PEP-000007,0,out_of_scope_former
PEPALR-0000740,INGRID POLGALRUS,,QUELLARA,PEP-000054,0,out_of_scope_former
PEPALR-0000741,MATEO GORKOVDRAV,,TASHKUVAN,PEP-000057,0,generic_token
PEPALR-0000742,MEI MOHAMMED,1984-03-12,TASHKUVAN,PEP-000135,0,wrong_party_common_name
PEPALR-0000743,DMITRE FERDERMER,1988-02-20,TASHKUVAN,PEP-000101,0,wrong_party_translit
PEPALR-0000744,MATEO SEVTEKKAL,,ZEMBRATA,PEP-000134,0,generic_token
PEPALR-0000745,HANNE DRAVLUNVUR,1961-03-04,BALDURIA,PEP-000022,0,wrong_party_translit
PEPALR-0000746,JAMES MOHAMMED,1990-09-20,THALASSIA,PEP-000079,0,wrong_party_common_name
PEPALR-0000747,SUSAN CHEN,,THALASSIA,PEP-000105,0,out_of_scope_former
PEPALR-0000748,MEI MOHAMMED,1944-02-27,TASHKUVAN,PEP-000135,0,wrong_party_common_name
PEPALR-0000749,RAVI FERLINTASH,,TASHKUVAN,PEP-000060,0,out_of_scope_former
PEPALR-0000750,CARLOS KHAN,,,PEP-000147,0,common_name_ambiguous
PEPALR-0000751,MATIO RISVASHRES,1948-04-05,ZEMBRATA,PEP-000115,0,wrong_party_translit
PEPALR-0000752,SVEN NORKOVVAR,,ARBEQUIA,PEP-000018,0,generic_token
PEPALR-0000753,CARLOS KHAN,1977-01-16,NORVENIA,PEP-000147,0,wrong_party_common_name
PEPALR-0000754,PRIYI PILTIKZAR,1941-02-05,NORVENIA,PEP-000001,0,wrong_party_translit
PEPALR-0000755,DMITRI BURZANRUS,1973-04-23,BALDURIA,PEP-000025,0,wrong_party_translit
PEPALR-0000756,CARLOS GARCIA,1940-12-04,BALDURIA,PEP-000148,0,wrong_party_common_name
PEPALR-0000757,VIKTOR KALNEFTPOL,,SOLVENNIA,PEP-000071,0,generic_token
PEPALR-0000758,ANNA SILVA,1964-07-07,MERIDONIA,PEP-000117,0,wrong_party_common_name
PEPALR-0000759,JAMES CHEN,1947-08-04,MERIDONIA,PEP-000116,0,wrong_party_common_name
PEPALR-0000760,MATEO SEVSKVOL,,ZEMBRATA,PEP-000115,0,generic_token
PEPALR-0000761,SUSAN MOHAMMED,1969-10-24,NORVENIA,PEP-000109,0,wrong_party_common_name
PEPALR-0000762,SVEN SHIMUNSEV,,ARBEQUIA,PEP-000034,0,generic_token
PEPALR-0000763,OMAR KIM,1983-06-06,KORVANIA,PEP-000145,0,wrong_party_common_name
PEPALR-0000764,PRIYA QOMZINKAL,,MERIDONIA,PEP-000024,0,out_of_scope_former
PEPALR-0000765,SUSAN SANTOS,1965-07-23,ZEMBRATA,PEP-000048,0,wrong_party_common_name
PEPALR-0000766,JAMES GARCIA,,,PEP-000067,0,common_name_ambiguous
PEPALR-0000767,JAMES CHEN,,,PEP-000116,0,common_name_ambiguous
PEPALR-0000768,VIKTOR KREMIRTEN,,THALASSIA,PEP-000061,0,generic_token
PEPALR-0000769,SVEN DANTEKRUS,,DRAVELLIA,PEP-000126,0,generic_token
PEPALR-0000770,INGRID TASHMIRRUS,,NORVENIA,PEP-000073,0,out_of_scope_former
PEPALR-0000771,DMITRI BURZINRUS,,BALDURIA,PEP-000025,0,out_of_scope_former
PEPALR-0000772,CARLOS SANTOS,1987-01-27,ZEMBRATA,PEP-000037,0,wrong_party_common_name
PEPALR-0000773,JAMES GARCIA,1964-10-22,DRAVELLIA,PEP-000067,0,wrong_party_common_name
PEPALR-0000774,PRIYA QOMZINKAL,,SOLVENNIA,PEP-000024,0,out_of_scope_former
PEPALR-0000775,LEILA POLSTROYSEV,,SOLVENNIA,PEP-000129,0,generic_token
PEPALR-0000776,SUSAN CHEN,,MERIDONIA,PEP-000105,0,out_of_scope_former
PEPALR-0000777,DAVID GARCIA,,,PEP-000012,0,common_name_ambiguous
PEPALR-0000778,CARLOS SANTOS,,,PEP-000037,0,common_name_ambiguous
PEPALR-0000779,OLUSOGEN VARVUSHVOL,1967-03-10,THALASSIA,PEP-000058,0,wrong_party_translit
PEPALR-0000780,AMARA VARSKSHI,,QUELLARA,PEP-000089,0,generic_token
PEPALR-0000781,NADIA VOLSOLDRAV,,QUELLARA,PEP-000076,0,generic_token
PEPALR-0000782,RAVI KALKAVTEN,1948-06-12,THALASSIA,PEP-000107,0,wrong_party_translit
PEPALR-0000783,SVEN MORSOLKRE,,ARBEQUIA,PEP-000100,0,generic_token
PEPALR-0000784,VIKTOR QAMTOKDEN,1959-02-11,TASHKUVAN,PEP-000053,0,wrong_party_translit
PEPALR-0000785,VAKTIR NURLINRUS,,,PEP-000098,1,
PEPALR-0000786,VIKTOR NORVASHPOL,,TASHKUVAN,PEP-000124,0,out_of_scope_former
PEPALR-0000787,OLUSEGUN MORDORGOR,,SOLVENNIA,PEP-000032,0,generic_token
PEPALR-0000788,PRIYA FERRANQOM,,BALDURIA,PEP-000070,0,out_of_scope_former
PEPALR-0000789,VIKTOR NORSKLAN,,NORVENIA,PEP-000128,0,generic_token
PEPALR-0000790,VOKTOR DONDORGAR,1944-10-26,MERIDONIA,PEP-000090,0,wrong_party_translit
PEPALR-0000791,JAMES SANTOS,1981-05-17,NORVENIA,PEP-000013,0,wrong_party_common_name
PEPALR-0000792,SUSAN PARK,,NORVENIA,PEP-000042,0,out_of_scope_former
PEPALR-0000793,RAVI POLIANMOR,,KORVANIA,PEP-000121,0,out_of_scope_former
PEPALR-0000794,TARIQ KALMIRNOR,,BALDURIA,PEP-000040,0,out_of_scope_former
PEPALR-0000795,PRIYA DRAVSKFER,,ARBEQUIA,PEP-000070,0,generic_token
PEPALR-0000796,INGRID GORSTROYKAL,,QUELLARA,PEP-000007,0,generic_token
PEPALR-0000797,SUSAN MOHAMMED,1967-07-11,ZEMBRATA,PEP-000109,0,wrong_party_common_name
PEPALR-0000798,INGRID SEVNEFTDRAV,,SOLVENNIA,PEP-000041,0,generic_token
PEPALR-0000799,DMITRI BURZINRUS,,QUELLARA,PEP-000025,0,out_of_scope_former
