control,selection_seed,item_id,stratum
CTRL-000,42:main:0,CTRL-000-I000084,commercial
CTRL-000,42:main:0,CTRL-000-I000121,commercial
CTRL-000,42:main:0,CTRL-000-I002235,commercial
CTRL-000,42:main:0,CTRL-000-I002321,commercial
CTRL-000,42:main:0,CTRL-000-I004813,commercial
CTRL-000,42:main:0,CTRL-000-I009957,commercial
CTRL-000,42:main:0,CTRL-000-I010143,commercial
CTRL-000,42:main:0,CTRL-000-I010802,commercial
CTRL-000,42:main:0,CTRL-000-I012710,commercial
CTRL-000,42:main:0,CTRL-000-I016550,commercial
CTRL-000,42:main:0,CTRL-000-I017239,commercial
CTRL-000,42:main:0,CTRL-000-I020092,commercial
CTRL-000,42:main:0,CTRL-000-I020119,commercial
CTRL-000,42:main:0,CTRL-000-I020225,commercial
CTRL-000,42:main:0,CTRL-000-I020916,commercial
CTRL-000,42:main:0,CTRL-000-I021141,commercial
CTRL-000,42:main:0,CTRL-000-I021403,commercial
CTRL-000,42:main:0,CTRL-000-I023166,commercial
CTRL-000,42:main:0,CTRL-000-I023360,commercial
CTRL-000,42:main:0,CTRL-000-I025265,commercial
CTRL-000,42:main:0,CTRL-000-I025305,commercial
CTRL-000,42:main:0,CTRL-000-I025309,commercial
CTRL-000,42:main:0,CTRL-000-I027247,commercial
CTRL-000,42:main:0,CTRL-000-I027255,commercial
CTRL-000,42:main:0,CTRL-000-I027540,commercial
CTRL-000,42:main:0,CTRL-000-I028115,commercial
CTRL-000,42:main:0,CTRL-000-I030993,commercial
CTRL-000,42:main:0,CTRL-000-I033333,commercial
CTRL-000,42:main:0,CTRL-000-I034026,commercial
CTRL-000,42:main:0,CTRL-000-I034520,commercial
CTRL-000,42:main:0,CTRL-000-I035524,commercial
CTRL-000,42:main:0,CTRL-000-I036794,commercial
CTRL-000,42:main:0,CTRL-000-I039753,commercial
CTRL-000,42:main:0,CTRL-000-I039823,commercial
CTRL-000,42:main:0,CTRL-000-I000869,digital-channel
CTRL-000,42:main:0,CTRL-000-I001747,digital-channel
CTRL-000,42:main:0,CTRL-000-I002275,digital-channel
CTRL-000,42:main:0,CTRL-000-I002864,digital-channel
CTRL-000,42:main:0,CTRL-000-I004056,digital-channel
CTRL-000,42:main:0,CTRL-000-I004600,digital-channel
CTRL-000,42:main:0,CTRL-000-I006197,digital-channel
CTRL-000,42:main:0,CTRL-000-I006684,digital-channel
CTRL-000,42:main:0,CTRL-000-I007029,digital-channel
CTRL-000,42:main:0,CTRL-000-I007992,digital-channel
CTRL-000,42:main:0,CTRL-000-I008188,digital-channel
CTRL-000,42:main:0,CTRL-000-I012255,digital-channel
CTRL-000,42:main:0,CTRL-000-I012582,digital-channel
CTRL-000,42:main:0,CTRL-000-I015001,digital-channel
CTRL-000,42:main:0,CTRL-000-I016348,digital-channel
CTRL-000,42:main:0,CTRL-000-I016538,digital-channel
CTRL-000,42:main:0,CTRL-000-I017156,digital-channel
CTRL-000,42:main:0,CTRL-000-I020893,digital-channel
CTRL-000,42:main:0,CTRL-000-I021277,digital-channel
CTRL-000,42:main:0,CTRL-000-I021704,digital-channel
CTRL-000,42:main:0,CTRL-000-I022022,digital-channel
CTRL-000,42:main:0,CTRL-000-I022268,digital-channel
CTRL-000,42:main:0,CTRL-000-I023343,digital-channel
CTRL-000,42:main:0,CTRL-000-I024052,digital-channel
CTRL-000,42:main:0,CTRL-000-I024340,digital-channel
CTRL-000,42:main:0,CTRL-000-I024465,digital-channel
CTRL-000,42:main:0,CTRL-000-I024612,digital-channel
CTRL-000,42:main:0,CTRL-000-I024927,digital-channel
CTRL-000,42:main:0,CTRL-000-I025422,digital-channel
CTRL-000,42:main:0,CTRL-000-I026486,digital-channel
CTRL-000,42:main:0,CTRL-000-I028268,digital-channel
CTRL-000,42:main:0,CTRL-000-I028887,digital-channel
CTRL-000,42:main:0,CTRL-000-I029336,digital-channel
CTRL-000,42:main:0,CTRL-000-I030204,digital-channel
CTRL-000,42:main:0,CTRL-000-I033752,digital-channel
CTRL-000,42:main:0,CTRL-000-I033930,digital-channel
CTRL-000,42:main:0,CTRL-000-I035523,digital-channel
CTRL-000,42:main:0,CTRL-000-I036155,digital-channel
CTRL-000,42:main:0,CTRL-000-I036176,digital-channel
CTRL-000,42:main:0,CTRL-000-I037142,digital-channel
CTRL-000,42:main:0,CTRL-000-I000824,private-client
CTRL-000,42:main:0,CTRL-000-I004456,private-client
CTRL-000,42:main:0,CTRL-000-I009418,private-client
CTRL-000,42:main:0,CTRL-000-I011494,private-client
CTRL-000,42:main:0,CTRL-000-I011714,private-client
CTRL-000,42:main:0,CTRL-000-I018116,private-client
CTRL-000,42:main:0,CTRL-000-I018348,private-client
CTRL-000,42:main:0,CTRL-000-I019389,private-client
CTRL-000,42:main:0,CTRL-000-I020619,private-client
CTRL-000,42:main:0,CTRL-000-I024432,private-client
CTRL-000,42:main:0,CTRL-000-I026390,private-client
CTRL-000,42:main:0,CTRL-000-I029858,private-client
CTRL-000,42:main:0,CTRL-000-I030149,private-client
CTRL-000,42:main:0,CTRL-000-I031525,private-client
CTRL-000,42:main:0,CTRL-000-I033634,private-client
CTRL-000,42:main:0,CTRL-000-I034546,private-client
CTRL-000,42:main:0,CTRL-000-I038542,private-client
CTRL-000,42:main:0,CTRL-000-I000873,retail-branch
CTRL-000,42:main:0,CTRL-000-I000971,retail-branch
CTRL-000,42:main:0,CTRL-000-I001238,retail-branch
CTRL-000,42:main:0,CTRL-000-I003062,retail-branch
CTRL-000,42:main:0,CTRL-000-I007445,retail-branch
CTRL-000,42:main:0,CTRL-000-I008284,retail-branch
CTRL-000,42:main:0,CTRL-000-I008784,retail-branch
CTRL-000,42:main:0,CTRL-000-I009440,retail-branch
CTRL-000,42:main:0,CTRL-000-I012357,retail-branch
CTRL-000,42:main:0,CTRL-000-I012393,retail-branch
CTRL-000,42:main:0,CTRL-000-I013646,retail-branch
CTRL-000,42:main:0,CTRL-000-I014781,retail-branch
CTRL-000,42:main:0,CTRL-000-I015651,retail-branch
CTRL-000,42:main:0,CTRL-000-I018629,retail-branch
CTRL-000,42:main:0,CTRL-000-I019118,retail-branch
CTRL-000,42:main:0,CTRL-000-I019906,retail-branch
CTRL-000,42:main:0,CTRL-000-I020026,retail-branch
CTRL-000,42:main:0,CTRL-000-I021563,retail-branch
CTRL-000,42:main:0,CTRL-000-I022074,retail-branch
CTRL-000,42:main:0,CTRL-000-I025616,retail-branch
CTRL-000,42:main:0,CTRL-000-I029633,retail-branch
CTRL-000,42:main:0,CTRL-000-I031972,retail-branch
CTRL-000,42:main:0,CTRL-000-I032585,retail-branch
CTRL-000,42:main:0,CTRL-000-I034105,retail-branch
CTRL-000,42:main:0,CTRL-000-I035779,retail-branch
CTRL-000,42:main:0,CTRL-000-I039808,retail-branch
CTRL-001,42:main:1,CTRL-001-I000502,commercial
CTRL-001,42:main:1,CTRL-001-I000722,commercial
CTRL-001,42:main:1,CTRL-001-I002144,commercial
CTRL-001,42:main:1,CTRL-001-I003069,commercial
CTRL-001,42:main:1,CTRL-001-I004172,commercial
CTRL-001,42:main:1,CTRL-001-I004604,commercial
CTRL-001,42:main:1,CTRL-001-I004926,commercial
CTRL-001,42:main:1,CTRL-001-I005745,commercial
CTRL-001,42:main:1,CTRL-001-I006062,commercial
CTRL-001,42:main:1,CTRL-001-I007589,commercial
CTRL-001,42:main:1,CTRL-001-I008206,commercial
CTRL-001,42:main:1,CTRL-001-I008808,commercial
CTRL-001,42:main:1,CTRL-001-I008985,commercial
CTRL-001,42:main:1,CTRL-001-I009705,commercial
CTRL-001,42:main:1,CTRL-001-I009709,commercial
CTRL-001,42:main:1,CTRL-001-I013754,commercial
CTRL-001,42:main:1,CTRL-001-I014334,commercial
CTRL-001,42:main:1,CTRL-001-I014610,commercial
CTRL-001,42:main:1,CTRL-001-I015047,commercial
CTRL-001,42:main:1,CTRL-001-I015884,commercial
CTRL-001,42:main:1,CTRL-001-I015922,commercial
CTRL-001,42:main:1,CTRL-001-I017719,commercial
CTRL-001,42:main:1,CTRL-001-I019403,commercial
CTRL-001,42:main:1,CTRL-001-I020217,commercial
CTRL-001,42:main:1,CTRL-001-I021558,commercial
CTRL-001,42:main:1,CTRL-001-I023075,commercial
CTRL-001,42:main:1,CTRL-001-I023507,commercial
CTRL-001,42:main:1,CTRL-001-I023667,commercial
CTRL-001,42:main:1,CTRL-001-I025309,commercial
CTRL-001,42:main:1,CTRL-001-I025532,commercial
CTRL-001,42:main:1,CTRL-001-I025656,commercial
CTRL-001,42:main:1,CTRL-001-I026278,commercial
CTRL-001,42:main:1,CTRL-001-I026764,commercial
CTRL-001,42:main:1,CTRL-001-I027254,commercial
CTRL-001,42:main:1,CTRL-001-I028163,commercial
CTRL-001,42:main:1,CTRL-001-I028180,commercial
CTRL-001,42:main:1,CTRL-001-I028229,commercial
CTRL-001,42:main:1,CTRL-001-I029440,commercial
CTRL-001,42:main:1,CTRL-001-I031380,commercial
CTRL-001,42:main:1,CTRL-001-I032060,commercial
CTRL-001,42:main:1,CTRL-001-I032512,commercial
CTRL-001,42:main:1,CTRL-001-I033327,commercial
CTRL-001,42:main:1,CTRL-001-I033482,commercial
CTRL-001,42:main:1,CTRL-001-I034251,commercial
CTRL-001,42:main:1,CTRL-001-I034286,commercial
CTRL-001,42:main:1,CTRL-001-I034739,commercial
CTRL-001,42:main:1,CTRL-001-I035174,commercial
CTRL-001,42:main:1,CTRL-001-I036494,commercial
CTRL-001,42:main:1,CTRL-001-I036518,commercial
CTRL-001,42:main:1,CTRL-001-I036820,commercial
CTRL-001,42:main:1,CTRL-001-I038175,commercial
CTRL-001,42:main:1,CTRL-001-I038371,commercial
CTRL-001,42:main:1,CTRL-001-I039223,commercial
CTRL-001,42:main:1,CTRL-001-I039905,commercial
CTRL-001,42:main:1,CTRL-001-I000158,private-client
CTRL-001,42:main:1,CTRL-001-I000193,private-client
CTRL-001,42:main:1,CTRL-001-I000435,private-client
CTRL-001,42:main:1,CTRL-001-I000716,private-client
CTRL-001,42:main:1,CTRL-001-I000910,private-client
CTRL-001,42:main:1,CTRL-001-I002873,private-client
CTRL-001,42:main:1,CTRL-001-I003240,private-client
CTRL-001,42:main:1,CTRL-001-I004004,private-client
CTRL-001,42:main:1,CTRL-001-I004919,private-client
CTRL-001,42:main:1,CTRL-001-I005841,private-client
CTRL-001,42:main:1,CTRL-001-I006534,private-client
CTRL-001,42:main:1,CTRL-001-I007060,private-client
CTRL-001,42:main:1,CTRL-001-I008737,private-client
CTRL-001,42:main:1,CTRL-001-I008816,private-client
CTRL-001,42:main:1,CTRL-001-I008855,private-client
CTRL-001,42:main:1,CTRL-001-I010366,private-client
CTRL-001,42:main:1,CTRL-001-I010785,private-client
CTRL-001,42:main:1,CTRL-001-I012173,private-client
CTRL-001,42:main:1,CTRL-001-I012248,private-client
CTRL-001,42:main:1,CTRL-001-I013447,private-client
CTRL-001,42:main:1,CTRL-001-I014812,private-client
CTRL-001,42:main:1,CTRL-001-I014859,private-client
CTRL-001,42:main:1,CTRL-001-I015210,private-client
CTRL-001,42:main:1,CTRL-001-I015623,private-client
CTRL-001,42:main:1,CTRL-001-I017894,private-client
CTRL-001,42:main:1,CTRL-001-I018147,private-client
CTRL-001,42:main:1,CTRL-001-I018310,private-client
CTRL-001,42:main:1,CTRL-001-I018889,private-client
CTRL-001,42:main:1,CTRL-001-I019063,private-client
CTRL-001,42:main:1,CTRL-001-I019221,private-client
CTRL-001,42:main:1,CTRL-001-I019629,private-client
CTRL-001,42:main:1,CTRL-001-I020017,private-client
CTRL-001,42:main:1,CTRL-001-I023126,private-client
CTRL-001,42:main:1,CTRL-001-I024562,private-client
CTRL-001,42:main:1,CTRL-001-I025118,private-client
CTRL-001,42:main:1,CTRL-001-I025483,private-client
CTRL-001,42:main:1,CTRL-001-I025780,private-client
CTRL-001,42:main:1,CTRL-001-I026731,private-client
CTRL-001,42:main:1,CTRL-001-I027014,private-client
CTRL-001,42:main:1,CTRL-001-I027041,private-client
CTRL-001,42:main:1,CTRL-001-I027798,private-client
CTRL-001,42:main:1,CTRL-001-I028819,private-client
CTRL-001,42:main:1,CTRL-001-I029858,private-client
CTRL-001,42:main:1,CTRL-001-I030089,private-client
CTRL-001,42:main:1,CTRL-001-I030770,private-client
CTRL-001,42:main:1,CTRL-001-I031082,private-client
CTRL-001,42:main:1,CTRL-001-I031553,private-client
CTRL-001,42:main:1,CTRL-001-I031729,private-client
CTRL-001,42:main:1,CTRL-001-I032388,private-client
CTRL-001,42:main:1,CTRL-001-I033114,private-client
CTRL-001,42:main:1,CTRL-001-I035782,private-client
CTRL-001,42:main:1,CTRL-001-I038273,private-client
CTRL-001,42:main:1,CTRL-001-I038326,private-client
CTRL-001,42:main:1,CTRL-001-I000605,retail-branch
CTRL-001,42:main:1,CTRL-001-I001500,retail-branch
CTRL-001,42:main:1,CTRL-001-I001642,retail-branch
CTRL-001,42:main:1,CTRL-001-I001647,retail-branch
CTRL-001,42:main:1,CTRL-001-I002275,retail-branch
CTRL-001,42:main:1,CTRL-001-I002943,retail-branch
CTRL-001,42:main:1,CTRL-001-I003502,retail-branch
CTRL-001,42:main:1,CTRL-001-I003766,retail-branch
CTRL-001,42:main:1,CTRL-001-I003852,retail-branch
CTRL-001,42:main:1,CTRL-001-I005447,retail-branch
CTRL-001,42:main:1,CTRL-001-I005846,retail-branch
CTRL-001,42:main:1,CTRL-001-I007516,retail-branch
CTRL-001,42:main:1,CTRL-001-I008463,retail-branch
CTRL-001,42:main:1,CTRL-001-I008892,retail-branch
CTRL-001,42:main:1,CTRL-001-I009110,retail-branch
CTRL-001,42:main:1,CTRL-001-I009902,retail-branch
CTRL-001,42:main:1,CTRL-001-I011421,retail-branch
CTRL-001,42:main:1,CTRL-001-I013973,retail-branch
CTRL-001,42:main:1,CTRL-001-I014522,retail-branch
CTRL-001,42:main:1,CTRL-001-I014777,retail-branch
CTRL-001,42:main:1,CTRL-001-I015044,retail-branch
CTRL-001,42:main:1,CTRL-001-I015451,retail-branch
CTRL-001,42:main:1,CTRL-001-I015776,retail-branch
CTRL-001,42:main:1,CTRL-001-I016079,retail-branch
CTRL-001,42:main:1,CTRL-001-I016432,retail-branch
CTRL-001,42:main:1,CTRL-001-I016494,retail-branch
CTRL-001,42:main:1,CTRL-001-I017947,retail-branch
CTRL-001,42:main:1,CTRL-001-I023274,retail-branch
CTRL-001,42:main:1,CTRL-001-I023710,retail-branch
CTRL-001,42:main:1,CTRL-001-I023812,retail-branch
CTRL-001,42:main:1,CTRL-001-I024549,retail-branch
CTRL-001,42:main:1,CTRL-001-I026894,retail-branch
CTRL-001,42:main:1,CTRL-001-I027093,retail-branch
CTRL-001,42:main:1,CTRL-001-I027207,retail-branch
CTRL-001,42:main:1,CTRL-001-I028691,retail-branch
CTRL-001,42:main:1,CTRL-001-I028939,retail-branch
CTRL-001,42:main:1,CTRL-001-I029335,retail-branch
CTRL-001,42:main:1,CTRL-001-I030062,retail-branch
CTRL-001,42:main:1,CTRL-001-I032086,retail-branch
CTRL-001,42:main:1,CTRL-001-I032271,retail-branch
CTRL-001,42:main:1,CTRL-001-I032411,retail-branch
CTRL-001,42:main:1,CTRL-001-I033638,retail-branch
CTRL-001,42:main:1,CTRL-001-I033707,retail-branch
CTRL-001,42:main:1,CTRL-001-I034998,retail-branch
CTRL-001,42:main:1,CTRL-001-I035402,retail-branch
CTRL-001,42:main:1,CTRL-001-I036871,retail-branch
CTRL-001,42:main:1,CTRL-001-I037494,retail-branch
CTRL-001,42:main:1,CTRL-001-I038050,retail-branch
CTRL-001,42:main:1,CTRL-001-I039199,retail-branch
CTRL-002,42:main:2,CTRL-002-I000596,commercial
CTRL-002,42:main:2,CTRL-002-I001909,commercial
CTRL-002,42:main:2,CTRL-002-I002071,commercial
CTRL-002,42:main:2,CTRL-002-I002791,commercial
CTRL-002,42:main:2,CTRL-002-I004784,commercial
CTRL-002,42:main:2,CTRL-002-I004877,commercial
CTRL-002,42:main:2,CTRL-002-I005017,commercial
CTRL-002,42:main:2,CTRL-002-I005254,commercial
CTRL-002,42:main:2,CTRL-002-I006222,commercial
CTRL-002,42:main:2,CTRL-002-I006486,commercial
CTRL-002,42:main:2,CTRL-002-I006762,commercial
CTRL-002,42:main:2,CTRL-002-I008433,commercial
CTRL-002,42:main:2,CTRL-002-I010318,commercial
CTRL-002,42:main:2,CTRL-002-I010345,commercial
CTRL-002,42:main:2,CTRL-002-I010988,commercial
CTRL-002,42:main:2,CTRL-002-I011706,commercial
CTRL-002,42:main:2,CTRL-002-I011826,commercial
CTRL-002,42:main:2,CTRL-002-I014026,commercial
CTRL-002,42:main:2,CTRL-002-I015539,commercial
CTRL-002,42:main:2,CTRL-002-I016612,commercial
CTRL-002,42:main:2,CTRL-002-I018427,commercial
CTRL-002,42:main:2,CTRL-002-I019834,commercial
CTRL-002,42:main:2,CTRL-002-I020015,commercial
CTRL-002,42:main:2,CTRL-002-I020272,commercial
CTRL-002,42:main:2,CTRL-002-I020806,commercial
CTRL-002,42:main:2,CTRL-002-I021085,commercial
CTRL-002,42:main:2,CTRL-002-I022818,commercial
CTRL-002,42:main:2,CTRL-002-I025034,commercial
CTRL-002,42:main:2,CTRL-002-I025104,commercial
CTRL-002,42:main:2,CTRL-002-I025204,commercial
CTRL-002,42:main:2,CTRL-002-I026393,commercial
CTRL-002,42:main:2,CTRL-002-I026792,commercial
CTRL-002,42:main:2,CTRL-002-I026930,commercial
CTRL-002,42:main:2,CTRL-002-I027728,commercial
CTRL-002,42:main:2,CTRL-002-I028815,commercial
CTRL-002,42:main:2,CTRL-002-I031119,commercial
CTRL-002,42:main:2,CTRL-002-I031878,commercial
CTRL-002,42:main:2,CTRL-002-I033509,commercial
CTRL-002,42:main:2,CTRL-002-I033538,commercial
CTRL-002,42:main:2,CTRL-002-I035018,commercial
CTRL-002,42:main:2,CTRL-002-I035854,commercial
CTRL-002,42:main:2,CTRL-002-I036089,commercial
CTRL-002,42:main:2,CTRL-002-I036344,commercial
CTRL-002,42:main:2,CTRL-002-I036885,commercial
CTRL-002,42:main:2,CTRL-002-I037403,commercial
CTRL-002,42:main:2,CTRL-002-I037576,commercial
CTRL-002,42:main:2,CTRL-002-I038015,commercial
CTRL-002,42:main:2,CTRL-002-I000486,digital-channel
CTRL-002,42:main:2,CTRL-002-I001248,digital-channel
CTRL-002,42:main:2,CTRL-002-I001820,digital-channel
CTRL-002,42:main:2,CTRL-002-I002423,digital-channel
CTRL-002,42:main:2,CTRL-002-I002486,digital-channel
CTRL-002,42:main:2,CTRL-002-I003273,digital-channel
CTRL-002,42:main:2,CTRL-002-I003404,digital-channel
CTRL-002,42:main:2,CTRL-002-I003795,digital-channel
CTRL-002,42:main:2,CTRL-002-I004944,digital-channel
CTRL-002,42:main:2,CTRL-002-I008127,digital-channel
CTRL-002,42:main:2,CTRL-002-I008131,digital-channel
CTRL-002,42:main:2,CTRL-002-I011393,digital-channel
CTRL-002,42:main:2,CTRL-002-I011714,digital-channel
CTRL-002,42:main:2,CTRL-002-I013414,digital-channel
CTRL-002,42:main:2,CTRL-002-I014711,digital-channel
CTRL-002,42:main:2,CTRL-002-I015257,digital-channel
CTRL-002,42:main:2,CTRL-002-I016192,digital-channel
CTRL-002,42:main:2,CTRL-002-I016862,digital-channel
CTRL-002,42:main:2,CTRL-002-I016951,digital-channel
CTRL-002,42:main:2,CTRL-002-I017050,digital-channel
CTRL-002,42:main:2,CTRL-002-I018148,digital-channel
CTRL-002,42:main:2,CTRL-002-I019367,digital-channel
CTRL-002,42:main:2,CTRL-002-I019669,digital-channel
CTRL-002,42:main:2,CTRL-002-I019872,digital-channel
CTRL-002,42:main:2,CTRL-002-I020578,digital-channel
CTRL-002,42:main:2,CTRL-002-I022664,digital-channel
CTRL-002,42:main:2,CTRL-002-I022921,digital-channel
CTRL-002,42:main:2,CTRL-002-I027579,digital-channel
CTRL-002,42:main:2,CTRL-002-I030016,digital-channel
CTRL-002,42:main:2,CTRL-002-I030053,digital-channel
CTRL-002,42:main:2,CTRL-002-I030086,digital-channel
CTRL-002,42:main:2,CTRL-002-I030656,digital-channel
CTRL-002,42:main:2,CTRL-002-I031980,digital-channel
CTRL-002,42:main:2,CTRL-002-I032714,digital-channel
CTRL-002,42:main:2,CTRL-002-I033925,digital-channel
CTRL-002,42:main:2,CTRL-002-I037638,digital-channel
CTRL-002,42:main:2,CTRL-002-I000078,operations
CTRL-002,42:main:2,CTRL-002-I000270,operations
CTRL-002,42:main:2,CTRL-002-I000886,operations
CTRL-002,42:main:2,CTRL-002-I000945,operations
CTRL-002,42:main:2,CTRL-002-I002672,operations
CTRL-002,42:main:2,CTRL-002-I003578,operations
CTRL-002,42:main:2,CTRL-002-I003878,operations
CTRL-002,42:main:2,CTRL-002-I004137,operations
CTRL-002,42:main:2,CTRL-002-I005494,operations
CTRL-002,42:main:2,CTRL-002-I005550,operations
CTRL-002,42:main:2,CTRL-002-I006260,operations
CTRL-002,42:main:2,CTRL-002-I006648,operations
CTRL-002,42:main:2,CTRL-002-I006824,operations
CTRL-002,42:main:2,CTRL-002-I010064,operations
CTRL-002,42:main:2,CTRL-002-I011363,operations
CTRL-002,42:main:2,CTRL-002-I011597,operations
CTRL-002,42:main:2,CTRL-002-I013404,operations
CTRL-002,42:main:2,CTRL-002-I014670,operations
CTRL-002,42:main:2,CTRL-002-I015046,operations
CTRL-002,42:main:2,CTRL-002-I016654,operations
CTRL-002,42:main:2,CTRL-002-I017369,operations
CTRL-002,42:main:2,CTRL-002-I017751,operations
CTRL-002,42:main:2,CTRL-002-I018055,operations
CTRL-002,42:main:2,CTRL-002-I018595,operations
CTRL-002,42:main:2,CTRL-002-I018844,operations
CTRL-002,42:main:2,CTRL-002-I019438,operations
CTRL-002,42:main:2,CTRL-002-I019981,operations
CTRL-002,42:main:2,CTRL-002-I020988,operations
CTRL-002,42:main:2,CTRL-002-I021549,operations
CTRL-002,42:main:2,CTRL-002-I021662,operations
CTRL-002,42:main:2,CTRL-002-I024227,operations
CTRL-002,42:main:2,CTRL-002-I026114,operations
CTRL-002,42:main:2,CTRL-002-I030090,operations
CTRL-002,42:main:2,CTRL-002-I032009,operations
CTRL-002,42:main:2,CTRL-002-I032345,operations
CTRL-002,42:main:2,CTRL-002-I032415,operations
CTRL-002,42:main:2,CTRL-002-I032760,operations
CTRL-002,42:main:2,CTRL-002-I033029,operations
CTRL-002,42:main:2,CTRL-002-I033338,operations
CTRL-002,42:main:2,CTRL-002-I033585,operations
CTRL-002,42:main:2,CTRL-002-I035555,operations
CTRL-002,42:main:2,CTRL-002-I035926,operations
CTRL-002,42:main:2,CTRL-002-I036310,operations
CTRL-002,42:main:2,CTRL-002-I036369,operations
CTRL-002,42:main:2,CTRL-002-I036937,operations
CTRL-002,42:main:2,CTRL-002-I037306,operations
CTRL-002,42:main:2,CTRL-002-I038464,operations
CTRL-002,42:main:2,CTRL-002-I039645,operations
CTRL-002,42:main:2,CTRL-002-I039837,operations
CTRL-002,42:main:2,CTRL-002-I004271,retail-branch
CTRL-002,42:main:2,CTRL-002-I005813,retail-branch
CTRL-002,42:main:2,CTRL-002-I006370,retail-branch
CTRL-002,42:main:2,CTRL-002-I006746,retail-branch
CTRL-002,42:main:2,CTRL-002-I007138,retail-branch
CTRL-002,42:main:2,CTRL-002-I008861,retail-branch
CTRL-002,42:main:2,CTRL-002-I009993,retail-branch
CTRL-002,42:main:2,CTRL-002-I011657,retail-branch
CTRL-002,42:main:2,CTRL-002-I012392,retail-branch
CTRL-002,42:main:2,CTRL-002-I016418,retail-branch
CTRL-002,42:main:2,CTRL-002-I017584,retail-branch
CTRL-002,42:main:2,CTRL-002-I019576,retail-branch
CTRL-002,42:main:2,CTRL-002-I020129,retail-branch
CTRL-002,42:main:2,CTRL-002-I021027,retail-branch
CTRL-002,42:main:2,CTRL-002-I021332,retail-branch
CTRL-002,42:main:2,CTRL-002-I027637,retail-branch
CTRL-002,42:main:2,CTRL-002-I028791,retail-branch
CTRL-002,42:main:2,CTRL-002-I032711,retail-branch
CTRL-002,42:main:2,CTRL-002-I033160,retail-branch
CTRL-002,42:main:2,CTRL-002-I034683,retail-branch
CTRL-002,42:main:2,CTRL-002-I034906,retail-branch
CTRL-002,42:main:2,CTRL-002-I035151,retail-branch
CTRL-002,42:main:2,CTRL-002-I035471,retail-branch
CTRL-002,42:main:2,CTRL-002-I037182,retail-branch
CTRL-003,42:main:3,CTRL-003-I000708,commercial
CTRL-003,42:main:3,CTRL-003-I001150,commercial
CTRL-003,42:main:3,CTRL-003-I003450,commercial
CTRL-003,42:main:3,CTRL-003-I003926,commercial
CTRL-003,42:main:3,CTRL-003-I004971,commercial
CTRL-003,42:main:3,CTRL-003-I005720,commercial
CTRL-003,42:main:3,CTRL-003-I007805,commercial
CTRL-003,42:main:3,CTRL-003-I008770,commercial
CTRL-003,42:main:3,CTRL-003-I009365,commercial
CTRL-003,42:main:3,CTRL-003-I010363,commercial
CTRL-003,42:main:3,CTRL-003-I010785,commercial
CTRL-003,42:main:3,CTRL-003-I011727,commercial
CTRL-003,42:main:3,CTRL-003-I013418,commercial
CTRL-003,42:main:3,CTRL-003-I013806,commercial
CTRL-003,42:main:3,CTRL-003-I014415,commercial
CTRL-003,42:main:3,CTRL-003-I015625,commercial
CTRL-003,42:main:3,CTRL-003-I015872,commercial
CTRL-003,42:main:3,CTRL-003-I015986,commercial
CTRL-003,42:main:3,CTRL-003-I017181,commercial
CTRL-003,42:main:3,CTRL-003-I019085,commercial
CTRL-003,42:main:3,CTRL-003-I021360,commercial
CTRL-003,42:main:3,CTRL-003-I025175,commercial
CTRL-003,42:main:3,CTRL-003-I025343,commercial
CTRL-003,42:main:3,CTRL-003-I026048,commercial
CTRL-003,42:main:3,CTRL-003-I027571,commercial
CTRL-003,42:main:3,CTRL-003-I027584,commercial
CTRL-003,42:main:3,CTRL-003-I027615,commercial
CTRL-003,42:main:3,CTRL-003-I028218,commercial
CTRL-003,42:main:3,CTRL-003-I028341,commercial
CTRL-003,42:main:3,CTRL-003-I028370,commercial
CTRL-003,42:main:3,CTRL-003-I032338,commercial
CTRL-003,42:main:3,CTRL-003-I033214,commercial
CTRL-003,42:main:3,CTRL-003-I033386,commercial
CTRL-003,42:main:3,CTRL-003-I034803,commercial
CTRL-003,42:main:3,CTRL-003-I035776,commercial
CTRL-003,42:main:3,CTRL-003-I036219,commercial
CTRL-003,42:main:3,CTRL-003-I036379,commercial
CTRL-003,42:main:3,CTRL-003-I036587,commercial
CTRL-003,42:main:3,CTRL-003-I037145,commercial
CTRL-003,42:main:3,CTRL-003-I037783,commercial
CTRL-003,42:main:3,CTRL-003-I037928,commercial
CTRL-003,42:main:3,CTRL-003-I039210,commercial
CTRL-003,42:main:3,CTRL-003-I039677,commercial
CTRL-003,42:main:3,CTRL-003-I000314,digital-channel
CTRL-003,42:main:3,CTRL-003-I001290,digital-channel
CTRL-003,42:main:3,CTRL-003-I001652,digital-channel
CTRL-003,42:main:3,CTRL-003-I002603,digital-channel
CTRL-003,42:main:3,CTRL-003-I002668,digital-channel
CTRL-003,42:main:3,CTRL-003-I004547,digital-channel
CTRL-003,42:main:3,CTRL-003-I004608,digital-channel
CTRL-003,42:main:3,CTRL-003-I004899,digital-channel
CTRL-003,42:main:3,CTRL-003-I005737,digital-channel
CTRL-003,42:main:3,CTRL-003-I006000,digital-channel
CTRL-003,42:main:3,CTRL-003-I006308,digital-channel
CTRL-003,42:main:3,CTRL-003-I006790,digital-channel
CTRL-003,42:main:3,CTRL-003-I008283,digital-channel
CTRL-003,42:main:3,CTRL-003-I008486,digital-channel
CTRL-003,42:main:3,CTRL-003-I010218,digital-channel
CTRL-003,42:main:3,CTRL-003-I010639,digital-channel
CTRL-003,42:main:3,CTRL-003-I012365,digital-channel
CTRL-003,42:main:3,CTRL-003-I012406,digital-channel
CTRL-003,42:main:3,CTRL-003-I012424,digital-channel
CTRL-003,42:main:3,CTRL-003-I012519,digital-channel
CTRL-003,42:main:3,CTRL-003-I012947,digital-channel
CTRL-003,42:main:3,CTRL-003-I013025,digital-channel
CTRL-003,42:main:3,CTRL-003-I013242,digital-channel
CTRL-003,42:main:3,CTRL-003-I013900,digital-channel
CTRL-003,42:main:3,CTRL-003-I014229,digital-channel
CTRL-003,42:main:3,CTRL-003-I014443,digital-channel
CTRL-003,42:main:3,CTRL-003-I015187,digital-channel
CTRL-003,42:main:3,CTRL-003-I015563,digital-channel
CTRL-003,42:main:3,CTRL-003-I015945,digital-channel
CTRL-003,42:main:3,CTRL-003-I016693,digital-channel
CTRL-003,42:main:3,CTRL-003-I017606,digital-channel
CTRL-003,42:main:3,CTRL-003-I017825,digital-channel
CTRL-003,42:main:3,CTRL-003-I017832,digital-channel
CTRL-003,42:main:3,CTRL-003-I018837,digital-channel
CTRL-003,42:main:3,CTRL-003-I019120,digital-channel
CTRL-003,42:main:3,CTRL-003-I019770,digital-channel
CTRL-003,42:main:3,CTRL-003-I022798,digital-channel
CTRL-003,42:main:3,CTRL-003-I022806,digital-channel
CTRL-003,42:main:3,CTRL-003-I023616,digital-channel
CTRL-003,42:main:3,CTRL-003-I024086,digital-channel
CTRL-003,42:main:3,CTRL-003-I025473,digital-channel
CTRL-003,42:main:3,CTRL-003-I025928,digital-channel
CTRL-003,42:main:3,CTRL-003-I026421,digital-channel
CTRL-003,42:main:3,CTRL-003-I027459,digital-channel
CTRL-003,42:main:3,CTRL-003-I027771,digital-channel
CTRL-003,42:main:3,CTRL-003-I028012,digital-channel
CTRL-003,42:main:3,CTRL-003-I028382,digital-channel
CTRL-003,42:main:3,CTRL-003-I028468,digital-channel
CTRL-003,42:main:3,CTRL-003-I028692,digital-channel
CTRL-003,42:main:3,CTRL-003-I030392,digital-channel
CTRL-003,42:main:3,CTRL-003-I030834,digital-channel
CTRL-003,42:main:3,CTRL-003-I030958,digital-channel
CTRL-003,42:main:3,CTRL-003-I031419,digital-channel
CTRL-003,42:main:3,CTRL-003-I031775,digital-channel
CTRL-003,42:main:3,CTRL-003-I032753,digital-channel
CTRL-003,42:main:3,CTRL-003-I032925,digital-channel
CTRL-003,42:main:3,CTRL-003-I033333,digital-channel
CTRL-003,42:main:3,CTRL-003-I033630,digital-channel
CTRL-003,42:main:3,CTRL-003-I033641,digital-channel
CTRL-003,42:main:3,CTRL-003-I033684,digital-channel
CTRL-003,42:main:3,CTRL-003-I034971,digital-channel
CTRL-003,42:main:3,CTRL-003-I034976,digital-channel
CTRL-003,42:main:3,CTRL-003-I035509,digital-channel
CTRL-003,42:main:3,CTRL-003-I037165,digital-channel
CTRL-003,42:main:3,CTRL-003-I037299,digital-channel
CTRL-003,42:main:3,CTRL-003-I038374,digital-channel
CTRL-003,42:main:3,CTRL-003-I038928,digital-channel
CTRL-003,42:main:3,CTRL-003-I039213,digital-channel
CTRL-003,42:main:3,CTRL-003-I039401,digital-channel
CTRL-003,42:main:3,CTRL-003-I039535,digital-channel
CTRL-003,42:main:3,CTRL-003-I039681,digital-channel
CTRL-003,42:main:3,CTRL-003-I039809,digital-channel
CTRL-003,42:main:3,CTRL-003-I000485,private-client
CTRL-003,42:main:3,CTRL-003-I001645,private-client
CTRL-003,42:main:3,CTRL-003-I001690,private-client
CTRL-003,42:main:3,CTRL-003-I003512,private-client
CTRL-003,42:main:3,CTRL-003-I005467,private-client
CTRL-003,42:main:3,CTRL-003-I006421,private-client
CTRL-003,42:main:3,CTRL-003-I007473,private-client
CTRL-003,42:main:3,CTRL-003-I007670,private-client
CTRL-003,42:main:3,CTRL-003-I008248,private-client
CTRL-003,42:main:3,CTRL-003-I010433,private-client
CTRL-003,42:main:3,CTRL-003-I011742,private-client
CTRL-003,42:main:3,CTRL-003-I012198,private-client
CTRL-003,42:main:3,CTRL-003-I012222,private-client
CTRL-003,42:main:3,CTRL-003-I012308,private-client
CTRL-003,42:main:3,CTRL-003-I015183,private-client
CTRL-003,42:main:3,CTRL-003-I016158,private-client
CTRL-003,42:main:3,CTRL-003-I018587,private-client
CTRL-003,42:main:3,CTRL-003-I018765,private-client
CTRL-003,42:main:3,CTRL-003-I019350,private-client
CTRL-003,42:main:3,CTRL-003-I020035,private-client
CTRL-003,42:main:3,CTRL-003-I020327,private-client
CTRL-003,42:main:3,CTRL-003-I020649,private-client
CTRL-003,42:main:3,CTRL-003-I024087,private-client
CTRL-003,42:main:3,CTRL-003-I025538,private-client
CTRL-003,42:main:3,CTRL-003-I025876,private-client
CTRL-003,42:main:3,CTRL-003-I026530,private-client
CTRL-003,42:main:3,CTRL-003-I027685,private-client
CTRL-003,42:main:3,CTRL-003-I028660,private-client
CTRL-003,42:main:3,CTRL-003-I030361,private-client
CTRL-003,42:main:3,CTRL-003-I030428,private-client
CTRL-003,42:main:3,CTRL-003-I030974,private-client
CTRL-003,42:main:3,CTRL-003-I031891,private-client
CTRL-003,42:main:3,CTRL-003-I031962,private-client
CTRL-003,42:main:3,CTRL-003-I032251,private-client
CTRL-003,42:main:3,CTRL-003-I032297,private-client
CTRL-003,42:main:3,CTRL-003-I032563,private-client
CTRL-003,42:main:3,CTRL-003-I032781,private-client
CTRL-003,42:main:3,CTRL-003-I034723,private-client
CTRL-003,42:main:3,CTRL-003-I036656,private-client
CTRL-003,42:main:3,CTRL-003-I037978,private-client
CTRL-003,42:main:3,CTRL-003-I039264,private-client
CTRL-004,42:main:4,CTRL-004-I002844,commercial
CTRL-004,42:main:4,CTRL-004-I003275,commercial
CTRL-004,42:main:4,CTRL-004-I003926,commercial
CTRL-004,42:main:4,CTRL-004-I004286,commercial
CTRL-004,42:main:4,CTRL-004-I005330,commercial
CTRL-004,42:main:4,CTRL-004-I008411,commercial
CTRL-004,42:main:4,CTRL-004-I008461,commercial
CTRL-004,42:main:4,CTRL-004-I012497,commercial
CTRL-004,42:main:4,CTRL-004-I016797,commercial
CTRL-004,42:main:4,CTRL-004-I020421,commercial
CTRL-004,42:main:4,CTRL-004-I022505,commercial
CTRL-004,42:main:4,CTRL-004-I027093,commercial
CTRL-004,42:main:4,CTRL-004-I028835,commercial
CTRL-004,42:main:4,CTRL-004-I030665,commercial
CTRL-004,42:main:4,CTRL-004-I034077,commercial
CTRL-004,42:main:4,CTRL-004-I039049,commercial
CTRL-004,42:main:4,CTRL-004-I039509,commercial
CTRL-004,42:main:4,CTRL-004-I001784,digital-channel
CTRL-004,42:main:4,CTRL-004-I005220,digital-channel
CTRL-004,42:main:4,CTRL-004-I007331,digital-channel
CTRL-004,42:main:4,CTRL-004-I013773,digital-channel
CTRL-004,42:main:4,CTRL-004-I016921,digital-channel
CTRL-004,42:main:4,CTRL-004-I019786,digital-channel
CTRL-004,42:main:4,CTRL-004-I021356,digital-channel
CTRL-004,42:main:4,CTRL-004-I025296,digital-channel
CTRL-004,42:main:4,CTRL-004-I026958,digital-channel
CTRL-004,42:main:4,CTRL-004-I029384,digital-channel
CTRL-004,42:main:4,CTRL-004-I032667,digital-channel
CTRL-004,42:main:4,CTRL-004-I033969,digital-channel
CTRL-004,42:main:4,CTRL-004-I034923,digital-channel
CTRL-004,42:main:4,CTRL-004-I035880,digital-channel
CTRL-004,42:main:4,CTRL-004-I038047,digital-channel
CTRL-004,42:main:4,CTRL-004-I006437,operations
CTRL-004,42:main:4,CTRL-004-I006699,operations
CTRL-004,42:main:4,CTRL-004-I008993,operations
CTRL-004,42:main:4,CTRL-004-I018232,operations
CTRL-004,42:main:4,CTRL-004-I019971,operations
CTRL-004,42:main:4,CTRL-004-I020380,operations
CTRL-004,42:main:4,CTRL-004-I022917,operations
CTRL-004,42:main:4,CTRL-004-I030200,operations
CTRL-004,42:main:4,CTRL-004-I035159,operations
CTRL-004,42:main:4,CTRL-004-I038531,operations
CTRL-004,42:main:4,CTRL-004-I007561,private-client
CTRL-004,42:main:4,CTRL-004-I009622,private-client
CTRL-004,42:main:4,CTRL-004-I011431,private-client
CTRL-004,42:main:4,CTRL-004-I012889,private-client
CTRL-004,42:main:4,CTRL-004-I014320,private-client
CTRL-004,42:main:4,CTRL-004-I019660,private-client
CTRL-004,42:main:4,CTRL-004-I021516,private-client
CTRL-004,42:main:4,CTRL-004-I002816,retail-branch
CTRL-004,42:main:4,CTRL-004-I002919,retail-branch
CTRL-004,42:main:4,CTRL-004-I008337,retail-branch
CTRL-004,42:main:4,CTRL-004-I009072,retail-branch
CTRL-004,42:main:4,CTRL-004-I011494,retail-branch
CTRL-004,42:main:4,CTRL-004-I014845,retail-branch
CTRL-004,42:main:4,CTRL-004-I025876,retail-branch
CTRL-004,42:main:4,CTRL-004-I031408,retail-branch
CTRL-004,42:main:4,CTRL-004-I031671,retail-branch
CTRL-004,42:main:4,CTRL-004-I031810,retail-branch
CTRL-004,42:main:4,CTRL-004-I032099,retail-branch
CTRL-004,42:main:4,CTRL-004-I038132,retail-branch
CTRL-005,42:main:5,CTRL-005-I000246,commercial
CTRL-005,42:main:5,CTRL-005-I002270,commercial
CTRL-005,42:main:5,CTRL-005-I002593,commercial
CTRL-005,42:main:5,CTRL-005-I002649,commercial
CTRL-005,42:main:5,CTRL-005-I003302,commercial
CTRL-005,42:main:5,CTRL-005-I004153,commercial
CTRL-005,42:main:5,CTRL-005-I005207,commercial
CTRL-005,42:main:5,CTRL-005-I005282,commercial
CTRL-005,42:main:5,CTRL-005-I005369,commercial
CTRL-005,42:main:5,CTRL-005-I006011,commercial
CTRL-005,42:main:5,CTRL-005-I006680,commercial
CTRL-005,42:main:5,CTRL-005-I006814,commercial
CTRL-005,42:main:5,CTRL-005-I008955,commercial
CTRL-005,42:main:5,CTRL-005-I008968,commercial
CTRL-005,42:main:5,CTRL-005-I010215,commercial
CTRL-005,42:main:5,CTRL-005-I011460,commercial
CTRL-005,42:main:5,CTRL-005-I012847,commercial
CTRL-005,42:main:5,CTRL-005-I013200,commercial
CTRL-005,42:main:5,CTRL-005-I013858,commercial
CTRL-005,42:main:5,CTRL-005-I014584,commercial
CTRL-005,42:main:5,CTRL-005-I014930,commercial
CTRL-005,42:main:5,CTRL-005-I015412,commercial
CTRL-005,42:main:5,CTRL-005-I015419,commercial
CTRL-005,42:main:5,CTRL-005-I015487,commercial
CTRL-005,42:main:5,CTRL-005-I018189,commercial
CTRL-005,42:main:5,CTRL-005-I018529,commercial
CTRL-005,42:main:5,CTRL-005-I018783,commercial
CTRL-005,42:main:5,CTRL-005-I019571,commercial
CTRL-005,42:main:5,CTRL-005-I019961,commercial
CTRL-005,42:main:5,CTRL-005-I020139,commercial
CTRL-005,42:main:5,CTRL-005-I020386,commercial
CTRL-005,42:main:5,CTRL-005-I021785,commercial
CTRL-005,42:main:5,CTRL-005-I022187,commercial
CTRL-005,42:main:5,CTRL-005-I022201,commercial
CTRL-005,42:main:5,CTRL-005-I023509,commercial
CTRL-005,42:main:5,CTRL-005-I023762,commercial
CTRL-005,42:main:5,CTRL-005-I025328,commercial
CTRL-005,42:main:5,CTRL-005-I028335,commercial
CTRL-005,42:main:5,CTRL-005-I028720,commercial
CTRL-005,42:main:5,CTRL-005-I030526,commercial
CTRL-005,42:main:5,CTRL-005-I032113,commercial
CTRL-005,42:main:5,CTRL-005-I032524,commercial
CTRL-005,42:main:5,CTRL-005-I034810,commercial
CTRL-005,42:main:5,CTRL-005-I035860,commercial
CTRL-005,42:main:5,CTRL-005-I036060,commercial
CTRL-005,42:main:5,CTRL-005-I036124,commercial
CTRL-005,42:main:5,CTRL-005-I037533,commercial
CTRL-005,42:main:5,CTRL-005-I038384,commercial
CTRL-005,42:main:5,CTRL-005-I039513,commercial
CTRL-005,42:main:5,CTRL-005-I000608,digital-channel
CTRL-005,42:main:5,CTRL-005-I001243,digital-channel
CTRL-005,42:main:5,CTRL-005-I001737,digital-channel
CTRL-005,42:main:5,CTRL-005-I002297,digital-channel
CTRL-005,42:main:5,CTRL-005-I002947,digital-channel
CTRL-005,42:main:5,CTRL-005-I004911,digital-channel
CTRL-005,42:main:5,CTRL-005-I005702,digital-channel
CTRL-005,42:main:5,CTRL-005-I005758,digital-channel
CTRL-005,42:main:5,CTRL-005-I011283,digital-channel
CTRL-005,42:main:5,CTRL-005-I012041,digital-channel
CTRL-005,42:main:5,CTRL-005-I012856,digital-channel
CTRL-005,42:main:5,CTRL-005-I013954,digital-channel
CTRL-005,42:main:5,CTRL-005-I016804,digital-channel
CTRL-005,42:main:5,CTRL-005-I018031,digital-channel
CTRL-005,42:main:5,CTRL-005-I022539,digital-channel
CTRL-005,42:main:5,CTRL-005-I022766,digital-channel
CTRL-005,42:main:5,CTRL-005-I025894,digital-channel
CTRL-005,42:main:5,CTRL-005-I026234,digital-channel
CTRL-005,42:main:5,CTRL-005-I027653,digital-channel
CTRL-005,42:main:5,CTRL-005-I028565,digital-channel
CTRL-005,42:main:5,CTRL-005-I030152,digital-channel
CTRL-005,42:main:5,CTRL-005-I031496,digital-channel
CTRL-005,42:main:5,CTRL-005-I034490,digital-channel
CTRL-005,42:main:5,CTRL-005-I035184,digital-channel
CTRL-005,42:main:5,CTRL-005-I036038,digital-channel
CTRL-005,42:main:5,CTRL-005-I003785,operations
CTRL-005,42:main:5,CTRL-005-I004265,operations
CTRL-005,42:main:5,CTRL-005-I004487,operations
CTRL-005,42:main:5,CTRL-005-I004689,operations
CTRL-005,42:main:5,CTRL-005-I005177,operations
CTRL-005,42:main:5,CTRL-005-I007453,operations
CTRL-005,42:main:5,CTRL-005-I007476,operations
CTRL-005,42:main:5,CTRL-005-I008336,operations
CTRL-005,42:main:5,CTRL-005-I009054,operations
CTRL-005,42:main:5,CTRL-005-I013503,operations
CTRL-005,42:main:5,CTRL-005-I014156,operations
CTRL-005,42:main:5,CTRL-005-I014321,operations
CTRL-005,42:main:5,CTRL-005-I014948,operations
CTRL-005,42:main:5,CTRL-005-I015031,operations
CTRL-005,42:main:5,CTRL-005-I015284,operations
CTRL-005,42:main:5,CTRL-005-I015922,operations
CTRL-005,42:main:5,CTRL-005-I016839,operations
CTRL-005,42:main:5,CTRL-005-I017994,operations
CTRL-005,42:main:5,CTRL-005-I019411,operations
CTRL-005,42:main:5,CTRL-005-I020541,operations
CTRL-005,42:main:5,CTRL-005-I020558,operations
CTRL-005,42:main:5,CTRL-005-I021684,operations
CTRL-005,42:main:5,CTRL-005-I023131,operations
CTRL-005,42:main:5,CTRL-005-I023941,operations
CTRL-005,42:main:5,CTRL-005-I024119,operations
CTRL-005,42:main:5,CTRL-005-I025885,operations
CTRL-005,42:main:5,CTRL-005-I028148,operations
CTRL-005,42:main:5,CTRL-005-I033336,operations
CTRL-005,42:main:5,CTRL-005-I034091,operations
CTRL-005,42:main:5,CTRL-005-I034291,operations
CTRL-005,42:main:5,CTRL-005-I036328,operations
CTRL-005,42:main:5,CTRL-005-I037686,operations
CTRL-005,42:main:5,CTRL-005-I037913,operations
CTRL-005,42:main:5,CTRL-005-I039073,operations
CTRL-005,42:main:5,CTRL-005-I039967,operations
CTRL-005,42:main:5,CTRL-005-I000572,private-client
CTRL-005,42:main:5,CTRL-005-I000776,private-client
CTRL-005,42:main:5,CTRL-005-I005182,private-client
CTRL-005,42:main:5,CTRL-005-I007565,private-client
CTRL-005,42:main:5,CTRL-005-I010090,private-client
CTRL-005,42:main:5,CTRL-005-I010115,private-client
CTRL-005,42:main:5,CTRL-005-I011641,private-client
CTRL-005,42:main:5,CTRL-005-I013983,private-client
CTRL-005,42:main:5,CTRL-005-I016472,private-client
CTRL-005,42:main:5,CTRL-005-I018508,private-client
CTRL-005,42:main:5,CTRL-005-I021417,private-client
CTRL-005,42:main:5,CTRL-005-I023490,private-client
CTRL-005,42:main:5,CTRL-005-I026046,private-client
CTRL-005,42:main:5,CTRL-005-I026955,private-client
CTRL-005,42:main:5,CTRL-005-I029054,private-client
CTRL-005,42:main:5,CTRL-005-I031543,private-client
CTRL-005,42:main:5,CTRL-005-I034550,private-client
CTRL-005,42:main:5,CTRL-005-I035050,private-client
CTRL-005,42:main:5,CTRL-005-I035863,private-client
CTRL-005,42:main:5,CTRL-005-I039024,private-client
CTRL-005,42:main:5,CTRL-005-I039200,private-client
CTRL-005,42:main:5,CTRL-005-I039485,private-client
CTRL-005,42:main:5,CTRL-005-I039935,private-client
CTRL-005,42:main:5,CTRL-005-I002128,retail-branch
CTRL-005,42:main:5,CTRL-005-I003578,retail-branch
CTRL-005,42:main:5,CTRL-005-I003648,retail-branch
CTRL-005,42:main:5,CTRL-005-I006525,retail-branch
CTRL-005,42:main:5,CTRL-005-I007269,retail-branch
CTRL-005,42:main:5,CTRL-005-I010161,retail-branch
CTRL-005,42:main:5,CTRL-005-I012429,retail-branch
CTRL-005,42:main:5,CTRL-005-I019837,retail-branch
CTRL-005,42:main:5,CTRL-005-I020400,retail-branch
CTRL-005,42:main:5,CTRL-005-I021910,retail-branch
CTRL-005,42:main:5,CTRL-005-I022083,retail-branch
CTRL-005,42:main:5,CTRL-005-I024997,retail-branch
CTRL-005,42:main:5,CTRL-005-I026036,retail-branch
CTRL-005,42:main:5,CTRL-005-I028079,retail-branch
CTRL-005,42:main:5,CTRL-005-I028183,retail-branch
CTRL-005,42:main:5,CTRL-005-I028909,retail-branch
CTRL-005,42:main:5,CTRL-005-I029359,retail-branch
CTRL-005,42:main:5,CTRL-005-I032083,retail-branch
CTRL-005,42:main:5,CTRL-005-I033029,retail-branch
CTRL-005,42:main:5,CTRL-005-I034977,retail-branch
CTRL-005,42:main:5,CTRL-005-I036102,retail-branch
CTRL-005,42:main:5,CTRL-005-I036523,retail-branch
CTRL-005,42:main:5,CTRL-005-I037696,retail-branch
CTRL-005,42:main:5,CTRL-005-I038323,retail-branch
CTRL-006,42:main:6,CTRL-006-I001778,commercial
CTRL-006,42:main:6,CTRL-006-I002422,commercial
CTRL-006,42:main:6,CTRL-006-I003464,commercial
CTRL-006,42:main:6,CTRL-006-I004858,commercial
CTRL-006,42:main:6,CTRL-006-I008755,commercial
CTRL-006,42:main:6,CTRL-006-I011036,commercial
CTRL-006,42:main:6,CTRL-006-I011392,commercial
CTRL-006,42:main:6,CTRL-006-I011981,commercial
CTRL-006,42:main:6,CTRL-006-I012161,commercial
CTRL-006,42:main:6,CTRL-006-I013866,commercial
CTRL-006,42:main:6,CTRL-006-I016336,commercial
CTRL-006,42:main:6,CTRL-006-I017163,commercial
CTRL-006,42:main:6,CTRL-006-I017877,commercial
CTRL-006,42:main:6,CTRL-006-I018368,commercial
CTRL-006,42:main:6,CTRL-006-I019673,commercial
CTRL-006,42:main:6,CTRL-006-I025823,commercial
CTRL-006,42:main:6,CTRL-006-I026787,commercial
CTRL-006,42:main:6,CTRL-006-I027570,commercial
CTRL-006,42:main:6,CTRL-006-I030444,commercial
CTRL-006,42:main:6,CTRL-006-I030607,commercial
CTRL-006,42:main:6,CTRL-006-I031696,commercial
CTRL-006,42:main:6,CTRL-006-I032148,commercial
CTRL-006,42:main:6,CTRL-006-I032677,commercial
CTRL-006,42:main:6,CTRL-006-I033269,commercial
CTRL-006,42:main:6,CTRL-006-I034089,commercial
CTRL-006,42:main:6,CTRL-006-I036239,commercial
CTRL-006,42:main:6,CTRL-006-I037461,commercial
CTRL-006,42:main:6,CTRL-006-I038089,commercial
CTRL-006,42:main:6,CTRL-006-I039132,commercial
CTRL-006,42:main:6,CTRL-006-I039345,commercial
CTRL-006,42:main:6,CTRL-006-I002002,digital-channel
CTRL-006,42:main:6,CTRL-006-I002026,digital-channel
CTRL-006,42:main:6,CTRL-006-I002447,digital-channel
CTRL-006,42:main:6,CTRL-006-I002844,digital-channel
CTRL-006,42:main:6,CTRL-006-I006545,digital-channel
CTRL-006,42:main:6,CTRL-006-I009500,digital-channel
CTRL-006,42:main:6,CTRL-006-I009631,digital-channel
CTRL-006,42:main:6,CTRL-006-I009790,digital-channel
CTRL-006,42:main:6,CTRL-006-I010377,digital-channel
CTRL-006,42:main:6,CTRL-006-I010967,digital-channel
CTRL-006,42:main:6,CTRL-006-I012506,digital-channel
CTRL-006,42:main:6,CTRL-006-I015312,digital-channel
CTRL-006,42:main:6,CTRL-006-I017187,digital-channel
CTRL-006,42:main:6,CTRL-006-I020138,digital-channel
CTRL-006,42:main:6,CTRL-006-I020572,digital-channel
CTRL-006,42:main:6,CTRL-006-I021157,digital-channel
CTRL-006,42:main:6,CTRL-006-I025456,digital-channel
CTRL-006,42:main:6,CTRL-006-I027635,digital-channel
CTRL-006,42:main:6,CTRL-006-I029249,digital-channel
CTRL-006,42:main:6,CTRL-006-I030178,digital-channel
CTRL-006,42:main:6,CTRL-006-I030308,digital-channel
CTRL-006,42:main:6,CTRL-006-I030597,digital-channel
CTRL-006,42:main:6,CTRL-006-I030969,digital-channel
CTRL-006,42:main:6,CTRL-006-I032628,digital-channel
CTRL-006,42:main:6,CTRL-006-I035260,digital-channel
CTRL-006,42:main:6,CTRL-006-I036769,digital-channel
CTRL-006,42:main:6,CTRL-006-I037158,digital-channel
CTRL-006,42:main:6,CTRL-006-I037786,digital-channel
CTRL-006,42:main:6,CTRL-006-I038919,digital-channel
CTRL-006,42:main:6,CTRL-006-I039673,digital-channel
CTRL-006,42:main:6,CTRL-006-I039929,digital-channel
CTRL-006,42:main:6,CTRL-006-I001067,operations
CTRL-006,42:main:6,CTRL-006-I001699,operations
CTRL-006,42:main:6,CTRL-006-I002039,operations
CTRL-006,42:main:6,CTRL-006-I006624,operations
CTRL-006,42:main:6,CTRL-006-I007119,operations
CTRL-006,42:main:6,CTRL-006-I009336,operations
CTRL-006,42:main:6,CTRL-006-I012064,operations
CTRL-006,42:main:6,CTRL-006-I012744,operations
CTRL-006,42:main:6,CTRL-006-I013720,operations
CTRL-006,42:main:6,CTRL-006-I013741,operations
CTRL-006,42:main:6,CTRL-006-I015958,operations
CTRL-006,42:main:6,CTRL-006-I017500,operations
CTRL-006,42:main:6,CTRL-006-I026798,operations
CTRL-006,42:main:6,CTRL-006-I027637,operations
CTRL-006,42:main:6,CTRL-006-I029059,operations
CTRL-006,42:main:6,CTRL-006-I030633,operations
CTRL-006,42:main:6,CTRL-006-I031399,operations
CTRL-006,42:main:6,CTRL-006-I034455,operations
CTRL-006,42:main:6,CTRL-006-I038227,operations
CTRL-006,42:main:6,CTRL-006-I006110,private-client
CTRL-006,42:main:6,CTRL-006-I014367,private-client
CTRL-006,42:main:6,CTRL-006-I016598,private-client
CTRL-006,42:main:6,CTRL-006-I023478,private-client
CTRL-006,42:main:6,CTRL-006-I023760,private-client
CTRL-006,42:main:6,CTRL-006-I026965,private-client
CTRL-006,42:main:6,CTRL-006-I030174,private-client
CTRL-006,42:main:6,CTRL-006-I030303,private-client
CTRL-006,42:main:6,CTRL-006-I031053,private-client
CTRL-006,42:main:6,CTRL-006-I031919,private-client
CTRL-006,42:main:6,CTRL-006-I036918,private-client
CTRL-006,42:main:6,CTRL-006-I038223,private-client
CTRL-006,42:main:6,CTRL-006-I038409,private-client
CTRL-006,42:main:6,CTRL-006-I038562,private-client
CTRL-006,42:main:6,CTRL-006-I039011,private-client
CTRL-006,42:main:6,CTRL-006-I000824,retail-branch
CTRL-006,42:main:6,CTRL-006-I001749,retail-branch
CTRL-006,42:main:6,CTRL-006-I004725,retail-branch
CTRL-006,42:main:6,CTRL-006-I005838,retail-branch
CTRL-006,42:main:6,CTRL-006-I007389,retail-branch
CTRL-006,42:main:6,CTRL-006-I008279,retail-branch
CTRL-006,42:main:6,CTRL-006-I010233,retail-branch
CTRL-006,42:main:6,CTRL-006-I010439,retail-branch
CTRL-006,42:main:6,CTRL-006-I012331,retail-branch
CTRL-006,42:main:6,CTRL-006-I013168,retail-branch
CTRL-006,42:main:6,CTRL-006-I013603,retail-branch
CTRL-006,42:main:6,CTRL-006-I019689,retail-branch
CTRL-006,42:main:6,CTRL-006-I022612,retail-branch
CTRL-006,42:main:6,CTRL-006-I023100,retail-branch
CTRL-006,42:main:6,CTRL-006-I024960,retail-branch
CTRL-006,42:main:6,CTRL-006-I026070,retail-branch
CTRL-006,42:main:6,CTRL-006-I027513,retail-branch
CTRL-006,42:main:6,CTRL-006-I027808,retail-branch
CTRL-006,42:main:6,CTRL-006-I028107,retail-branch
CTRL-006,42:main:6,CTRL-006-I028644,retail-branch
CTRL-006,42:main:6,CTRL-006-I029073,retail-branch
CTRL-006,42:main:6,CTRL-006-I029242,retail-branch
CTRL-006,42:main:6,CTRL-006-I031715,retail-branch
CTRL-006,42:main:6,CTRL-006-I033216,retail-branch
CTRL-006,42:main:6,CTRL-006-I033966,retail-branch
CTRL-006,42:main:6,CTRL-006-I034524,retail-branch
CTRL-006,42:main:6,CTRL-006-I035592,retail-branch
CTRL-006,42:main:6,CTRL-006-I037660,retail-branch
CTRL-006,42:main:6,CTRL-006-I039046,retail-branch
CTRL-007,42:main:7,CTRL-007-I000003,commercial
CTRL-007,42:main:7,CTRL-007-I001803,commercial
CTRL-007,42:main:7,CTRL-007-I002513,commercial
CTRL-007,42:main:7,CTRL-007-I002935,commercial
CTRL-007,42:main:7,CTRL-007-I003245,commercial
CTRL-007,42:main:7,CTRL-007-I003272,commercial
CTRL-007,42:main:7,CTRL-007-I004548,commercial
CTRL-007,42:main:7,CTRL-007-I005727,commercial
CTRL-007,42:main:7,CTRL-007-I006782,commercial
CTRL-007,42:main:7,CTRL-007-I007490,commercial
CTRL-007,42:main:7,CTRL-007-I009734,commercial
CTRL-007,42:main:7,CTRL-007-I009939,commercial
CTRL-007,42:main:7,CTRL-007-I010307,commercial
CTRL-007,42:main:7,CTRL-007-I011279,commercial
CTRL-007,42:main:7,CTRL-007-I013147,commercial
CTRL-007,42:main:7,CTRL-007-I013813,commercial
CTRL-007,42:main:7,CTRL-007-I013950,commercial
CTRL-007,42:main:7,CTRL-007-I015016,commercial
CTRL-007,42:main:7,CTRL-007-I015700,commercial
CTRL-007,42:main:7,CTRL-007-I016926,commercial
CTRL-007,42:main:7,CTRL-007-I019367,commercial
CTRL-007,42:main:7,CTRL-007-I022264,commercial
CTRL-007,42:main:7,CTRL-007-I022646,commercial
CTRL-007,42:main:7,CTRL-007-I023720,commercial
CTRL-007,42:main:7,CTRL-007-I025714,commercial
CTRL-007,42:main:7,CTRL-007-I026709,commercial
CTRL-007,42:main:7,CTRL-007-I027465,commercial
CTRL-007,42:main:7,CTRL-007-I027823,commercial
CTRL-007,42:main:7,CTRL-007-I028704,commercial
CTRL-007,42:main:7,CTRL-007-I029136,commercial
CTRL-007,42:main:7,CTRL-007-I029819,commercial
CTRL-007,42:main:7,CTRL-007-I033684,commercial
CTRL-007,42:main:7,CTRL-007-I035885,commercial
CTRL-007,42:main:7,CTRL-007-I038528,commercial
CTRL-007,42:main:7,CTRL-007-I039398,commercial
CTRL-007,42:main:7,CTRL-007-I039834,commercial
CTRL-007,42:main:7,CTRL-007-I001656,operations
CTRL-007,42:main:7,CTRL-007-I005150,operations
CTRL-007,42:main:7,CTRL-007-I006028,operations
CTRL-007,42:main:7,CTRL-007-I006431,operations
CTRL-007,42:main:7,CTRL-007-I007049,operations
CTRL-007,42:main:7,CTRL-007-I007944,operations
CTRL-007,42:main:7,CTRL-007-I008113,operations
CTRL-007,42:main:7,CTRL-007-I010304,operations
CTRL-007,42:main:7,CTRL-007-I011390,operations
CTRL-007,42:main:7,CTRL-007-I011536,operations
CTRL-007,42:main:7,CTRL-007-I012602,operations
CTRL-007,42:main:7,CTRL-007-I013964,operations
CTRL-007,42:main:7,CTRL-007-I014284,operations
CTRL-007,42:main:7,CTRL-007-I021991,operations
CTRL-007,42:main:7,CTRL-007-I023204,operations
CTRL-007,42:main:7,CTRL-007-I023268,operations
CTRL-007,42:main:7,CTRL-007-I023763,operations
CTRL-007,42:main:7,CTRL-007-I025069,operations
CTRL-007,42:main:7,CTRL-007-I026418,operations
CTRL-007,42:main:7,CTRL-007-I031909,operations
CTRL-007,42:main:7,CTRL-007-I035299,operations
CTRL-007,42:main:7,CTRL-007-I035492,operations
CTRL-007,42:main:7,CTRL-007-I035582,operations
CTRL-007,42:main:7,CTRL-007-I036844,operations
CTRL-007,42:main:7,CTRL-007-I001928,private-client
CTRL-007,42:main:7,CTRL-007-I003800,private-client
CTRL-007,42:main:7,CTRL-007-I003884,private-client
CTRL-007,42:main:7,CTRL-007-I003995,private-client
CTRL-007,42:main:7,CTRL-007-I004081,private-client
CTRL-007,42:main:7,CTRL-007-I004524,private-client
CTRL-007,42:main:7,CTRL-007-I004933,private-client
CTRL-007,42:main:7,CTRL-007-I004957,private-client
CTRL-007,42:main:7,CTRL-007-I005448,private-client
CTRL-007,42:main:7,CTRL-007-I005938,private-client
CTRL-007,42:main:7,CTRL-007-I007835,private-client
CTRL-007,42:main:7,CTRL-007-I008252,private-client
CTRL-007,42:main:7,CTRL-007-I008864,private-client
CTRL-007,42:main:7,CTRL-007-I013137,private-client
CTRL-007,42:main:7,CTRL-007-I013602,private-client
CTRL-007,42:main:7,CTRL-007-I014194,private-client
CTRL-007,42:main:7,CTRL-007-I014386,private-client
CTRL-007,42:main:7,CTRL-007-I014550,private-client
CTRL-007,42:main:7,CTRL-007-I015202,private-client
CTRL-007,42:main:7,CTRL-007-I015587,private-client
CTRL-007,42:main:7,CTRL-007-I015894,private-client
CTRL-007,42:main:7,CTRL-007-I016650,private-client
CTRL-007,42:main:7,CTRL-007-I016704,private-client
CTRL-007,42:main:7,CTRL-007-I017758,private-client
CTRL-007,42:main:7,CTRL-007-I021669,private-client
CTRL-007,42:main:7,CTRL-007-I021817,private-client
CTRL-007,42:main:7,CTRL-007-I022558,private-client
CTRL-007,42:main:7,CTRL-007-I022956,private-client
CTRL-007,42:main:7,CTRL-007-I024339,private-client
CTRL-007,42:main:7,CTRL-007-I024571,private-client
CTRL-007,42:main:7,CTRL-007-I024666,private-client
CTRL-007,42:main:7,CTRL-007-I024838,private-client
CTRL-007,42:main:7,CTRL-007-I025670,private-client
CTRL-007,42:main:7,CTRL-007-I027672,private-client
CTRL-007,42:main:7,CTRL-007-I029053,private-client
CTRL-007,42:main:7,CTRL-007-I029304,private-client
CTRL-007,42:main:7,CTRL-007-I030145,private-client
CTRL-007,42:main:7,CTRL-007-I030450,private-client
CTRL-007,42:main:7,CTRL-007-I032870,private-client
CTRL-007,42:main:7,CTRL-007-I033545,private-client
CTRL-007,42:main:7,CTRL-007-I033859,private-client
CTRL-007,42:main:7,CTRL-007-I034682,private-client
CTRL-007,42:main:7,CTRL-007-I034770,private-client
CTRL-007,42:main:7,CTRL-007-I034963,private-client
CTRL-007,42:main:7,CTRL-007-I037211,private-client
CTRL-007,42:main:7,CTRL-007-I039451,private-client
CTRL-007,42:main:7,CTRL-007-I000670,retail-branch
CTRL-007,42:main:7,CTRL-007-I001227,retail-branch
CTRL-007,42:main:7,CTRL-007-I003373,retail-branch
CTRL-007,42:main:7,CTRL-007-I003847,retail-branch
CTRL-007,42:main:7,CTRL-007-I004616,retail-branch
CTRL-007,42:main:7,CTRL-007-I004993,retail-branch
CTRL-007,42:main:7,CTRL-007-I005451,retail-branch
CTRL-007,42:main:7,CTRL-007-I005681,retail-branch
CTRL-007,42:main:7,CTRL-007-I006169,retail-branch
CTRL-007,42:main:7,CTRL-007-I009076,retail-branch
CTRL-007,42:main:7,CTRL-007-I009469,retail-branch
CTRL-007,42:main:7,CTRL-007-I010504,retail-branch
CTRL-007,42:main:7,CTRL-007-I011807,retail-branch
CTRL-007,42:main:7,CTRL-007-I012131,retail-branch
CTRL-007,42:main:7,CTRL-007-I012407,retail-branch
CTRL-007,42:main:7,CTRL-007-I016277,retail-branch
CTRL-007,42:main:7,CTRL-007-I016669,retail-branch
CTRL-007,42:main:7,CTRL-007-I016949,retail-branch
CTRL-007,42:main:7,CTRL-007-I017075,retail-branch
CTRL-007,42:main:7,CTRL-007-I017922,retail-branch
CTRL-007,42:main:7,CTRL-007-I018920,retail-branch
CTRL-007,42:main:7,CTRL-007-I020934,retail-branch
CTRL-007,42:main:7,CTRL-007-I021183,retail-branch
CTRL-007,42:main:7,CTRL-007-I021590,retail-branch
CTRL-007,42:main:7,CTRL-007-I021598,retail-branch
CTRL-007,42:main:7,CTRL-007-I021775,retail-branch
CTRL-007,42:main:7,CTRL-007-I022472,retail-branch
CTRL-007,42:main:7,CTRL-007-I022970,retail-branch
CTRL-007,42:main:7,CTRL-007-I023017,retail-branch
CTRL-007,42:main:7,CTRL-007-I023743,retail-branch
CTRL-007,42:main:7,CTRL-007-I024046,retail-branch
CTRL-007,42:main:7,CTRL-007-I025197,retail-branch
CTRL-007,42:main:7,CTRL-007-I025464,retail-branch
CTRL-007,42:main:7,CTRL-007-I025518,retail-branch
CTRL-007,42:main:7,CTRL-007-I028507,retail-branch
CTRL-007,42:main:7,CTRL-007-I028854,retail-branch
CTRL-007,42:main:7,CTRL-007-I029047,retail-branch
CTRL-007,42:main:7,CTRL-007-I030608,retail-branch
CTRL-007,42:main:7,CTRL-007-I030803,retail-branch
CTRL-007,42:main:7,CTRL-007-I031394,retail-branch
CTRL-007,42:main:7,CTRL-007-I031428,retail-branch
CTRL-007,42:main:7,CTRL-007-I032405,retail-branch
CTRL-007,42:main:7,CTRL-007-I033308,retail-branch
CTRL-007,42:main:7,CTRL-007-I033596,retail-branch
CTRL-007,42:main:7,CTRL-007-I033639,retail-branch
CTRL-007,42:main:7,CTRL-007-I033673,retail-branch
CTRL-007,42:main:7,CTRL-007-I036314,retail-branch
CTRL-007,42:main:7,CTRL-007-I038878,retail-branch
CTRL-007,42:main:7,CTRL-007-I039597,retail-branch
CTRL-007,42:main:7,CTRL-007-I039848,retail-branch
CTRL-008,42:main:8,CTRL-008-I002894,commercial
CTRL-008,42:main:8,CTRL-008-I003123,commercial
CTRL-008,42:main:8,CTRL-008-I004497,commercial
CTRL-008,42:main:8,CTRL-008-I005767,commercial
CTRL-008,42:main:8,CTRL-008-I006731,commercial
CTRL-008,42:main:8,CTRL-008-I007837,commercial
CTRL-008,42:main:8,CTRL-008-I016441,commercial
CTRL-008,42:main:8,CTRL-008-I021079,commercial
CTRL-008,42:main:8,CTRL-008-I021509,commercial
CTRL-008,42:main:8,CTRL-008-I024424,commercial
CTRL-008,42:main:8,CTRL-008-I025348,commercial
CTRL-008,42:main:8,CTRL-008-I031019,commercial
CTRL-008,42:main:8,CTRL-008-I033454,commercial
CTRL-008,42:main:8,CTRL-008-I033569,commercial
CTRL-008,42:main:8,CTRL-008-I036741,commercial
CTRL-008,42:main:8,CTRL-008-I003581,digital-channel
CTRL-008,42:main:8,CTRL-008-I004140,digital-channel
CTRL-008,42:main:8,CTRL-008-I004772,digital-channel
CTRL-008,42:main:8,CTRL-008-I008862,digital-channel
CTRL-008,42:main:8,CTRL-008-I011777,digital-channel
CTRL-008,42:main:8,CTRL-008-I015426,digital-channel
CTRL-008,42:main:8,CTRL-008-I015447,digital-channel
CTRL-008,42:main:8,CTRL-008-I017503,digital-channel
CTRL-008,42:main:8,CTRL-008-I022457,digital-channel
CTRL-008,42:main:8,CTRL-008-I025270,digital-channel
CTRL-008,42:main:8,CTRL-008-I028102,digital-channel
CTRL-008,42:main:8,CTRL-008-I034981,digital-channel
CTRL-008,42:main:8,CTRL-008-I037955,digital-channel
CTRL-008,42:main:8,CTRL-008-I001869,operations
CTRL-008,42:main:8,CTRL-008-I006135,operations
CTRL-008,42:main:8,CTRL-008-I008793,operations
CTRL-008,42:main:8,CTRL-008-I021885,operations
CTRL-008,42:main:8,CTRL-008-I032392,operations
CTRL-008,42:main:8,CTRL-008-I033544,operations
CTRL-008,42:main:8,CTRL-008-I037308,operations
CTRL-008,42:main:8,CTRL-008-I038637,operations
CTRL-008,42:main:8,CTRL-008-I000447,private-client
CTRL-008,42:main:8,CTRL-008-I005746,private-client
CTRL-008,42:main:8,CTRL-008-I005861,private-client
CTRL-008,42:main:8,CTRL-008-I008055,private-client
CTRL-008,42:main:8,CTRL-008-I011013,private-client
CTRL-008,42:main:8,CTRL-008-I012550,private-client
CTRL-008,42:main:8,CTRL-008-I014867,private-client
CTRL-008,42:main:8,CTRL-008-I015397,private-client
CTRL-008,42:main:8,CTRL-008-I015913,private-client
CTRL-008,42:main:8,CTRL-008-I017189,private-client
CTRL-008,42:main:8,CTRL-008-I019707,private-client
CTRL-008,42:main:8,CTRL-008-I019843,private-client
CTRL-008,42:main:8,CTRL-008-I029599,private-client
CTRL-008,42:main:8,CTRL-008-I034303,private-client
CTRL-008,42:main:8,CTRL-008-I037327,private-client
CTRL-008,42:main:8,CTRL-008-I037777,private-client
CTRL-008,42:main:8,CTRL-008-I011392,retail-branch
CTRL-008,42:main:8,CTRL-008-I018258,retail-branch
CTRL-008,42:main:8,CTRL-008-I024728,retail-branch
CTRL-008,42:main:8,CTRL-008-I026591,retail-branch
CTRL-008,42:main:8,CTRL-008-I026727,retail-branch
CTRL-008,42:main:8,CTRL-008-I028564,retail-branch
CTRL-008,42:main:8,CTRL-008-I032314,retail-branch
CTRL-008,42:main:8,CTRL-008-I035185,retail-branch
CTRL-008,42:main:8,CTRL-008-I035266,retail-branch
CTRL-009,42:main:9,CTRL-009-I000687,commercial
CTRL-009,42:main:9,CTRL-009-I001345,commercial
CTRL-009,42:main:9,CTRL-009-I001520,commercial
CTRL-009,42:main:9,CTRL-009-I001652,commercial
CTRL-009,42:main:9,CTRL-009-I002183,commercial
CTRL-009,42:main:9,CTRL-009-I004926,commercial
CTRL-009,42:main:9,CTRL-009-I005769,commercial
CTRL-009,42:main:9,CTRL-009-I005901,commercial
CTRL-009,42:main:9,CTRL-009-I005940,commercial
CTRL-009,42:main:9,CTRL-009-I007732,commercial
CTRL-009,42:main:9,CTRL-009-I007869,commercial
CTRL-009,42:main:9,CTRL-009-I008636,commercial
CTRL-009,42:main:9,CTRL-009-I008641,commercial
CTRL-009,42:main:9,CTRL-009-I014559,commercial
CTRL-009,42:main:9,CTRL-009-I014999,commercial
CTRL-009,42:main:9,CTRL-009-I015899,commercial
CTRL-009,42:main:9,CTRL-009-I016155,commercial
CTRL-009,42:main:9,CTRL-009-I017134,commercial
CTRL-009,42:main:9,CTRL-009-I017397,commercial
CTRL-009,42:main:9,CTRL-009-I020076,commercial
CTRL-009,42:main:9,CTRL-009-I020096,commercial
CTRL-009,42:main:9,CTRL-009-I020143,commercial
CTRL-009,42:main:9,CTRL-009-I021113,commercial
CTRL-009,42:main:9,CTRL-009-I022278,commercial
CTRL-009,42:main:9,CTRL-009-I023141,commercial
CTRL-009,42:main:9,CTRL-009-I025068,commercial
CTRL-009,42:main:9,CTRL-009-I027763,commercial
CTRL-009,42:main:9,CTRL-009-I029105,commercial
CTRL-009,42:main:9,CTRL-009-I031436,commercial
CTRL-009,42:main:9,CTRL-009-I031637,commercial
CTRL-009,42:main:9,CTRL-009-I033110,commercial
CTRL-009,42:main:9,CTRL-009-I033183,commercial
CTRL-009,42:main:9,CTRL-009-I033249,commercial
CTRL-009,42:main:9,CTRL-009-I033637,commercial
CTRL-009,42:main:9,CTRL-009-I034155,commercial
CTRL-009,42:main:9,CTRL-009-I036846,commercial
CTRL-009,42:main:9,CTRL-009-I037405,commercial
CTRL-009,42:main:9,CTRL-009-I038757,commercial
CTRL-009,42:main:9,CTRL-009-I039395,commercial
CTRL-009,42:main:9,CTRL-009-I000919,digital-channel
CTRL-009,42:main:9,CTRL-009-I000956,digital-channel
CTRL-009,42:main:9,CTRL-009-I001657,digital-channel
CTRL-009,42:main:9,CTRL-009-I002086,digital-channel
CTRL-009,42:main:9,CTRL-009-I002287,digital-channel
CTRL-009,42:main:9,CTRL-009-I002460,digital-channel
CTRL-009,42:main:9,CTRL-009-I003555,digital-channel
CTRL-009,42:main:9,CTRL-009-I004135,digital-channel
CTRL-009,42:main:9,CTRL-009-I004264,digital-channel
CTRL-009,42:main:9,CTRL-009-I004395,digital-channel
CTRL-009,42:main:9,CTRL-009-I004883,digital-channel
CTRL-009,42:main:9,CTRL-009-I005105,digital-channel
CTRL-009,42:main:9,CTRL-009-I006165,digital-channel
CTRL-009,42:main:9,CTRL-009-I007846,digital-channel
CTRL-009,42:main:9,CTRL-009-I007856,digital-channel
CTRL-009,42:main:9,CTRL-009-I008176,digital-channel
CTRL-009,42:main:9,CTRL-009-I008219,digital-channel
CTRL-009,42:main:9,CTRL-009-I010798,digital-channel
CTRL-009,42:main:9,CTRL-009-I011060,digital-channel
CTRL-009,42:main:9,CTRL-009-I012675,digital-channel
CTRL-009,42:main:9,CTRL-009-I013727,digital-channel
CTRL-009,42:main:9,CTRL-009-I014984,digital-channel
CTRL-009,42:main:9,CTRL-009-I015838,digital-channel
CTRL-009,42:main:9,CTRL-009-I016475,digital-channel
CTRL-009,42:main:9,CTRL-009-I016697,digital-channel
CTRL-009,42:main:9,CTRL-009-I017272,digital-channel
CTRL-009,42:main:9,CTRL-009-I018875,digital-channel
CTRL-009,42:main:9,CTRL-009-I018948,digital-channel
CTRL-009,42:main:9,CTRL-009-I020282,digital-channel
CTRL-009,42:main:9,CTRL-009-I021059,digital-channel
CTRL-009,42:main:9,CTRL-009-I021357,digital-channel
CTRL-009,42:main:9,CTRL-009-I022583,digital-channel
CTRL-009,42:main:9,CTRL-009-I022857,digital-channel
CTRL-009,42:main:9,CTRL-009-I023362,digital-channel
CTRL-009,42:main:9,CTRL-009-I023580,digital-channel
CTRL-009,42:main:9,CTRL-009-I024399,digital-channel
CTRL-009,42:main:9,CTRL-009-I024615,digital-channel
CTRL-009,42:main:9,CTRL-009-I025505,digital-channel
CTRL-009,42:main:9,CTRL-009-I026272,digital-channel
CTRL-009,42:main:9,CTRL-009-I026542,digital-channel
CTRL-009,42:main:9,CTRL-009-I026644,digital-channel
CTRL-009,42:main:9,CTRL-009-I027015,digital-channel
CTRL-009,42:main:9,CTRL-009-I027577,digital-channel
CTRL-009,42:main:9,CTRL-009-I027865,digital-channel
CTRL-009,42:main:9,CTRL-009-I028750,digital-channel
CTRL-009,42:main:9,CTRL-009-I030960,digital-channel
CTRL-009,42:main:9,CTRL-009-I033116,digital-channel
CTRL-009,42:main:9,CTRL-009-I033619,digital-channel
CTRL-009,42:main:9,CTRL-009-I034013,digital-channel
CTRL-009,42:main:9,CTRL-009-I034423,digital-channel
CTRL-009,42:main:9,CTRL-009-I034971,digital-channel
CTRL-009,42:main:9,CTRL-009-I035240,digital-channel
CTRL-009,42:main:9,CTRL-009-I036461,digital-channel
CTRL-009,42:main:9,CTRL-009-I038173,digital-channel
CTRL-009,42:main:9,CTRL-009-I038373,digital-channel
CTRL-009,42:main:9,CTRL-009-I039981,digital-channel
CTRL-009,42:main:9,CTRL-009-I002176,operations
CTRL-009,42:main:9,CTRL-009-I002454,operations
CTRL-009,42:main:9,CTRL-009-I002467,operations
CTRL-009,42:main:9,CTRL-009-I003178,operations
CTRL-009,42:main:9,CTRL-009-I003927,operations
CTRL-009,42:main:9,CTRL-009-I007253,operations
CTRL-009,42:main:9,CTRL-009-I008539,operations
CTRL-009,42:main:9,CTRL-009-I008833,operations
CTRL-009,42:main:9,CTRL-009-I013159,operations
CTRL-009,42:main:9,CTRL-009-I017646,operations
CTRL-009,42:main:9,CTRL-009-I017794,operations
CTRL-009,42:main:9,CTRL-009-I018978,operations
CTRL-009,42:main:9,CTRL-009-I019063,operations
CTRL-009,42:main:9,CTRL-009-I019577,operations
CTRL-009,42:main:9,CTRL-009-I020379,operations
CTRL-009,42:main:9,CTRL-009-I020616,operations
CTRL-009,42:main:9,CTRL-009-I020763,operations
CTRL-009,42:main:9,CTRL-009-I021174,operations
CTRL-009,42:main:9,CTRL-009-I022397,operations
CTRL-009,42:main:9,CTRL-009-I023506,operations
CTRL-009,42:main:9,CTRL-009-I024243,operations
CTRL-009,42:main:9,CTRL-009-I026163,operations
CTRL-009,42:main:9,CTRL-009-I026427,operations
CTRL-009,42:main:9,CTRL-009-I029597,operations
CTRL-009,42:main:9,CTRL-009-I030621,operations
CTRL-009,42:main:9,CTRL-009-I031386,operations
CTRL-009,42:main:9,CTRL-009-I033579,operations
CTRL-009,42:main:9,CTRL-009-I034972,operations
CTRL-009,42:main:9,CTRL-009-I035176,operations
CTRL-009,42:main:9,CTRL-009-I036731,operations
CTRL-009,42:main:9,CTRL-009-I036876,operations
CTRL-009,42:main:9,CTRL-009-I039389,operations
CTRL-010,42:main:10,CTRL-010-I001683,commercial
CTRL-010,42:main:10,CTRL-010-I003578,commercial
CTRL-010,42:main:10,CTRL-010-I004458,commercial
CTRL-010,42:main:10,CTRL-010-I005573,commercial
CTRL-010,42:main:10,CTRL-010-I006500,commercial
CTRL-010,42:main:10,CTRL-010-I008052,commercial
CTRL-010,42:main:10,CTRL-010-I012102,commercial
CTRL-010,42:main:10,CTRL-010-I012890,commercial
CTRL-010,42:main:10,CTRL-010-I012929,commercial
CTRL-010,42:main:10,CTRL-010-I013774,commercial
CTRL-010,42:main:10,CTRL-010-I014272,commercial
CTRL-010,42:main:10,CTRL-010-I015549,commercial
CTRL-010,42:main:10,CTRL-010-I016939,commercial
CTRL-010,42:main:10,CTRL-010-I018753,commercial
CTRL-010,42:main:10,CTRL-010-I021748,commercial
CTRL-010,42:main:10,CTRL-010-I023118,commercial
CTRL-010,42:main:10,CTRL-010-I024699,commercial
CTRL-010,42:main:10,CTRL-010-I027511,commercial
CTRL-010,42:main:10,CTRL-010-I030000,commercial
CTRL-010,42:main:10,CTRL-010-I030639,commercial
CTRL-010,42:main:10,CTRL-010-I038272,commercial
CTRL-010,42:main:10,CTRL-010-I038683,commercial
CTRL-010,42:main:10,CTRL-010-I000635,digital-channel
CTRL-010,42:main:10,CTRL-010-I001276,digital-channel
CTRL-010,42:main:10,CTRL-010-I001604,digital-channel
CTRL-010,42:main:10,CTRL-010-I002878,digital-channel
CTRL-010,42:main:10,CTRL-010-I003310,digital-channel
CTRL-010,42:main:10,CTRL-010-I004948,digital-channel
CTRL-010,42:main:10,CTRL-010-I009421,digital-channel
CTRL-010,42:main:10,CTRL-010-I010380,digital-channel
CTRL-010,42:main:10,CTRL-010-I010676,digital-channel
CTRL-010,42:main:10,CTRL-010-I011094,digital-channel
CTRL-010,42:main:10,CTRL-010-I012099,digital-channel
CTRL-010,42:main:10,CTRL-010-I012227,digital-channel
CTRL-010,42:main:10,CTRL-010-I013789,digital-channel
CTRL-010,42:main:10,CTRL-010-I021675,digital-channel
CTRL-010,42:main:10,CTRL-010-I024898,digital-channel
CTRL-010,42:main:10,CTRL-010-I027063,digital-channel
CTRL-010,42:main:10,CTRL-010-I029213,digital-channel
CTRL-010,42:main:10,CTRL-010-I029322,digital-channel
CTRL-010,42:main:10,CTRL-010-I029808,digital-channel
CTRL-010,42:main:10,CTRL-010-I031399,digital-channel
CTRL-010,42:main:10,CTRL-010-I035793,digital-channel
CTRL-010,42:main:10,CTRL-010-I037475,digital-channel
CTRL-010,42:main:10,CTRL-010-I037649,digital-channel
CTRL-010,42:main:10,CTRL-010-I037957,digital-channel
CTRL-010,42:main:10,CTRL-010-I039586,digital-channel
CTRL-010,42:main:10,CTRL-010-I003025,operations
CTRL-010,42:main:10,CTRL-010-I003059,operations
CTRL-010,42:main:10,CTRL-010-I005548,operations
CTRL-010,42:main:10,CTRL-010-I007119,operations
CTRL-010,42:main:10,CTRL-010-I011424,operations
CTRL-010,42:main:10,CTRL-010-I012591,operations
CTRL-010,42:main:10,CTRL-010-I014086,operations
CTRL-010,42:main:10,CTRL-010-I018159,operations
CTRL-010,42:main:10,CTRL-010-I018165,operations
CTRL-010,42:main:10,CTRL-010-I019081,operations
CTRL-010,42:main:10,CTRL-010-I019328,operations
CTRL-010,42:main:10,CTRL-010-I019432,operations
CTRL-010,42:main:10,CTRL-010-I020411,operations
CTRL-010,42:main:10,CTRL-010-I021332,operations
CTRL-010,42:main:10,CTRL-010-I021736,operations
CTRL-010,42:main:10,CTRL-010-I021833,operations
CTRL-010,42:main:10,CTRL-010-I024815,operations
CTRL-010,42:main:10,CTRL-010-I026427,operations
CTRL-010,42:main:10,CTRL-010-I028477,operations
CTRL-010,42:main:10,CTRL-010-I030650,operations
CTRL-010,42:main:10,CTRL-010-I031727,operations
CTRL-010,42:main:10,CTRL-010-I035303,operations
CTRL-010,42:main:10,CTRL-010-I036513,operations
CTRL-010,42:main:10,CTRL-010-I036981,operations
CTRL-010,42:main:10,CTRL-010-I037342,operations
CTRL-010,42:main:10,CTRL-010-I038823,operations
CTRL-010,42:main:10,CTRL-010-I001760,private-client
CTRL-010,42:main:10,CTRL-010-I002384,private-client
CTRL-010,42:main:10,CTRL-010-I004426,private-client
CTRL-010,42:main:10,CTRL-010-I004598,private-client
CTRL-010,42:main:10,CTRL-010-I005259,private-client
CTRL-010,42:main:10,CTRL-010-I005556,private-client
CTRL-010,42:main:10,CTRL-010-I009434,private-client
CTRL-010,42:main:10,CTRL-010-I010052,private-client
CTRL-010,42:main:10,CTRL-010-I010340,private-client
CTRL-010,42:main:10,CTRL-010-I011287,private-client
CTRL-010,42:main:10,CTRL-010-I011860,private-client
CTRL-010,42:main:10,CTRL-010-I012120,private-client
CTRL-010,42:main:10,CTRL-010-I012951,private-client
CTRL-010,42:main:10,CTRL-010-I013590,private-client
CTRL-010,42:main:10,CTRL-010-I013665,private-client
CTRL-010,42:main:10,CTRL-010-I015189,private-client
CTRL-010,42:main:10,CTRL-010-I021018,private-client
CTRL-010,42:main:10,CTRL-010-I023902,private-client
CTRL-010,42:main:10,CTRL-010-I024062,private-client
CTRL-010,42:main:10,CTRL-010-I026293,private-client
CTRL-010,42:main:10,CTRL-010-I027042,private-client
CTRL-010,42:main:10,CTRL-010-I029073,private-client
CTRL-010,42:main:10,CTRL-010-I029252,private-client
CTRL-010,42:main:10,CTRL-010-I029267,private-client
CTRL-010,42:main:10,CTRL-010-I032020,private-client
CTRL-010,42:main:10,CTRL-010-I032322,private-client
CTRL-010,42:main:10,CTRL-010-I034032,private-client
CTRL-010,42:main:10,CTRL-010-I034966,private-client
CTRL-010,42:main:10,CTRL-010-I035715,private-client
CTRL-010,42:main:10,CTRL-010-I038561,private-client
CTRL-010,42:main:10,CTRL-010-I038751,private-client
CTRL-010,42:main:10,CTRL-010-I039536,private-client
CTRL-010,42:main:10,CTRL-010-I039582,private-client
CTRL-010,42:main:10,CTRL-010-I003315,retail-branch
CTRL-010,42:main:10,CTRL-010-I003443,retail-branch
CTRL-010,42:main:10,CTRL-010-I003713,retail-branch
CTRL-010,42:main:10,CTRL-010-I006636,retail-branch
CTRL-010,42:main:10,CTRL-010-I007127,retail-branch
CTRL-010,42:main:10,CTRL-010-I009313,retail-branch
CTRL-010,42:main:10,CTRL-010-I009442,retail-branch
CTRL-010,42:main:10,CTRL-010-I011629,retail-branch
CTRL-010,42:main:10,CTRL-010-I015102,retail-branch
CTRL-010,42:main:10,CTRL-010-I017847,retail-branch
CTRL-010,42:main:10,CTRL-010-I018945,retail-branch
CTRL-010,42:main:10,CTRL-010-I019149,retail-branch
CTRL-010,42:main:10,CTRL-010-I019849,retail-branch
CTRL-010,42:main:10,CTRL-010-I020351,retail-branch
CTRL-010,42:main:10,CTRL-010-I029567,retail-branch
CTRL-010,42:main:10,CTRL-010-I033919,retail-branch
CTRL-010,42:main:10,CTRL-010-I034368,retail-branch
CTRL-010,42:main:10,CTRL-010-I036018,retail-branch
CTRL-010,42:main:10,CTRL-010-I037611,retail-branch
CTRL-010,42:main:10,CTRL-010-I037986,retail-branch
CTRL-010,42:main:10,CTRL-010-I038232,retail-branch
CTRL-011,42:main:11,CTRL-011-I000121,digital-channel
CTRL-011,42:main:11,CTRL-011-I003531,digital-channel
CTRL-011,42:main:11,CTRL-011-I005121,digital-channel
CTRL-011,42:main:11,CTRL-011-I012284,digital-channel
CTRL-011,42:main:11,CTRL-011-I017087,digital-channel
CTRL-011,42:main:11,CTRL-011-I018269,digital-channel
CTRL-011,42:main:11,CTRL-011-I019344,digital-channel
CTRL-011,42:main:11,CTRL-011-I021765,digital-channel
CTRL-011,42:main:11,CTRL-011-I024705,digital-channel
CTRL-011,42:main:11,CTRL-011-I026089,digital-channel
CTRL-011,42:main:11,CTRL-011-I026202,digital-channel
CTRL-011,42:main:11,CTRL-011-I026977,digital-channel
CTRL-011,42:main:11,CTRL-011-I028127,digital-channel
CTRL-011,42:main:11,CTRL-011-I028919,digital-channel
CTRL-011,42:main:11,CTRL-011-I029941,digital-channel
CTRL-011,42:main:11,CTRL-011-I034244,digital-channel
CTRL-011,42:main:11,CTRL-011-I036900,digital-channel
CTRL-011,42:main:11,CTRL-011-I037422,digital-channel
CTRL-011,42:main:11,CTRL-011-I038078,digital-channel
CTRL-011,42:main:11,CTRL-011-I039099,digital-channel
CTRL-011,42:main:11,CTRL-011-I039128,digital-channel
CTRL-011,42:main:11,CTRL-011-I039309,digital-channel
CTRL-011,42:main:11,CTRL-011-I002661,operations
CTRL-011,42:main:11,CTRL-011-I002695,operations
CTRL-011,42:main:11,CTRL-011-I002976,operations
CTRL-011,42:main:11,CTRL-011-I002989,operations
CTRL-011,42:main:11,CTRL-011-I008016,operations
CTRL-011,42:main:11,CTRL-011-I010633,operations
CTRL-011,42:main:11,CTRL-011-I011415,operations
CTRL-011,42:main:11,CTRL-011-I012149,operations
CTRL-011,42:main:11,CTRL-011-I012747,operations
CTRL-011,42:main:11,CTRL-011-I012998,operations
CTRL-011,42:main:11,CTRL-011-I014788,operations
CTRL-011,42:main:11,CTRL-011-I015208,operations
CTRL-011,42:main:11,CTRL-011-I016926,operations
CTRL-011,42:main:11,CTRL-011-I019332,operations
CTRL-011,42:main:11,CTRL-011-I027101,operations
CTRL-011,42:main:11,CTRL-011-I028229,operations
CTRL-011,42:main:11,CTRL-011-I033838,operations
CTRL-011,42:main:11,CTRL-011-I034958,operations
CTRL-011,42:main:11,CTRL-011-I035780,operations
CTRL-011,42:main:11,CTRL-011-I038438,operations
CTRL-011,42:main:11,CTRL-011-I039595,operations
CTRL-011,42:main:11,CTRL-011-I001306,private-client
CTRL-011,42:main:11,CTRL-011-I002897,private-client
CTRL-011,42:main:11,CTRL-011-I005017,private-client
CTRL-011,42:main:11,CTRL-011-I005164,private-client
CTRL-011,42:main:11,CTRL-011-I006766,private-client
CTRL-011,42:main:11,CTRL-011-I007131,private-client
CTRL-011,42:main:11,CTRL-011-I011035,private-client
CTRL-011,42:main:11,CTRL-011-I019582,private-client
CTRL-011,42:main:11,CTRL-011-I019958,private-client
CTRL-011,42:main:11,CTRL-011-I020916,private-client
CTRL-011,42:main:11,CTRL-011-I022798,private-client
CTRL-011,42:main:11,CTRL-011-I026689,private-client
CTRL-011,42:main:11,CTRL-011-I026920,private-client
CTRL-011,42:main:11,CTRL-011-I033209,private-client
CTRL-011,42:main:11,CTRL-011-I034889,private-client
CTRL-011,42:main:11,CTRL-011-I039078,private-client
CTRL-011,42:main:11,CTRL-011-I000728,retail-branch
CTRL-011,42:main:11,CTRL-011-I003421,retail-branch
CTRL-011,42:main:11,CTRL-011-I006018,retail-branch
CTRL-011,42:main:11,CTRL-011-I006520,retail-branch
CTRL-011,42:main:11,CTRL-011-I010269,retail-branch
CTRL-011,42:main:11,CTRL-011-I011057,retail-branch
CTRL-011,42:main:11,CTRL-011-I017300,retail-branch
CTRL-011,42:main:11,CTRL-011-I018143,retail-branch
CTRL-011,42:main:11,CTRL-011-I019271,retail-branch
CTRL-011,42:main:11,CTRL-011-I022037,retail-branch
CTRL-011,42:main:11,CTRL-011-I023554,retail-branch
CTRL-011,42:main:11,CTRL-011-I028927,retail-branch
CTRL-011,42:main:11,CTRL-011-I028982,retail-branch
CTRL-011,42:main:11,CTRL-011-I031122,retail-branch
CTRL-011,42:main:11,CTRL-011-I035166,retail-branch
CTRL-011,42:main:11,CTRL-011-I037935,retail-branch
CTRL-011,42:main:11,CTRL-011-I038437,retail-branch
CTRL-011,42:main:11,CTRL-011-I039452,retail-branch
