uid,name,entity_type,program,aliases,source,true_entity_id,id_dob,id_nationality,id_country,id_place_of_birth,id_passport,id_national_id,id_registration,id_imo,id_tail_number,id_wallet
EU_CFSP-000057-1,FATIMA KUPARASATA,INDIVIDUAL,EU_-PROG,,EU_CFSP,57,1957-10-02,,AE,,,,,,,
EU_CFSP-000164-0,OMAR VEVIKABAFUVE,INDIVIDUAL,EU_-PROG,,EU_CFSP,164,1924-09-25,,VE,,P0000164,,,,,
UN_CONSOLIDATED-000046-0,OMAR FODEKOPARAF,INDIVIDUAL,UN_-PROG,,UN_CONSOLIDATED,46,1946-11-19,,CN,,P0000046,,,,,
UK_OFSI-000005-0,CHEN JUNEVOTEK,INDIVIDUAL,UK_-PROG,,UK_OFSI,5,1905-06-06,,VE,,P0000005,,,,,
UK_OFSI-000121-1,CHEN KIDEMAME,INDIVIDUAL,UK_-PROG,,UK_OFSI,121,1951-02-10,,SY,,,,,,,
EU_CFSP-000090-0,DOCISEGOR OCEAN,ENTITY,EU_-PROG,,EU_CFSP,90,,,AE,,,,REG000090,,,
UK_OFSI-000082-1,JINOZONETUNUL OCEAN,ENTITY,UK_-PROG,,UK_OFSI,82,,,SY,,,,REG000082,,,
UK_OFSI-000114-1,MALAMETU OCEAN,ENTITY,UK_-PROG,,UK_OFSI,114,,,IR,,,,REG000114,,,
EU_CFSP-000109-1,MOHAMMED FEPINOJUV,INDIVIDUAL,EU_-PROG,,EU_CFSP,109,1939-02-26,,BY,,,,,,,
OFAC_SDN-000037-0,TAJIGITOFA CAPITAL,ENTITY,OFA-PROG,,OFAC_SDN,37,,,KP,,,,REG000037,,,
EU_CFSP-000130-0,ANNA NITIKAJEFEFEN,INDIVIDUAL,EU_-PROG,,EU_CFSP,130,1960-11-19,,IR,,P0000130,,,,,
UN_CONSOLIDATED-000154-0,WEI JIBIZEBA,INDIVIDUAL,UN_-PROG,,UN_CONSOLIDATED,154,1914-11-15,,IR,,P0000154,,,,,
UN_CONSOLIDATED-000134-0,KUBOPOVIZIRIN CAPITAL,ENTITY,UN_-PROG,,UN_CONSOLIDATED,134,,,RU,,,,REG000134,,,
EU_CFSP-000161-0,AHMED GOFUFIFAVEJI,INDIVIDUAL,EU_-PROG,,EU_CFSP,161,1921-06-22,,AE,,P0000161,,,,,
UN_CONSOLIDATED-000118-0,MARIA GUVICAFOBAHOS,INDIVIDUAL,UN_-PROG,,UN_CONSOLIDATED,118,1948-11-07,,KP,,P0000118,,,,,
UK_OFSI-000160-0,MOHAMMED CUCABAFOTOFUG,INDIVIDUAL,UK_-PROG,,UK_OFSI,160,1920-05-21,,VE,,P0000160,,,,,
OFAC_SDN-000006-0,GESUDORU GLOBAL,ENTITY,OFA-PROG,,OFAC_SDN,6,,,RU,,,,REG000006,,,
OFAC_SDN-000023-2,ANNA GEDOSITOCU,INDIVIDUAL,OFA-PROG,,OFAC_SDN,23,1923-12-24,,RU,,P0000023,,,,,
UN_CONSOLIDATED-000099-1,CUCACESEKAGAT SHIPPING,VESSEL,UN_-PROG,,UN_CONSOLIDATED,99,,,RU,,,,,1000099,,
UN_CONSOLIDATED-000006-1,GESUDORU GLOBAL,ENTITY,UN_-PROG,,UN_CONSOLIDATED,6,,,RU,,,,REG000006,,,
EU_CFSP-000036-0,SOMOCODILIR TRADING,VESSEL,EU_-PROG,,EU_CFSP,36,,,BY,,,,,1000036,,
UK_OFSI-000099-0,CUCACASEKAGAT SHIPPING,VESSEL,UK_-PROG,,UK_OFSI,99,,,RU,,,,,1000099,,
OFAC_SDN-000080-0,GINERUMUNUZUM OCEAN,ENTITY,OFA-PROG,,OFAC_SDN,80,,,RU,,,,REG000080,,,
OFAC_SDN-000029-0,LUBUJAKOVUKO OCEAN,VESSEL,OFA-PROG,,OFAC_SDN,29,,,BY,,,,,1000029,,
OFAC_SDN-000108-1,SOCIDAKIHUCU STAR,ENTITY,OFA-PROG,,OFAC_SDN,108,,,CN,,,,,,,
EU_CFSP-000049-0,JUJENEBIGELEB GROUP,ENTITY,EU_-PROG,,EU_CFSP,49,,,RU,,,,REG000049,,,
OFAC_SDN-000122-0,MOHAMMED DUBINERUSIHO,INDIVIDUAL,OFA-PROG,,OFAC_SDN,122,1952-03-11,,RU,,P0000122,,,,,
UK_OFSI-000089-1,CHEN TAJUVAZOCOGAC,INDIVIDUAL,UK_-PROG,,UK_OFSI,89,1919-06-06,,BY,,,,,,,
UN_CONSOLIDATED-000076-0,MARIA GINIREPUFIKOT,INDIVIDUAL,UN_-PROG,,UN_CONSOLIDATED,76,1906-05-21,,KP,,P0000076,,,,,
OFAC_SDN-000014-0,METUMUZAMA GROUP,VESSEL,OFA-PROG,,OFAC_SDN,14,,,VE,,,,,1000014,,
UK_OFSI-000046-1,OMAR FADEKOPARAF,INDIVIDUAL,UK_-PROG,,UK_OFSI,46,1946-11-19,,CN,,P0000046,,,,,
UK_OFSI-000043-0,LATIHATIMO OCEAN,ENTITY,UK_-PROG,,UK_OFSI,43,,,VE,,,,REG000043,,,
EU_CFSP-000011-1,OMAR CACUNAKEJUTEL,INDIVIDUAL,EU_-PROG,,EU_CFSP,11,1911-12-12,,SY,,,,,,,
EU_CFSP-000050-2,OMAR CESUFAVOPU,INDIVIDUAL,EU_-PROG,,EU_CFSP,50,1950-03-23,,SY,,P0000050,,,,,
UN_CONSOLIDATED-000072-1,SERGEI CUGOPITAGUN,INDIVIDUAL,UN_-PROG,,UN_CONSOLIDATED,72,1902-01-17,,SY,,P0000072,,,,,
EU_CFSP-000039-1,GALONULAMIVEV SHIPPING,VESSEL,EU_-PROG,,EU_CFSP,39,,,CN,,,,,1000039,,
UK_OFSI-000018-1,IVAN LIZANAFIL,INDIVIDUAL,UK_-PROG,,UK_OFSI,18,1918-07-19,,IR,,P0000018,,,,,
UN_CONSOLIDATED-000139-0,MARIA HADIVASESEN,INDIVIDUAL,UN_-PROG,,UN_CONSOLIDATED,139,1969-08-28,,SY,,P0000139,,,,,
UN_CONSOLIDATED-000136-0,AHMED NABEGAZI,INDIVIDUAL,UN_-PROG,,UN_CONSOLIDATED,136,1966-05-25,,AE,,P0000136,,,,,
OFAC_SDN-000021-1,IVAN DOSUJOVOKE,INDIVIDUAL,OFA-PROG,,OFAC_SDN,21,1921-10-22,,IR,,P0000021,,,,,
OFAC_SDN-000063-0,WEI ZUZANUGUH,INDIVIDUAL,OFA-PROG,,OFAC_SDN,63,1963-04-08,,KP,,P0000063,,,,,
UN_CONSOLIDATED-000028-0,WEI LOKORIBO,INDIVIDUAL,UN_-PROG,,UN_CONSOLIDATED,28,1928-05-01,,BY,,P0000028,,,,,
UK_OFSI-000056-0,SERGEI VUMAKOCAJIJE,INDIVIDUAL,UK_-PROG,,UK_OFSI,56,1956-09-01,,CN,,P0000056,,,,,
UN_CONSOLIDATED-000044-0,SERGEI PUMIBOLACU,INDIVIDUAL,UN_-PROG,,UN_CONSOLIDATED,44,1944-09-17,,SY,,P0000044,,,,,
OFAC_SDN-000138-0,VOPURAVUKEC GLOBAL,AIRCRAFT,OFA-PROG,,OFAC_SDN,138,,,RU,,,,,,EP-00138,
OFAC_SDN-000165-0,WEI TAFECIPISAC,INDIVIDUAL,OFA-PROG,,OFAC_SDN,165,1925-10-26,,KP,,P0000165,,,,,
UK_OFSI-000012-1,MOVEJIJACIV GROUP,VESSEL,UK_-PROG,,UK_OFSI,12,,,RU,,,,,1000012,,
OFAC_SDN-000007-1,CHEN LUHUFIZUJEPE,INDIVIDUAL,OFA-PROG,,OFAC_SDN,7,1907-08-08,,RU,,,,,,,
UN_CONSOLIDATED-000082-0,JUNOZONETUNUL OCEAN,ENTITY,UN_-PROG,,UN_CONSOLIDATED,82,,,SY,,,,REG000082,,,
EU_CFSP-000157-0,MOHAMMED HOBEKEJA,INDIVIDUAL,EU_-PROG,,EU_CFSP,157,1917-02-18,,CN,,P0000157,,,,,
UN_CONSOLIDATED-000052-0,SANONIPEVAD HOLDINGS,ENTITY,UN_-PROG,,UN_CONSOLIDATED,52,,,AE,,,,REG000052,,,
UK_OFSI-000120-0,GAZUBUHOJ GROUP,ENTITY,UK_-PROG,,UK_OFSI,120,,,AE,,,,REG000120,,,
UK_OFSI-000003-1,IVAN COFODUMUPUD,INDIVIDUAL,UK_-PROG,,UK_OFSI,3,1903-04-04,,SY,,P0000003,,,,,
UK_OFSI-000112-0,HIDENAKIFEPE STAR,ENTITY,UK_-PROG,,UK_OFSI,112,,,KP,,,,REG000112,,,
UN_CONSOLIDATED-000096-0,ANNA JOJIMAJEFOKU,INDIVIDUAL,UN_-PROG,,UN_CONSOLIDATED,96,1926-01-13,,SY,,P0000096,,,,,
OFAC_SDN-000002-0,SETULAHONIGE SHIPPING,ENTITY,OFA-PROG,,OFAC_SDN,2,,,IR,,,,REG000002,,,
UK_OFSI-000130-1,ANNA NITIKAJEFEFEN,INDIVIDUAL,UK_-PROG,,UK_OFSI,130,1960-11-19,,IR,,P0000130,,,,,
EU_CFSP-000021-0,IVAN DOSUJOVOKE,INDIVIDUAL,EU_-PROG,,EU_CFSP,21,1921-10-22,,IR,,P0000021,,,,,
EU_CFSP-000133-0,IVAN LITECUKIV,INDIVIDUAL,EU_-PROG,,EU_CFSP,133,1963-02-22,,IR,,P0000133,,,,,
OFAC_SDN-000030-2,SERGEU LILEFENAHEV,INDIVIDUAL,OFA-PROG,,OFAC_SDN,30,1930-07-03,,VE,,P0000030,,,,,
EU_CFSP-000144-2,IVEN VAHIRERARI,INDIVIDUAL,EU_-PROG,,EU_CFSP,144,1904-01-05,,BY,,P0000144,,,,,
UK_OFSI-000032-1,MOHAMMED SUKUROTISICI,INDIVIDUAL,UK_-PROG,,UK_OFSI,32,1932-09-05,,SY,,,,,,,
UK_OFSI-000137-1,PEHOMIGEBURUN CAPITAL,ENTITY,UK_-PROG,,UK_OFSI,137,,,IR,,,,REG000137,,,
EU_CFSP-000022-1,SERGEI ZUNOZOTEVOK,INDIVIDUAL,EU_-PROG,,EU_CFSP,22,1922-11-23,,BY,,,,,,,
OFAC_SDN-000072-0,SERGEI CUGOPITAGUN,INDIVIDUAL,OFA-PROG,,OFAC_SDN,72,1902-01-17,,SY,,P0000072,,,,,
UK_OFSI-000069-0,TOHEDOCIJ TRADING,ENTITY,UK_-PROG,,UK_OFSI,69,,,CN,,,,REG000069,,,
UN_CONSOLIDATED-000027-0,BOVASITESE GLOBAL,ENTITY,UN_-PROG,,UN_CONSOLIDATED,27,,,BY,,,,REG000027,,,
UN_CONSOLIDATED-000162-0,WEI GOFUFIFAVEJI,INDIVIDUAL,UN_-PROG,,UN_CONSOLIDATED,162,1922-07-23,,RU,,P0000162,,,,,
OFAC_SDN-000060-1,CHEN DAZOTOCOJI,INDIVIDUAL,OFA-PROG,,OFAC_SDN,60,1960-01-05,,KP,,P0000060,,,,,
UK_OFSI-000123-0,GIDIDUJENODI CAPITAL,ENTITY,UK_-PROG,,UK_OFSI,123,,,RU,,,,REG000123,,,
UK_OFSI-000079-0,COCUJIMARUL HOLDINGS,ENTITY,UK_-PROG,,UK_OFSI,79,,,KP,,,,REG000079,,,
OFAC_SDN-000113-0,ANNA CIBOGERUZOV,INDIVIDUAL,OFA-PROG,,OFAC_SDN,113,1943-06-02,,BY,,P0000113,,,,,
UK_OFSI-000026-1,MABIROJA CAPATAL,ENTITY,UK_-PROG,,UK_OFSI,26,,,IR,,,,REG000026,,,
UK_OFSI-000109-0,MOHAMMED FEPINOJUV,INDIVIDUAL,UK_-PROG,,UK_OFSI,109,1939-02-26,,BY,,P0000109,,,,,
UN_CONSOLIDATED-000114-0,MALEMETU OCEAN,ENTITY,UN_-PROG,,UN_CONSOLIDATED,114,,,IR,,,,REG000114,,,
OFAC_SDN-000016-2,AHMED TUSUBADECIGEM,INDIVIDUAL,OFA-PROG,,OFAC_SDN,16,1916-05-17,,RU,,P0000016,,,,,
EU_CFSP-000159-0,IVAN CUCABAFOTOFUG,INDIVIDUAL,EU_-PROG,,EU_CFSP,159,1919-04-20,,VE,,P0000159,,,,,
OFAC_SDN-000050-0,OMAR CESUFAVOPU,INDIVIDUAL,OFA-PROG,,OFAC_SDN,50,1950-03-23,,SY,,P0000050,,,,,
UN_CONSOLIDATED-000166-0,AHMED TAFECIPISAC,INDIVIDUAL,UN_-PROG,,UN_CONSOLIDATED,166,1926-11-27,,BY,,P0000166,,,,,
UN_CONSOLIDATED-000101-0,ZAKEVICA GLOBAL,ENTITY,UN_-PROG,,UN_CONSOLIDATED,101,,,RU,,,,REG000101,,,
EU_CFSP-000140-0,MARIA COVECIBOV,INDIVIDUAL,EU_-PROG,,EU_CFSP,140,1900-09-01,,IR,,P0000140,,,,,
OFAC_SDN-000068-1,AHMED DIPAZUZUBOVA,INDIVIDUAL,OFA-PROG,,OFAC_SDN,68,1968-09-13,,VE,,P0000068,,,,,
UN_CONSOLIDATED-000144-0,IVAN VAHIRERARI,INDIVIDUAL,UN_-PROG,,UN_CONSOLIDATED,144,1904-01-05,,BY,,P0000144,,,,,
OFAC_SDN-000105-2,AHMED LIGAHOLOMO,INDIVIDUAL,OFA-PROG,,OFAC_SDN,105,1935-10-22,,VE,,P0000105,,,,,
EU_CFSP-000054-0,LUKOBULAM SHIPPING,ENTITY,EU_-PROG,,EU_CFSP,54,,,CN,,,,REG000054,,,
UK_OFSI-000074-1,WEI VUSODENATOZIH,INDIVIDUAL,UK_-PROG,,UK_OFSI,74,1904-03-19,,AE,,P0000074,,,,,
UN_CONSOLIDATED-000142-1,CHEN CEFAPUSUKUR,INDIVIDUAL,UN_-PROG,,UN_CONSOLIDATED,142,1902-11-03,,AE,,P0000142,,,,,
UK_OFSI-000023-0,ANNA GEDOSITOCE,INDIVIDUAL,UK_-PROG,,UK_OFSI,23,1923-12-24,,RU,,P0000023,,,,,
UN_CONSOLIDATED-000026-0,MABIROJA CAPITAL,ENTITY,UN_-PROG,,UN_CONSOLIDATED,26,,,IR,,,,REG000026,,,
EU_CFSP-000091-0,CHEN RUGEBAMO,INDIVIDUAL,EU_-PROG,,EU_CFSP,91,1921-08-08,,AE,,P0000091,,,,,
EU_CFSP-000086-1,MARIA TIJANETIHANI,INDIVIDUAL,EU_-PROG,,EU_CFSP,86,1916-03-03,,KP,,P0000086,,,,,
OFAC_SDN-000125-2,IVAN NOLODIDOP,INDIVIDUAL,OFA-PROG,,OFAC_SDN,125,1955-06-14,,BY,,P0000125,,,,,
UN_CONSOLIDATED-000066-0,FATIMA VOBABIJE,INDIVIDUAL,UN_-PROG,,UN_CONSOLIDATED,66,1966-07-11,,AE,,P0000066,,,,,
UN_CONSOLIDATED-000141-0,FIROVIDURER SHIPPING,CRYPTO,UN_-PROG,,UN_CONSOLIDATED,141,,,KP,,,,,,,0x00000000008d
UN_CONSOLIDATED-000032-0,MOHAMMED SUKUROTISICU,INDIVIDUAL,UN_-PROG,,UN_CONSOLIDATED,32,1932-09-05,,SY,,P0000032,,,,,
EU_CFSP-000062-0,GUDOZIBIME SHIPPING,ENTITY,EU_-PROG,,EU_CFSP,62,,,BY,,,,REG000062,,,
OFAC_SDN-000143-1,CHEN SEGULIDAR,INDIVIDUAL,OFA-PROG,,OFAC_SDN,143,1903-12-04,,CN,,,,,,,
EU_CFSP-000025-0,MARIA LAVACIKACA,INDIVIDUAL,EU_-PROG,,EU_CFSP,25,1925-02-26,,RU,,P0000025,,,,,
UK_OFSI-000108-0,SUCIDAKIHUCU STAR,ENTITY,UK_-PROG,,UK_OFSI,108,,,CN,,,,REG000108,,,
UK_OFSI-000048-1,AHMED SUGOFOSICIJOK,INDIVIDUAL,UK_-PROG,,UK_OFSI,48,1948-01-21,,IR,,,,,,,
UN_CONSOLIDATED-000087-0,OMAR KOLIMUBIPEF,INDIVIDUAL,UN_-PROG,,UN_CONSOLIDATED,87,1917-04-04,,VE,,P0000087,,,,,
EU_CFSP-000030-0,SERGEI LILEFENAHEV,INDIVIDUAL,EU_-PROG,,EU_CFSP,30,1930-07-03,,VE,,P0000030,,,,,
OFAC_SDN-000103-0,MOHAMMED RIBITOKIROHU,INDIVIDUAL,OFA-PROG,,OFAC_SDN,103,1933-08-20,,VE,,P0000103,,,,,
UK_OFSI-000011-2,OMAR CACINAKEJUTEL,INDIVIDUAL,UK_-PROG,,UK_OFSI,11,1911-12-12,,SY,,,,,,,
UN_CONSOLIDATED-000124-0,MEFAGAHO GLOBAL,ENTITY,UN_-PROG,,UN_CONSOLIDATED,124,,,KP,,,,REG000124,,,
UK_OFSI-000152-0,ANNA CATIJEHODE,INDIVIDUAL,UK_-PROG,,UK_OFSI,152,1912-09-13,,RU,,P0000152,,,,,
UN_CONSOLIDATED-000067-0,WEI SUTAFOBU,INDIVIDUAL,UN_-PROG,,UN_CONSOLIDATED,67,1967-08-12,,VE,,P0000067,,,,,
OFAC_SDN-000120-1,GAZUBUHUJ GROUP,ENTITY,OFA-PROG,,OFAC_SDN,120,,,AE,,,,,,,
UK_OFSI-000143-0,CHEN SEGULIDAR,INDIVIDUAL,UK_-PROG,,UK_OFSI,143,1903-12-04,,CN,,P0000143,,,,,
EU_CFSP-000118-2,MARIA GUVICAFOBAHOS,INDIVIDUAL,EU_-PROG,,EU_CFSP,118,1948-11-07,,KP,,,,,,,
EU_CFSP-000061-0,AHMED CIDIFURILU,INDIVIDUAL,EU_-PROG,,EU_CFSP,61,1961-02-06,,IR,,P0000061,,,,,
OFAC_SDN-000084-0,SERGEI NOFEBUHOVO,INDIVIDUAL,OFA-PROG,,OFAC_SDN,84,1914-01-01,,CN,,P0000084,,,,,
OFAC_SDN-000168-0,WEI LAPIHAROTIRO,INDIVIDUAL,OFA-PROG,,OFAC_SDN,168,1928-01-01,,IR,,P0000168,,,,,
OFAC_SDN-000091-1,CHEN RUGEBAMO,INDIVIDUAL,OFA-PROG,,OFAC_SDN,91,1921-08-08,,AE,,P0000091,,,,,
UN_CONSOLIDATED-000065-0,AHMED ZIKODIKANA,INDIVIDUAL,UN_-PROG,,UN_CONSOLIDATED,65,1965-06-10,,KP,,P0000065,,,,,
UK_OFSI-000081-1,BUVIKAVEZURE CAPITAL,ENTITY,UK_-PROG,,UK_OFSI,81,,,RU,,,,,,,
OFAC_SDN-000044-1,SERGEI PUMIBOLACO,INDIVIDUAL,OFA-PROG,,OFAC_SDN,44,1944-09-17,,SY,,P0000044,,,,,
UK_OFSI-000151-0,ANNA CATIJEHODE,INDIVIDUAL,UK_-PROG,,UK_OFSI,151,1911-08-12,,AE,,P0000151,,,,,
UN_CONSOLIDATED-000059-0,OMAR DEVOTUNID,INDIVIDUAL,UN_-PROG,,UN_CONSOLIDATED,59,1959-12-04,,BY,,P0000059,,,,,
EU_CFSP-000042-0,ANNA KUSUHEHA,INDIVIDUAL,EU_-PROG,,EU_CFSP,42,1942-07-15,,SY,,P0000042,,,,,
EU_CFSP-000094-0,HOVAPOZISOGIV CAPITAL,ENTITY,EU_-PROG,,EU_CFSP,94,,,SY,,,,REG000094,,,
EU_CFSP-000143-2,CHEN SEGULODAR,INDIVIDUAL,EU_-PROG,,EU_CFSP,143,1903-12-04,,CN,,,,,,,
OFAC_SDN-000012-0,MOVEJIJACIV GROUP,VESSEL,OFA-PROG,,OFAC_SDN,12,,,RU,,,,,1000012,,
OFAC_SDN-000040-1,OMAR ROGOCEZUNU,INDIVIDUAL,OFA-PROG,,OFAC_SDN,40,1940-05-13,,IR,,P0000040,,,,,
EU_CFSP-000073-1,DIPAMIHEPUJ GROUP,VESSEL,EU_-PROG,,EU_CFSP,73,,,SY,,,,,1000073,,
UN_CONSOLIDATED-000048-0,AHMED SUGOFOSICIJOK,INDIVIDUAL,UN_-PROG,,UN_CONSOLIDATED,48,1948-01-21,,IR,,P0000048,,,,,
OFAC_SDN-000100-2,SEFAZOKEZIPI HOLDINGS,ENTITY,OFA-PROG,,OFAC_SDN,100,,,CN,,,,REG000100,,,
OFAC_SDN-000081-0,BUVIKAVEZURE CAPITAL,ENTITY,OFA-PROG,,OFAC_SDN,81,,,RU,,,,REG000081,,,
UN_CONSOLIDATED-000097-0,VIJINOCUKEBI STAR,ENTITY,UN_-PROG,,UN_CONSOLIDATED,97,,,VE,,,,REG000097,,,
UN_CONSOLIDATED-000020-0,RUBIMESUNOJ OCEAN,ENTITY,UN_-PROG,,UN_CONSOLIDATED,20,,,KP,,,,REG000020,,,
UN_CONSOLIDATED-000088-1,PUKEGOGOPO OCEAN,ENTITY,UN_-PROG,,UN_CONSOLIDATED,88,,,SY,,,,REG000088,,,
EU_CFSP-000064-2,VEPUTOMOZUH CAPITAL,ENTITY,EU_-PROG,,EU_CFSP,64,,,KP,,,,REG000064,,,
UN_CONSOLIDATED-000111-1,MOHOMMED JELAFUHIT,INDIVIDUAL,UN_-PROG,,UN_CONSOLIDATED,111,1941-04-28,,VE,,P0000111,,,,,
EU_CFSP-000150-1,HIDEPUMONILUF OCEAN,ENTITY,EU_-PROG,,EU_CFSP,150,,,RU,,,,REG000150,,,
EU_CFSP-000082-2,JUNOZONETUNUL OCEAN,ENTITY,EU_-PROG,,EU_CFSP,82,,,SY,,,,REG000082,,,
UN_CONSOLIDATED-000121-0,CHEN KIDEMAME,INDIVIDUAL,UN_-PROG,,UN_CONSOLIDATED,121,1951-02-10,,SY,,P0000121,,,,,
EU_CFSP-000033-0,SERGEI MODELUJOFUG,INDIVIDUAL,EU_-PROG,,EU_CFSP,33,1933-10-06,,KP,,P0000033,,,,,
UK_OFSI-000061-1,AHMED CIDIFURULU,INDIVIDUAL,UK_-PROG,,UK_OFSI,61,1961-02-06,,IR,,P0000061,,,,,
UN_CONSOLIDATED-000117-0,MOHAMMED DOZIPOVI,INDIVIDUAL,UN_-PROG,,UN_CONSOLIDATED,117,1947-10-06,,BY,,P0000117,,,,,
EU_CFSP-000029-1,LIBUJAKOVUKO OCEAN,VESSEL,EU_-PROG,,EU_CFSP,29,,,BY,,,,,1000029,,
UK_OFSI-000030-1,SERGEI LILEFENAHEV,INDIVIDUAL,UK_-PROG,,UK_OFSI,30,1930-07-03,,VE,,P0000030,,,,,
OFAC_SDN-000041-0,RIVUCUDEME STAR,ENTITY,OFA-PROG,,OFAC_SDN,41,,,IR,,,,REG000041,,,
UN_CONSOLIDATED-000089-0,CHEN TAJUVAZOCOGUC,INDIVIDUAL,UN_-PROG,,UN_CONSOLIDATED,89,1919-06-06,,BY,,P0000089,,,,,
OFAC_SDN-000064-0,VEPUTOMOZUH CAPITAL,ENTITY,OFA-PROG,,OFAC_SDN,64,,,KP,,,,REG000064,,,
UN_CONSOLIDATED-000022-0,SERGEI ZUNOZOTEVOK,INDIVIDUAL,UN_-PROG,,UN_CONSOLIDATED,22,1922-11-23,,BY,,P0000022,,,,,
UN_CONSOLIDATED-000132-1,MOHAMMED CEGERIDU,INDIVIDUAL,UN_-PROG,,UN_CONSOLIDATED,132,1962-01-21,,RU,,P0000132,,,,,
UK_OFSI-000132-2,MOHAMMID CEGERIDU,INDIVIDUAL,UK_-PROG,,UK_OFSI,132,1962-01-21,,RU,,P0000132,,,,,
UN_CONSOLIDATED-000008-0,GEVUHIZUJ CAPITAL,ENTITY,UN_-PROG,,UN_CONSOLIDATED,8,,,VE,,,,REG000008,,,
UN_CONSOLIDATED-000018-0,IVAN LIZONAFIL,INDIVIDUAL,UN_-PROG,,UN_CONSOLIDATED,18,1918-07-19,,IR,,P0000018,,,,,
UK_OFSI-000059-1,OMAR DEVOTANID,INDIVIDUAL,UK_-PROG,,UK_OFSI,59,1959-12-04,,BY,,,,,,,
UN_CONSOLIDATED-000147-1,BICEJEKELO TRADING,ENTITY,UN_-PROG,,UN_CONSOLIDATED,147,,,BY,,,,REG000147,,,
OFAC_SDN-000163-0,MOHAMMED VEVIKABAFUVE,INDIVIDUAL,OFA-PROG,,OFAC_SDN,163,1923-08-24,,VE,,P0000163,,,,,
EU_CFSP-000047-0,NUKATISAGACI HOLDINGS,ENTITY,EU_-PROG,,EU_CFSP,47,,,IR,,,,REG000047,,,
UK_OFSI-000057-0,FATIMA KUPARASATA,INDIVIDUAL,UK_-PROG,,UK_OFSI,57,1957-10-02,,AE,,P0000057,,,,,
UN_CONSOLIDATED-000104-0,PIFEDESOZOD SHIPPING,AIRCRAFT,UN_-PROG,,UN_CONSOLIDATED,104,,,IR,,,,,,EP-00104,
EU_CFSP-000110-0,KUHUHISOKOHE STAR,VESSEL,EU_-PROG,,EU_CFSP,110,,,AE,,,,,1000110,,
EU_CFSP-000034-0,MOFOMOLUVODUS SHIPPING,ENTITY,EU_-PROG,,EU_CFSP,34,,,VE,,,,REG000034,,,
OFAC_SDN-000150-0,HIDEPEMONILUF OCEAN,ENTITY,OFA-PROG,,OFAC_SDN,150,,,RU,,,,REG000150,,,
UN_CONSOLIDATED-000019-0,ZUJISANUF GLOBAL,ENTITY,UN_-PROG,,UN_CONSOLIDATED,19,,,VE,,,,REG000019,,,
UN_CONSOLIDATED-000070-0,VIZIDODOHUF HOLDINGS,CRYPTO,UN_-PROG,,UN_CONSOLIDATED,70,,,CN,,,,,,,0x000000000046
OFAC_SDN-000142-2,CHEN CEFAPUSUKUR,INDIVIDUAL,OFA-PROG,,OFAC_SDN,142,1902-11-03,,AE,,P0000142,,,,,
OFAC_SDN-000073-0,DIPAMIHEPUJ GROUP,VESSEL,OFA-PROG,,OFAC_SDN,73,,,SY,,,,,1000073,,
EU_CFSP-000092-0,BEJAFUCOCE STAR,ENTITY,EU_-PROG,,EU_CFSP,92,,,BY,,,,REG000092,,,
UN_CONSOLIDATED-000146-0,JIPOZOFAKIVUV SHIPPING,VESSEL,UN_-PROG,,UN_CONSOLIDATED,146,,,CN,,,,,1000146,,
EU_CFSP-000106-0,JONERIMOKIRI STAR,ENTITY,EU_-PROG,,EU_CFSP,106,,,CN,,,,REG000106,,,
UK_OFSI-000127-0,MARIA TAPEMUMUKOPU,INDIVIDUAL,UK_-PROG,,UK_OFSI,127,1957-08-16,,SY,,P0000127,,,,,
UK_OFSI-000105-0,AHMED LOGAHOLOMO,INDIVIDUAL,UK_-PROG,,UK_OFSI,105,1935-10-22,,VE,,P0000105,,,,,
UK_OFSI-000125-1,IVAN NOLUDIDOP,INDIVIDUAL,UK_-PROG,,UK_OFSI,125,1955-06-14,,BY,,P0000125,,,,,
EU_CFSP-000136-1,AHMID NABEGAZI,INDIVIDUAL,EU_-PROG,,EU_CFSP,136,1966-05-25,,AE,,P0000136,,,,,
UK_OFSI-000058-1,MOHAMMED KERUDOMIH,INDIVIDUAL,UK_-PROG,,UK_OFSI,58,1958-11-03,,IR,,P0000058,,,,,
OFAC_SDN-000055-1,AHMUD BAZEROTIM,INDIVIDUAL,OFA-PROG,,OFAC_SDN,55,1955-08-28,,IR,,P0000055,,,,,
EU_CFSP-000070-1,VIZIDODOHOF HOLDINGS,CRYPTO,EU_-PROG,,EU_CFSP,70,,,CN,,,,,,,0x000000000046
UN_CONSOLIDATED-000149-1,RIGAVILOROCU CAPITIL,ENTITY,UN_-PROG,,UN_CONSOLIDATED,149,,,CN,,,,REG000149,,,
OFAC_SDN-000115-1,KICILIDOFEJU STAR,ENTITY,OFA-PROG,,OFAC_SDN,115,,,KP,,,,REG000115,,,
UN_CONSOLIDATED-000031-0,IVAN CIVADOVA,INDIVIDUAL,UN_-PROG,,UN_CONSOLIDATED,31,1931-08-04,,KP,,P0000031,,,,,
UK_OFSI-000086-0,MARIA TIJANETIHANI,INDIVIDUAL,UK_-PROG,,UK_OFSI,86,1916-03-03,,KP,,P0000086,,,,,
UN_CONSOLIDATED-000078-0,PACIVUVI HOLDINGS,AIRCRAFT,UN_-PROG,,UN_CONSOLIDATED,78,,,AE,,,,,,EP-00078,
EU_CFSP-000048-2,AHMED SUGOFOSICIJOK,INDIVIDUAL,EU_-PROG,,EU_CFSP,48,1948-01-21,,IR,,,,,,,
UK_OFSI-000100-0,SEFAZEKEZIPI HOLDINGS,ENTITY,UK_-PROG,,UK_OFSI,100,,,CN,,,,REG000100,,,
UK_OFSI-000145-1,ANNA SOZICUHEZ,INDIVIDUAL,UK_-PROG,,UK_OFSI,145,1905-02-06,,KP,,,,,,,
OFAC_SDN-000093-0,ZIKUNUNEG CAPITAL,ENTITY,OFA-PROG,,OFAC_SDN,93,,,AE,,,,REG000093,,,
UN_CONSOLIDATED-000155-0,ANNA ZUMEDAMITU,INDIVIDUAL,UN_-PROG,,UN_CONSOLIDATED,155,1915-12-16,,KP,,P0000155,,,,,
OFAC_SDN-000001-0,LEKEFUDUB HOLDINGS,ENTITY,OFA-PROG,,OFAC_SDN,1,,,SY,,,,REG000001,,,
EU_CFSP-000125-0,IVAN NOLUDIDOP,INDIVIDUAL,EU_-PROG,,EU_CFSP,125,1955-06-14,,BY,,P0000125,,,,,
OFAC_SDN-000137-2,PEHOMIGEBURON CAPITAL,ENTITY,OFA-PROG,,OFAC_SDN,137,,,IR,,,,REG000137,,,
UK_OFSI-000007-0,CHEN LUHUFIZUJEPE,INDIVIDUAL,UK_-PROG,,UK_OFSI,7,1907-08-08,,RU,,P0000007,,,,,
UN_CONSOLIDATED-000064-1,VEPUTOMOZUH CAPITUL,ENTITY,UN_-PROG,,UN_CONSOLIDATED,64,,,KP,,,,REG000064,,,
EU_CFSP-000122-1,MOHAMMED DUBINERUSIHO,INDIVIDUAL,EU_-PROG,,EU_CFSP,122,1952-03-11,,RU,,P0000122,,,,,
EU_CFSP-000017-0,RAVEJOPI CAPITAL,ENTITY,EU_-PROG,,EU_CFSP,17,,,SY,,,,REG000017,,,
OFAC_SDN-000004-0,AHMED LAHUKETOK,INDIVIDUAL,OFA-PROG,,OFAC_SDN,4,1904-05-05,,RU,,P0000004,,,,,
UK_OFSI-000102-0,MOHAMMED RAMEKURUG,INDIVIDUAL,UK_-PROG,,UK_OFSI,102,1932-07-19,,CN,,P0000102,,,,,
EU_CFSP-000115-0,KICOLIDOFEJU STAR,ENTITY,EU_-PROG,,EU_CFSP,115,,,KP,,,,REG000115,,,
OFAC_SDN-000118-1,MARIA GUVICAFOBAHOS,INDIVIDUAL,OFA-PROG,,OFAC_SDN,118,1948-11-07,,KP,,,,,,,
EU_CFSP-000019-1,ZUJISANUF GLOBAL,ENTITY,EU_-PROG,,EU_CFSP,19,,,VE,,,,REG000019,,,
UN_CONSOLIDATED-000050-1,OMAR CESUFAVOPU,INDIVIDUAL,UN_-PROG,,UN_CONSOLIDATED,50,1950-03-23,,SY,,P0000050,,,,,
UN_CONSOLIDATED-000119-0,TABIFOGODERA HOLDINGS,ENTITY,UN_-PROG,,UN_CONSOLIDATED,119,,,IR,,,,REG000119,,,
OFAC_SDN-000075-2,MOHAMMED LEMUDUHUGUNUB,INDIVIDUAL,OFA-PROG,,OFAC_SDN,75,1905-04-20,,RU,,P0000075,,,,,
EU_CFSP-000015-0,IVAN JIJIZOLADO,INDIVIDUAL,EU_-PROG,,EU_CFSP,15,1915-04-16,,RU,,P0000015,,,,,
UK_OFSI-000150-2,HIDEPEMONILUF OCEAN,ENTITY,UK_-PROG,,UK_OFSI,150,,,RU,,,,REG000150,,,
OFAC_SDN-000088-0,PUKEGOGOPO OCEAN,ENTITY,OFA-PROG,,OFAC_SDN,88,,,SY,,,,REG000088,,,
UN_CONSOLIDATED-000069-1,TOHEDOCOJ TRADING,ENTITY,UN_-PROG,,UN_CONSOLIDATED,69,,,CN,,,,REG000069,,,
EU_CFSP-000071-0,OMAR DOPUHAGU,INDIVIDUAL,EU_-PROG,,EU_CFSP,71,1901-12-16,,RU,,P0000071,,,,,
UN_CONSOLIDATED-000013-0,CHEN MONABOFA,INDIVIDUAL,UN_-PROG,,UN_CONSOLIDATED,13,1913-02-14,,VE,,P0000013,,,,,
EU_CFSP-000038-0,OMAR TAGOMULO,INDIVIDUAL,EU_-PROG,,EU_CFSP,38,1938-03-11,,SY,,P0000038,,,,,
EU_CFSP-000063-1,WII ZUZANUGUH,INDIVIDUAL,EU_-PROG,,EU_CFSP,63,1963-04-08,,KP,,P0000063,,,,,
UK_OFSI-000060-0,CHEN DAZOTUCOJI,INDIVIDUAL,UK_-PROG,,UK_OFSI,60,1960-01-05,,KP,,P0000060,,,,,
UN_CONSOLIDATED-000156-0,OMAR ZUMEDAMITU,INDIVIDUAL,UN_-PROG,,UN_CONSOLIDATED,156,1916-01-17,,CN,,P0000156,,,,,
EU_CFSP-000083-0,MARIA LOJELULEFU,INDIVIDUAL,EU_-PROG,,EU_CFSP,83,1913-12-28,,SY,,P0000083,,,,,
OFAC_SDN-000158-0,ANNA HOBEKEJA,INDIVIDUAL,OFA-PROG,,OFAC_SDN,158,1918-03-19,,VE,,P0000158,,,,,
EU_CFSP-000149-0,RIGAVILOROCU CAPITAL,ENTITY,EU_-PROG,,EU_CFSP,149,,,CN,,,,REG000149,,,
OFAC_SDN-000009-0,KEDIBUKUD TRADING,ENTITY,OFA-PROG,,OFAC_SDN,9,,,SY,,,,REG000009,,,
UK_OFSI-000045-0,SERGEI GAMISEJEPU,INDIVIDUAL,UK_-PROG,,UK_OFSI,45,1945-10-18,,KP,,P0000045,,,,,
OFAC_SDN-000053-0,NASISAMUMIFU GROUP,ENTITY,OFA-PROG,,OFAC_SDN,53,,,BY,,,,REG000053,,,
UK_OFSI-000039-0,GALONULAMIVEV SHIPPING,VESSEL,UK_-PROG,,UK_OFSI,39,,,CN,,,,,1000039,,
EU_CFSP-000051-0,MARIA NOZITUSAFU,INDIVIDUAL,EU_-PROG,,EU_CFSP,51,1951-04-24,,AE,,P0000051,,,,,
UN_CONSOLIDATED-000075-0,MOHAMMED LEMUDUHUGENUB,INDIVIDUAL,UN_-PROG,,UN_CONSOLIDATED,75,1905-04-20,,RU,,P0000075,,,,,
UN_CONSOLIDATED-000116-0,MARIA ZAGOCIGEKE,INDIVIDUAL,UN_-PROG,,UN_CONSOLIDATED,116,1946-09-05,,AE,,P0000116,,,,,
UN_CONSOLIDATED-000012-2,MOVEJIJACIV GROEP,VESSEL,UN_-PROG,,UN_CONSOLIDATED,12,,,RU,,,,,1000012,,
OFAC_SDN-000025-1,MARIA LAVACIKACA,INDIVIDUAL,OFA-PROG,,OFAC_SDN,25,1925-02-26,,RU,,P0000025,,,,,
UK_OFSI-000075-1,MOHAMMED LEMUDUHUGINUB,INDIVIDUAL,UK_-PROG,,UK_OFSI,75,1905-04-20,,RU,,P0000075,,,,,
EU_CFSP-000132-0,MOHAMMED CEGERIDU,INDIVIDUAL,EU_-PROG,,EU_CFSP,132,1962-01-21,,RU,,P0000132,,,,,
UK_OFSI-000072-2,SERGEI CUGOPITAGEN,INDIVIDUAL,UK_-PROG,,UK_OFSI,72,1902-01-17,,SY,,P0000072,,,,,
OFAC_SDN-000131-0,OMAR GAKIRUCILER,INDIVIDUAL,OFA-PROG,,OFAC_SDN,131,1961-12-20,,SY,,P0000131,,,,,
UK_OFSI-000077-0,KENUNEHOZOM OCEAN,VESSEL,UK_-PROG,,UK_OFSI,77,,,RU,,,,,1000077,,
UN_CONSOLIDATED-000024-0,GUBOBASETER SHIPPING,ENTITY,UN_-PROG,,UN_CONSOLIDATED,24,,,SY,,,,REG000024,,,
UK_OFSI-000142-0,CHEN CEFAPUSUKUR,INDIVIDUAL,UK_-PROG,,UK_OFSI,142,1902-11-03,,AE,,P0000142,,,,,
OFAC_SDN-000003-0,IVAN COFODUMUPUD,INDIVIDUAL,OFA-PROG,,OFAC_SDN,3,1903-04-04,,SY,,P0000003,,,,,
UK_OFSI-000010-0,ANNA LOJUGUVE,INDIVIDUAL,UK_-PROG,,UK_OFSI,10,1910-11-11,,SY,,P0000010,,,,,
OFAC_SDN-000095-0,SOZERELENATIJ TRADING,VESSEL,OFA-PROG,,OFAC_SDN,95,,,VE,,,,,1000095,,
EU_CFSP-000137-0,PEHOMIGEBURUN CAPITAL,ENTITY,EU_-PROG,,EU_CFSP,137,,,IR,,,,REG000137,,,
UK_OFSI-000085-0,AHMED KUCESECOVEMAF,INDIVIDUAL,UK_-PROG,,UK_OFSI,85,1915-02-02,,VE,,P0000085,,,,,
UK_OFSI-000126-1,CUSENOSID SHIPPING,VESSEL,UK_-PROG,,UK_OFSI,126,,,IR,,,,,1000126,,
UN_CONSOLIDATED-000129-0,PODUFUGODUCO GROUP,ENTITY,UN_-PROG,,UN_CONSOLIDATED,129,,,SY,,,,REG000129,,,
EU_CFSP-000023-1,ANNA GIDOSITOCE,INDIVIDUAL,EU_-PROG,,EU_CFSP,23,1923-12-24,,RU,,P0000023,,,,,
EU_CFSP-000060-2,CHUN DAZOTUCOJI,INDIVIDUAL,EU_-PROG,,EU_CFSP,60,1960-01-05,,KP,,P0000060,,,,,
UN_CONSOLIDATED-000100-1,SEFAZEKEZIPI HULDINGS,ENTITY,UN_-PROG,,UN_CONSOLIDATED,100,,,CN,,,,REG000100,,,
UN_CONSOLIDATED-000105-1,AHMED LOGAHILOMO,INDIVIDUAL,UN_-PROG,,UN_CONSOLIDATED,105,1935-10-22,,VE,,P0000105,,,,,
OFAC_SDN-000144-1,IVAN VAHIRERARI,INDIVIDUAL,OFA-PROG,,OFAC_SDN,144,1904-01-05,,BY,,P0000144,,,,,
UN_CONSOLIDATED-000055-2,AHMED BUZEROTIM,INDIVIDUAL,UN_-PROG,,UN_CONSOLIDATED,55,1955-08-28,,IR,,P0000055,,,,,
OFAC_SDN-000074-0,WEI VUSODENATOZIH,INDIVIDUAL,OFA-PROG,,OFAC_SDN,74,1904-03-19,,AE,,P0000074,,,,,
UK_OFSI-000040-0,OMAR ROGOCEZUNA,INDIVIDUAL,UK_-PROG,,UK_OFSI,40,1940-05-13,,IR,,P0000040,,,,,
OFAC_SDN-000112-1,HIDENAKIFEPE STAR,ENTITY,OFA-PROG,,OFAC_SDN,112,,,KP,,,,REG000112,,,
UK_OFSI-000103-1,MOHAMMED RIBITOKIROHU,INDIVIDUAL,UK_-PROG,,UK_OFSI,103,1933-08-20,,VE,,P0000103,,,,,
UN_CONSOLIDATED-000068-0,AHMED DUPAZUZUBOVA,INDIVIDUAL,UN_-PROG,,UN_CONSOLIDATED,68,1968-09-13,,VE,,P0000068,,,,,
UN_CONSOLIDATED-000016-1,AHMED TUSUBADECIGOM,INDIVIDUAL,UN_-PROG,,UN_CONSOLIDATED,16,1916-05-17,,RU,,P0000016,,,,,
EU_CFSP-000096-1,ANNE JOJIMAJEFOKU,INDIVIDUAL,EU_-PROG,,EU_CFSP,96,1926-01-13,,SY,,P0000096,,,,,
UN_CONSOLIDATED-000108-2,SUCIDEKIHUCU STAR,ENTITY,UN_-PROG,,UN_CONSOLIDATED,108,,,CN,,,,,,,
UK_OFSI-000107-0,BOJOMASOGIKI STAR,ENTITY,UK_-PROG,,UK_OFSI,107,,,AE,,,,REG000107,,,
EU_CFSP-000153-0,MARIA JIBIZEBA,INDIVIDUAL,EU_-PROG,,EU_CFSP,153,1913-10-14,,CN,,P0000153,,,,,
EU_CFSP-000079-1,COCUJIMARUL HOLDINGS,ENTITY,EU_-PROG,,EU_CFSP,79,,,KP,,,,REG000079,,,
EU_CFSP-000055-0,AHMED BAZEROTIM,INDIVIDUAL,EU_-PROG,,EU_CFSP,55,1955-08-28,,IR,,P0000055,,,,,
OFAC_SDN-000134-1,KUBOPOVIZIRIN CAPITAL,ENTITY,OFA-PROG,,OFAC_SDN,134,,,RU,,,,REG000134,,,
EU_CFSP-000104-1,PIFEDESOZOD SHEPPING,AIRCRAFT,EU_-PROG,,EU_CFSP,104,,,IR,,,,,,,
OFAC_SDN-000145-0,ANNA SOZICUHAZ,INDIVIDUAL,OFA-PROG,,OFAC_SDN,145,1905-02-06,,KP,,P0000145,,,,,
EU_CFSP-000148-0,PUMIFODILILI GLOBAL,ENTITY,EU_-PROG,,EU_CFSP,148,,,SY,,,,REG000148,,,
EU_CFSP-000069-2,TOHEDOCIJ TRADONG,ENTITY,EU_-PROG,,EU_CFSP,69,,,CN,,,,REG000069,,,
UN_CONSOLIDATED-000005-1,CHEN JUNEVOTEK,INDIVIDUAL,UN_-PROG,,UN_CONSOLIDATED,5,1905-06-06,,VE,,P0000005,,,,,
UK_OFSI-000098-0,VUNIVOTE SHIPPING,ENTITY,UK_-PROG,,UK_OFSI,98,,,KP,,,,REG000098,,,
UN_CONSOLIDATED-000079-2,COCUJIMARUL HOLDINGS,ENTITY,UN_-PROG,,UN_CONSOLIDATED,79,,,KP,,,,REG000079,,,
UK_OFSI-000020-1,RUBIMESUNOJ OCEAN,ENTITY,UK_-PROG,,UK_OFSI,20,,,KP,,,,REG000020,,,
EU_CFSP-000016-0,AHMED TUSUBADECIGOM,INDIVIDUAL,EU_-PROG,,EU_CFSP,16,1916-05-17,,RU,,P0000016,,,,,
EU_CFSP-000135-0,GUJOMEVADAK TRADING,ENTITY,EU_-PROG,,EU_CFSP,135,,,BY,,,,REG000135,,,
OFAC_SDN-000126-0,CUSENESID SHIPPING,VESSEL,OFA-PROG,,OFAC_SDN,126,,,IR,,,,,1000126,,
UN_CONSOLIDATED-000035-0,BICEVUTIHUSO OCEAN,ENTITY,UN_-PROG,,UN_CONSOLIDATED,35,,,CN,,,,REG000035,,,
OFAC_SDN-000147-2,BOCEJEKELO TRADING,ENTITY,OFA-PROG,,OFAC_SDN,147,,,BY,,,,REG000147,,,
EU_CFSP-000167-0,MOHAMMED LAPIHAROTIRO,INDIVIDUAL,EU_-PROG,,EU_CFSP,167,1927-12-28,,KP,,P0000167,,,,,
EU_CFSP-000041-1,RIVUCUDEME STOR,ENTITY,EU_-PROG,,EU_CFSP,41,,,IR,,,,,,,
OFAC_SDN-000011-0,OMAR CACONAKEJUTEL,INDIVIDUAL,OFA-PROG,,OFAC_SDN,11,1911-12-12,,SY,,P0000011,,,,,
UK_OFSI-000111-0,MOHAMMED JELAFUHIT,INDIVIDUAL,UK_-PROG,,UK_OFSI,111,1941-04-28,,VE,,P0000111,,,,,
OFAC_SDN-000117-1,MIHAMMED DOZIPOVI,INDIVIDUAL,OFA-PROG,,OFAC_SDN,117,1947-10-06,,BY,,P0000117,,,,,
EU_CFSP-000058-0,MOHAMMED KORUDOMIH,INDIVIDUAL,EU_-PROG,,EU_CFSP,58,1958-11-03,,IR,,P0000058,,,,,
EU_CFSP-000134-2,KABOPOVIZIRIN CAPITAL,ENTITY,EU_-PROG,,EU_CFSP,134,,,RU,,,,REG000134,,,
EU_CFSP-000147-0,BOCEJEKELO TRADING,ENTITY,EU_-PROG,,EU_CFSP,147,,,BY,,,,REG000147,,,
EU_CFSP-000128-0,BIBOMAJUKOVA GROUP,ENTITY,EU_-PROG,,EU_CFSP,128,,,VE,,,,REG000128,,,
