alert_id,customer_id,window_days,total_in,total_out,txn_count,near_threshold_count,distinct_in_cp,distinct_out_cp,passthrough_ratio,same_day,high_risk_geo_fraction,label,category
TMALR-0000000,CUST-000027,30,295675.21,197116.81,73,0,1,1,0.0,0,0.87,0,documented_context
TMALR-0000001,CUST-000054,30,33216.35,27177.01,39,0,1,1,0.78,1,0.0,0,below_typology
TMALR-0000002,CUST-000077,30,10049.62,6699.74,27,0,1,1,0.0,0,0.0,0,documented_context
TMALR-0000003,CUST-000000,30,87986.29,36497.13,40,0,1,1,0.0,0,0.0,0,within_profile
TMALR-0000004,CUST-000036,30,77083.14,64979.57,7,0,1,1,0.84,1,0.0,1,
TMALR-0000005,CUST-000077,30,14386.49,9590.99,28,0,1,1,0.0,0,0.0,0,documented_context
TMALR-0000006,CUST-000019,30,128220.01,43199.56,46,0,1,1,0.0,0,0.0,0,within_profile
TMALR-0000007,CUST-000095,30,11765.64,3389.28,10,0,1,1,0.0,0,0.0,0,within_profile
TMALR-0000008,CUST-000051,30,13691.31,7367.65,13,0,1,1,0.0,0,0.0,0,within_profile
TMALR-0000009,CUST-000055,30,306843.79,143658.99,72,0,1,1,0.0,0,0.0,0,within_profile
TMALR-0000010,CUST-000119,30,333808.29,222538.86,184,0,1,1,0.0,0,0.0,0,documented_context
TMALR-0000011,CUST-000005,30,17120.89,13863.94,8,0,1,1,0.0,0,0.0,0,within_profile
TMALR-0000012,CUST-000074,30,103568.9,35585.46,99,0,1,1,0.0,0,0.0,0,within_profile
TMALR-0000013,CUST-000041,30,13272.26,8848.17,39,0,4,2,0.0,0,0.0,0,below_typology
TMALR-0000014,CUST-000104,30,6363818.31,6000820.89,265,0,1,1,0.0,0,0.0,0,ambiguous_residual
TMALR-0000015,CUST-000098,30,17145.27,9055.56,25,0,1,1,0.0,0,0.0,0,within_profile
TMALR-0000016,CUST-000052,30,183892.46,150457.47,69,0,1,1,0.74,1,0.0,0,below_typology
TMALR-0000017,CUST-000026,30,1552289.62,1034859.75,736,0,1,1,0.0,0,0.0,0,documented_context
TMALR-0000018,CUST-000003,30,539993.46,0.0,46,1,1,1,0.0,0,0.0,0,below_typology
TMALR-0000019,CUST-000052,30,101455.33,25733.13,56,0,1,1,0.0,0,0.0,0,within_profile
TMALR-0000020,CUST-000106,30,1020219.75,288096.6,101,0,1,1,0.0,0,0.0,0,within_profile
TMALR-0000021,CUST-000061,30,3153975.12,2580525.1,158,0,1,1,0.63,1,0.0,0,below_typology
TMALR-0000022,CUST-000095,30,19247.87,12831.91,20,0,4,2,0.0,0,0.0,0,below_typology
TMALR-0000023,CUST-000105,30,24563.22,20097.18,32,0,1,1,0.71,1,0.0,0,below_typology
TMALR-0000024,CUST-000057,30,101932.93,57824.14,65,0,1,1,0.0,0,0.0,0,ambiguous_residual
TMALR-0000025,CUST-000041,30,23844.65,0.0,41,2,1,1,0.0,0,0.0,0,below_typology
TMALR-0000026,CUST-000003,30,185814.86,123876.58,145,0,1,1,0.0,0,0.0,0,documented_context
TMALR-0000027,CUST-000101,30,1102083.13,132982.96,89,0,1,1,0.0,0,0.0,0,ambiguous_residual
TMALR-0000028,CUST-000064,30,194870.26,180763.69,7,0,5,2,0.0,0,0.0,1,
TMALR-0000029,CUST-000083,30,47599.95,31733.3,18,0,4,2,0.0,0,0.0,0,below_typology
TMALR-0000030,CUST-000109,30,40616.1,16313.13,58,0,1,1,0.0,0,0.0,0,ambiguous_residual
TMALR-0000031,CUST-000062,30,104198.42,98380.5,34,0,1,1,0.0,0,0.0,0,ambiguous_residual
TMALR-0000032,CUST-000029,30,852167.91,412948.4,72,0,1,1,0.0,0,0.0,0,ambiguous_residual
TMALR-0000033,CUST-000056,30,43357.1,26597.81,18,0,1,1,0.0,0,0.0,0,ambiguous_residual
TMALR-0000034,CUST-000045,30,7331.94,6154.05,19,0,1,1,0.0,0,0.0,0,within_profile
TMALR-0000035,CUST-000021,30,164819.86,109879.9,118,0,1,1,0.0,0,0.68,0,documented_context
TMALR-0000036,CUST-000074,30,168697.93,112465.29,115,0,4,2,0.0,0,0.0,0,below_typology
TMALR-0000037,CUST-000059,30,1263235.21,375107.91,166,0,1,1,0.0,0,0.0,0,ambiguous_residual
TMALR-0000038,CUST-000075,30,5605.36,1502.55,16,0,1,1,0.0,0,0.0,0,within_profile
TMALR-0000039,CUST-000049,30,2195476.75,1931390.42,169,0,1,1,0.0,0,0.0,0,within_profile
TMALR-0000040,CUST-000089,30,19028.58,4955.51,21,0,1,1,0.0,0,0.0,0,within_profile
TMALR-0000041,CUST-000087,30,42395.27,34687.04,37,0,1,1,0.74,1,0.0,0,below_typology
TMALR-0000042,CUST-000099,30,141197.89,48884.16,40,0,1,1,0.0,0,0.0,0,ambiguous_residual
TMALR-0000043,CUST-000086,30,5339694.62,4368841.05,107,0,1,1,0.76,1,0.0,0,below_typology
TMALR-0000044,CUST-000082,30,46691.55,10567.49,33,0,1,1,0.0,0,0.0,0,ambiguous_residual
TMALR-0000045,CUST-000116,30,13849.31,5273.12,5,0,1,1,0.0,0,0.0,0,within_profile
TMALR-0000046,CUST-000046,30,69818.47,0.0,17,2,1,1,0.0,0,0.0,0,below_typology
TMALR-0000047,CUST-000103,30,103570.56,18541.67,90,0,1,1,0.0,0,0.0,0,ambiguous_residual
TMALR-0000048,CUST-000096,30,226322.95,72239.53,87,0,1,1,0.0,0,0.0,0,within_profile
TMALR-0000049,CUST-000102,30,74343.56,64325.77,61,0,1,1,0.0,0,0.0,0,ambiguous_residual
TMALR-0000050,CUST-000047,30,263991.95,112224.54,210,0,1,1,0.0,0,0.0,0,within_profile
TMALR-0000051,CUST-000013,30,93401.27,42239.92,58,0,1,1,0.0,0,0.0,0,ambiguous_residual
TMALR-0000052,CUST-000078,30,11859.35,10992.58,25,0,1,1,0.0,0,0.0,0,within_profile
TMALR-0000053,CUST-000052,30,66937.54,63391.54,28,0,1,1,0.0,0,0.0,0,within_profile
TMALR-0000054,CUST-000030,30,16144.8,13714.31,14,0,1,1,0.0,0,0.0,0,within_profile
TMALR-0000055,CUST-000066,30,230556.81,153704.54,104,0,1,1,0.0,0,0.0,0,documented_context
TMALR-0000056,CUST-000062,30,28738.36,8024.82,12,0,1,1,0.0,0,0.0,0,within_profile
TMALR-0000057,CUST-000056,30,17103.92,5501.32,6,0,1,1,0.0,0,0.0,0,within_profile
TMALR-0000058,CUST-000082,30,32186.23,0.0,23,1,1,1,0.0,0,0.0,0,below_typology
TMALR-0000059,CUST-000011,30,47458.55,31639.03,106,0,1,1,0.0,0,0.0,0,documented_context
TMALR-0000060,CUST-000100,30,72493.99,0.0,9,8,1,1,0.0,0,0.0,1,
TMALR-0000061,CUST-000027,30,151761.8,114533.88,60,0,1,1,0.0,0,0.0,0,within_profile
TMALR-0000062,CUST-000035,30,39545.74,0.0,12,2,1,1,0.0,0,0.0,0,below_typology
TMALR-0000063,CUST-000110,30,7215.9,7088.36,27,0,1,1,0.0,0,0.0,0,within_profile
TMALR-0000064,CUST-000022,30,10678.95,9169.38,21,0,1,1,0.0,0,0.0,0,within_profile
TMALR-0000065,CUST-000057,30,24674.78,13055.89,14,0,1,1,0.0,0,0.0,0,within_profile
TMALR-0000066,CUST-000005,30,125455.08,19831.52,29,0,1,1,0.0,0,0.0,0,ambiguous_residual
TMALR-0000067,CUST-000003,30,220716.94,147144.63,44,0,4,1,0.0,0,0.0,0,below_typology
TMALR-0000068,CUST-000009,30,583557.2,344425.77,98,0,1,1,0.0,0,0.0,0,ambiguous_residual
TMALR-0000069,CUST-000074,30,185479.25,151755.75,108,0,1,1,0.7,1,0.0,0,below_typology
TMALR-0000070,CUST-000012,30,2543903.48,2081375.57,86,0,1,1,0.72,1,0.0,0,below_typology
TMALR-0000071,CUST-000026,30,1823295.59,1215530.39,781,0,1,1,0.0,0,0.0,0,documented_context
TMALR-0000072,CUST-000093,30,555769.29,329172.5,68,0,1,1,0.0,0,0.0,0,within_profile
TMALR-0000073,CUST-000118,30,13007.39,11657.36,5,0,1,1,0.0,0,0.0,0,within_profile
TMALR-0000074,CUST-000043,30,141541.84,94361.23,107,0,1,1,0.0,0,0.76,0,documented_context
TMALR-0000075,CUST-000015,30,141102.72,44051.48,84,0,1,1,0.0,0,0.0,0,within_profile
TMALR-0000076,CUST-000006,30,46111.05,16187.37,45,0,1,1,0.0,0,0.0,0,ambiguous_residual
TMALR-0000077,CUST-000084,30,1133662.33,369504.87,133,0,1,1,0.0,0,0.0,0,within_profile
TMALR-0000078,CUST-000035,30,11892.27,4131.45,11,0,1,1,0.0,0,0.0,0,within_profile
TMALR-0000079,CUST-000076,30,331996.51,221331.0,283,0,1,1,0.0,0,0.0,0,documented_context
TMALR-0000080,CUST-000002,30,6746.37,4497.58,25,0,1,1,0.0,0,0.66,0,documented_context
TMALR-0000081,CUST-000111,30,114553.61,49750.82,30,0,1,1,0.0,0,0.0,0,within_profile
TMALR-0000082,CUST-000011,30,124719.42,88093.05,70,0,1,1,0.0,0,0.0,0,ambiguous_residual
TMALR-0000083,CUST-000092,30,11945.17,3321.74,20,0,1,1,0.0,0,0.0,0,within_profile
TMALR-0000084,CUST-000096,30,169565.24,71915.12,62,0,1,1,0.0,0,0.0,0,within_profile
TMALR-0000085,CUST-000056,30,20365.64,16662.8,11,0,1,1,0.62,1,0.0,0,below_typology
TMALR-0000086,CUST-000086,30,2725216.91,1415945.18,53,0,1,1,0.0,0,0.0,0,within_profile
TMALR-0000087,CUST-000007,30,8338807.36,5098577.08,171,0,1,1,0.0,0,0.0,0,ambiguous_residual
TMALR-0000088,CUST-000041,30,4264.96,2304.45,20,0,1,1,0.0,0,0.0,0,within_profile
TMALR-0000089,CUST-000029,30,304118.66,202745.77,56,0,3,2,0.0,0,0.0,0,below_typology
TMALR-0000090,CUST-000002,30,4269.24,3888.15,11,0,1,1,0.0,0,0.0,0,within_profile
TMALR-0000091,CUST-000081,30,9606172.6,0.0,220,2,1,1,0.0,0,0.0,0,below_typology
TMALR-0000092,CUST-000058,30,2003789.94,304968.79,413,0,1,1,0.0,0,0.0,0,ambiguous_residual
TMALR-0000093,CUST-000075,30,4047.69,3682.89,18,0,1,1,0.0,0,0.0,0,within_profile
TMALR-0000094,CUST-000099,30,16208.83,8607.76,10,0,1,1,0.0,0,0.0,0,within_profile
TMALR-0000095,CUST-000044,30,112276.73,14835.33,78,0,1,1,0.0,0,0.0,0,ambiguous_residual
TMALR-0000096,CUST-000032,30,5536.02,2596.58,23,0,1,1,0.0,0,0.0,0,within_profile
TMALR-0000097,CUST-000098,30,19718.36,11130.82,19,0,1,1,0.0,0,0.0,0,within_profile
TMALR-0000098,CUST-000070,30,25288.0,16858.67,75,0,1,1,0.0,0,0.0,0,documented_context
TMALR-0000099,CUST-000056,30,7321.47,4251.01,7,0,1,1,0.0,0,0.0,0,within_profile
TMALR-0000100,CUST-000064,30,16431.86,9302.32,5,0,1,1,0.0,0,0.0,0,within_profile
TMALR-0000101,CUST-000082,30,14506.19,4666.98,16,0,1,1,0.0,0,0.0,0,within_profile
TMALR-0000102,CUST-000070,30,54897.39,0.0,32,2,1,1,0.0,0,0.0,0,below_typology
TMALR-0000103,CUST-000024,30,2670961.12,0.0,273,1,1,1,0.0,0,0.0,0,below_typology
TMALR-0000104,CUST-000109,30,9979.77,6653.18,61,0,1,1,0.0,0,0.0,0,documented_context
TMALR-0000105,CUST-000056,30,15188.91,7921.92,9,0,1,1,0.0,0,0.0,0,within_profile
TMALR-0000106,CUST-000049,30,9902366.02,5683397.7,623,0,1,1,0.0,0,0.0,0,ambiguous_residual
TMALR-0000107,CUST-000008,30,18508.78,12339.19,16,0,4,2,0.0,0,0.0,0,below_typology
TMALR-0000108,CUST-000075,30,12170.89,8113.92,20,0,1,1,0.0,0,0.75,0,documented_context
TMALR-0000109,CUST-000083,30,20735.89,12839.75,15,0,1,1,0.0,0,0.0,0,within_profile
TMALR-0000110,CUST-000048,30,575601.58,386069.7,199,0,1,1,0.0,0,0.0,0,within_profile
TMALR-0000111,CUST-000087,30,99758.74,85879.95,70,0,1,1,0.0,0,0.0,0,ambiguous_residual
TMALR-0000112,CUST-000039,30,95575.41,73807.11,96,0,1,1,0.0,0,0.0,0,within_profile
TMALR-0000113,CUST-000017,30,11297.14,7891.61,23,0,1,1,0.0,0,0.0,0,within_profile
TMALR-0000114,CUST-000094,30,1130528.24,753685.49,146,0,3,2,0.0,0,0.0,0,below_typology
TMALR-0000115,CUST-000088,30,108793.62,37687.73,31,0,1,1,0.0,0,0.0,0,within_profile
TMALR-0000116,CUST-000086,30,5267020.44,4309380.36,115,0,1,1,0.65,1,0.0,0,below_typology
TMALR-0000117,CUST-000068,30,21335.6,14223.73,32,0,3,2,0.0,0,0.0,0,below_typology
TMALR-0000118,CUST-000056,30,22675.25,15116.83,12,0,4,1,0.0,0,0.0,0,below_typology
TMALR-0000119,CUST-000018,30,35617.01,23744.67,32,0,1,1,0.0,0,0.0,0,documented_context
TMALR-0000120,CUST-000091,30,822495.92,156122.5,151,0,1,1,0.0,0,0.0,0,ambiguous_residual
TMALR-0000121,CUST-000115,30,211590.43,70788.42,43,0,1,1,0.0,0,0.0,0,within_profile
TMALR-0000122,CUST-000042,30,275586.33,183724.22,59,0,1,1,0.0,0,0.69,0,documented_context
TMALR-0000123,CUST-000010,30,318531.8,307936.64,234,0,1,1,0.0,0,0.0,0,within_profile
TMALR-0000124,CUST-000101,30,244453.34,162968.89,36,0,3,2,0.0,0,0.0,0,below_typology
TMALR-0000125,CUST-000010,30,251571.13,193926.87,131,0,1,1,0.0,0,0.0,0,within_profile
TMALR-0000126,CUST-000054,30,33029.12,22019.41,34,0,3,1,0.0,0,0.0,0,below_typology
TMALR-0000127,CUST-000079,30,1942519.32,1295012.88,225,0,3,1,0.0,0,0.0,0,below_typology
TMALR-0000128,CUST-000000,30,82834.76,61938.41,39,0,1,1,0.0,0,0.0,0,within_profile
TMALR-0000129,CUST-000046,30,13652.77,7101.87,9,0,1,1,0.0,0,0.0,0,within_profile
TMALR-0000130,CUST-000049,30,5141110.69,3427407.13,239,0,4,2,0.0,0,0.0,0,below_typology
TMALR-0000131,CUST-000008,30,9357.36,3641.1,11,0,1,1,0.0,0,0.0,0,within_profile
TMALR-0000132,CUST-000041,30,6915.94,4610.62,87,0,1,1,0.0,0,0.0,0,documented_context
TMALR-0000133,CUST-000081,30,4711455.67,3140970.45,754,0,1,1,0.0,0,0.0,0,documented_context
TMALR-0000134,CUST-000099,30,22276.98,21309.77,11,0,1,1,0.0,0,0.0,0,within_profile
TMALR-0000135,CUST-000040,30,61651.14,25654.45,35,0,1,1,0.0,0,0.0,0,ambiguous_residual
TMALR-0000136,CUST-000096,30,144254.63,101983.74,95,0,1,1,0.0,0,0.0,0,within_profile
TMALR-0000137,CUST-000036,30,2569407.92,1712938.62,950,0,1,1,0.0,0,0.0,0,documented_context
TMALR-0000138,CUST-000049,30,8612220.3,6372671.65,659,0,1,1,0.0,0,0.0,0,ambiguous_residual
TMALR-0000139,CUST-000036,30,4767053.71,3178035.81,661,0,1,1,0.0,0,0.0,0,documented_context
TMALR-0000140,CUST-000066,30,203937.87,135958.58,113,0,1,1,0.0,0,0.0,0,documented_context
TMALR-0000141,CUST-000091,30,217886.41,145257.61,95,0,4,1,0.0,0,0.0,0,below_typology
TMALR-0000142,CUST-000078,30,110667.55,70807.58,87,0,1,1,0.0,0,0.0,0,ambiguous_residual
TMALR-0000143,CUST-000081,30,2676024.47,1416220.32,195,0,1,1,0.0,0,0.0,0,within_profile
TMALR-0000144,CUST-000108,30,185831.26,67209.16,46,0,1,1,0.0,0,0.0,0,within_profile
TMALR-0000145,CUST-000043,30,98496.45,65664.3,140,0,1,1,0.0,0,0.56,0,documented_context
TMALR-0000146,CUST-000047,30,393136.62,321657.24,346,0,1,1,0.63,1,0.0,0,below_typology
TMALR-0000147,CUST-000035,30,6617.15,5773.71,11,0,1,1,0.0,0,0.0,0,within_profile
TMALR-0000148,CUST-000071,30,10494.57,3832.7,8,0,1,1,0.0,0,0.0,0,within_profile
TMALR-0000149,CUST-000088,30,324487.52,0.0,65,1,1,1,0.0,0,0.0,0,below_typology
TMALR-0000150,CUST-000115,30,379150.97,310214.43,116,0,1,1,0.78,1,0.0,0,below_typology
TMALR-0000151,CUST-000090,30,18378.67,12252.44,12,0,1,1,0.0,0,0.86,0,documented_context
TMALR-0000152,CUST-000087,30,37696.3,25130.87,86,0,1,1,0.0,0,0.0,0,documented_context
TMALR-0000153,CUST-000017,30,13443.46,7296.01,17,0,1,1,0.0,0,0.0,0,within_profile
TMALR-0000154,CUST-000070,30,38978.01,0.0,34,2,1,1,0.0,0,0.0,0,below_typology
TMALR-0000155,CUST-000059,30,305604.3,203736.2,136,0,1,1,0.0,0,0.84,0,documented_context
TMALR-0000156,CUST-000082,30,40247.32,18393.75,48,0,1,1,0.0,0,0.0,0,ambiguous_residual
TMALR-0000157,CUST-000068,30,21830.64,14553.76,20,0,1,1,0.0,0,0.89,0,documented_context
TMALR-0000158,CUST-000007,30,15064391.54,6235836.63,185,0,1,1,0.0,0,0.0,0,ambiguous_residual
TMALR-0000159,CUST-000028,30,38440.48,5423.24,30,0,1,1,0.0,0,0.0,0,ambiguous_residual
TMALR-0000160,CUST-000081,30,3420788.48,2453470.6,180,0,1,1,0.0,0,0.0,0,within_profile
TMALR-0000161,CUST-000082,30,8940.09,2485.21,11,0,1,1,0.0,0,0.0,0,within_profile
TMALR-0000162,CUST-000075,30,7937.33,5291.55,31,0,1,1,0.0,0,0.56,0,documented_context
TMALR-0000163,CUST-000082,30,10507.23,7627.55,11,0,1,1,0.0,0,0.0,0,within_profile
TMALR-0000164,CUST-000003,30,270211.5,180141.0,47,0,4,2,0.0,0,0.0,0,below_typology
TMALR-0000165,CUST-000045,30,13568.9,9045.93,19,0,1,1,0.0,0,0.57,0,documented_context
TMALR-0000166,CUST-000026,30,2038183.92,1667605.02,254,0,1,1,0.66,1,0.0,0,below_typology
TMALR-0000167,CUST-000051,30,7064.5,4494.63,13,0,1,1,0.0,0,0.0,0,within_profile
TMALR-0000168,CUST-000034,30,33583.68,0.0,17,2,1,1,0.0,0,0.0,0,below_typology
TMALR-0000169,CUST-000053,30,28288.38,5144.56,27,0,1,1,0.0,0,0.0,0,ambiguous_residual
TMALR-0000170,CUST-000040,30,15399.98,12599.98,11,0,1,1,0.69,1,0.0,0,below_typology
TMALR-0000171,CUST-000011,30,101173.26,0.0,37,1,1,1,0.0,0,0.0,0,below_typology
TMALR-0000172,CUST-000036,30,2611650.52,803602.81,209,0,1,1,0.0,0,0.0,0,within_profile
TMALR-0000173,CUST-000108,30,266058.28,177372.18,94,0,4,2,0.0,0,0.0,0,below_typology
TMALR-0000174,CUST-000072,30,38312.65,25541.77,31,0,3,2,0.0,0,0.0,0,below_typology
TMALR-0000175,CUST-000036,30,4845529.16,3230352.77,851,0,1,1,0.0,0,0.0,0,documented_context
TMALR-0000176,CUST-000047,30,244440.76,161792.18,262,0,1,1,0.0,0,0.0,0,within_profile
TMALR-0000177,CUST-000065,30,9908.77,9441.41,15,0,1,1,0.0,0,0.0,0,within_profile
TMALR-0000178,CUST-000064,30,39919.27,26612.84,15,0,1,1,0.0,0,0.73,0,documented_context
TMALR-0000179,CUST-000020,30,47466.77,31644.51,25,0,4,2,0.0,0,0.0,0,below_typology
TMALR-0000180,CUST-000104,30,839235.07,560955.86,82,0,1,1,0.0,0,0.0,0,within_profile
TMALR-0000181,CUST-000115,30,230328.64,95725.11,40,0,1,1,0.0,0,0.0,0,within_profile
TMALR-0000182,CUST-000100,30,146498.65,53803.11,22,0,1,1,0.0,0,0.0,0,ambiguous_residual
TMALR-0000183,CUST-000067,30,330712.08,220474.72,113,0,3,1,0.0,0,0.0,0,below_typology
TMALR-0000184,CUST-000089,30,65638.32,0.0,9,7,1,1,0.0,0,0.0,1,
TMALR-0000185,CUST-000064,30,35002.98,10094.87,10,0,1,1,0.0,0,0.0,0,within_profile
TMALR-0000186,CUST-000017,30,17431.76,8653.3,25,0,1,1,0.0,0,0.0,0,within_profile
TMALR-0000187,CUST-000022,30,15365.93,7917.96,23,0,1,1,0.0,0,0.0,0,within_profile
TMALR-0000188,CUST-000087,30,127506.82,36525.94,67,0,1,1,0.0,0,0.0,0,ambiguous_residual
TMALR-0000189,CUST-000071,30,13288.6,3694.82,10,0,1,1,0.0,0,0.0,0,within_profile
TMALR-0000190,CUST-000087,30,39640.94,26427.29,80,0,1,1,0.0,0,0.0,0,documented_context
TMALR-0000191,CUST-000036,30,3099807.53,2066538.35,827,0,1,1,0.0,0,0.0,0,documented_context
TMALR-0000192,CUST-000044,30,27300.86,9523.28,19,0,1,1,0.0,0,0.0,0,within_profile
TMALR-0000193,CUST-000042,30,274471.26,182980.84,71,0,1,1,0.0,0,0.81,0,documented_context
TMALR-0000194,CUST-000036,30,5195349.75,3463566.5,682,0,1,1,0.0,0,0.0,0,documented_context
TMALR-0000195,CUST-000031,30,478535.71,0.0,115,1,1,1,0.0,0,0.0,0,below_typology
TMALR-0000196,CUST-000091,30,370404.97,0.0,94,1,1,1,0.0,0,0.0,0,below_typology
TMALR-0000197,CUST-000020,30,152091.1,21923.62,60,0,1,1,0.0,0,0.0,0,ambiguous_residual
TMALR-0000198,CUST-000036,30,2064948.49,911470.71,244,0,1,1,0.0,0,0.0,0,within_profile
TMALR-0000199,CUST-000068,30,43906.15,0.0,30,1,1,1,0.0,0,0.0,0,below_typology
TMALR-0000200,CUST-000003,30,313924.07,209282.71,122,0,1,1,0.0,0,0.0,0,documented_context
TMALR-0000201,CUST-000118,30,57564.16,54213.85,23,0,1,1,0.0,0,0.0,0,ambiguous_residual
TMALR-0000202,CUST-000042,30,723157.44,84262.52,126,0,1,1,0.0,0,0.0,0,ambiguous_residual
TMALR-0000203,CUST-000108,30,715661.08,459220.15,267,0,1,1,0.0,0,0.0,0,ambiguous_residual
TMALR-0000204,CUST-000078,30,25169.99,16779.99,25,0,1,1,0.0,0,0.81,0,documented_context
TMALR-0000205,CUST-000096,30,241042.56,197216.64,123,0,1,1,0.77,1,0.0,0,below_typology
TMALR-0000206,CUST-000011,30,81739.13,0.0,31,2,1,1,0.0,0,0.0,0,below_typology
TMALR-0000207,CUST-000033,30,16270.37,9391.84,8,0,1,1,0.0,0,0.0,0,within_profile
TMALR-0000208,CUST-000073,30,34651.86,28351.52,20,0,1,1,0.64,1,0.0,0,below_typology
TMALR-0000209,CUST-000020,30,43748.84,35794.5,24,0,1,1,0.75,1,0.0,0,below_typology
TMALR-0000210,CUST-000037,30,845656.86,0.0,463,2,1,1,0.0,0,0.0,0,below_typology
TMALR-0000211,CUST-000075,30,8221.89,5481.26,27,0,1,1,0.0,0,0.87,0,documented_context
TMALR-0000212,CUST-000108,30,196590.58,131060.39,90,0,1,1,0.0,0,0.81,0,documented_context
TMALR-0000213,CUST-000057,30,19452.21,12513.41,26,0,1,1,0.0,0,0.0,0,within_profile
TMALR-0000214,CUST-000063,30,19672.78,13115.19,12,0,1,1,0.0,0,0.61,0,documented_context
TMALR-0000215,CUST-000087,30,60525.16,0.0,32,2,1,1,0.0,0,0.0,0,below_typology
TMALR-0000216,CUST-000065,30,25053.6,20498.4,36,0,1,1,0.69,1,0.0,0,below_typology
TMALR-0000217,CUST-000045,30,12964.04,8642.69,18,0,1,1,0.0,0,0.63,0,documented_context
TMALR-0000218,CUST-000089,30,52251.49,0.0,35,2,1,1,0.0,0,0.0,0,below_typology
TMALR-0000219,CUST-000052,30,84033.13,0.0,12,9,1,1,0.0,0,0.0,1,
TMALR-0000220,CUST-000117,30,53826.11,44039.55,22,0,1,1,0.78,1,0.0,0,below_typology
TMALR-0000221,CUST-000110,30,10805.6,8715.23,23,0,1,1,0.0,0,0.0,0,within_profile
TMALR-0000222,CUST-000027,30,307796.11,205197.41,99,0,1,1,0.0,0,0.89,0,documented_context
TMALR-0000223,CUST-000053,30,8752.32,5834.88,43,0,1,1,0.0,0,0.0,0,documented_context
TMALR-0000224,CUST-000119,30,264257.11,97914.07,23,0,1,1,0.0,0,0.0,0,within_profile
TMALR-0000225,CUST-000119,30,745275.44,0.0,44,1,1,1,0.0,0,0.0,0,below_typology
TMALR-0000226,CUST-000076,30,224166.13,70145.02,50,0,1,1,0.0,0,0.0,0,within_profile
TMALR-0000227,CUST-000069,30,280621.07,0.0,96,1,1,1,0.0,0,0.0,0,below_typology
TMALR-0000228,CUST-000104,30,1912201.1,929812.91,122,0,1,1,0.0,0,0.0,0,within_profile
TMALR-0000229,CUST-000028,30,8758.44,5838.96,8,0,1,1,0.0,0,0.78,0,documented_context
TMALR-0000230,CUST-000007,30,2560252.17,1218717.06,79,0,1,1,0.0,0,0.0,0,within_profile
TMALR-0000231,CUST-000068,30,19421.54,12947.7,38,0,1,1,0.0,0,0.88,0,documented_context
TMALR-0000232,CUST-000040,30,18358.98,12239.32,33,0,1,1,0.0,0,0.0,0,documented_context
TMALR-0000233,CUST-000030,30,33144.18,27117.96,22,0,1,1,0.63,1,0.0,0,below_typology
TMALR-0000234,CUST-000052,30,162950.66,81285.06,31,0,1,1,0.0,0,0.0,0,within_profile
TMALR-0000235,CUST-000082,30,6620.92,3806.78,13,0,1,1,0.0,0,0.0,0,within_profile
TMALR-0000236,CUST-000006,30,8855.15,5903.43,30,0,1,1,0.0,0,0.76,0,documented_context
TMALR-0000237,CUST-000097,30,74623.48,31763.38,30,0,1,1,0.0,0,0.0,0,within_profile
TMALR-0000238,CUST-000038,30,60027.52,58572.65,77,0,1,1,0.0,0,0.0,0,ambiguous_residual
TMALR-0000239,CUST-000096,30,125287.82,93449.33,80,0,1,1,0.0,0,0.0,0,within_profile
TMALR-0000240,CUST-000070,30,56625.09,35714.94,58,0,1,1,0.0,0,0.0,0,ambiguous_residual
TMALR-0000241,CUST-000046,30,19958.68,10785.62,6,0,1,1,0.0,0,0.0,0,within_profile
TMALR-0000242,CUST-000107,30,241297.94,160865.3,83,0,4,1,0.0,0,0.0,0,below_typology
TMALR-0000243,CUST-000018,30,10465.27,5248.5,8,0,1,1,0.0,0,0.0,0,within_profile
TMALR-0000244,CUST-000025,30,114854.7,72219.72,76,0,1,1,0.0,0,0.0,0,within_profile
TMALR-0000245,CUST-000081,30,4182297.57,2788198.38,709,0,1,1,0.0,0,0.0,0,documented_context
TMALR-0000246,CUST-000057,30,24769.28,16512.85,73,0,1,1,0.0,0,0.0,0,documented_context
TMALR-0000247,CUST-000117,30,97256.45,0.0,28,1,1,1,0.0,0,0.0,0,below_typology
TMALR-0000248,CUST-000104,30,1782642.89,661672.0,108,0,1,1,0.0,0,0.0,0,within_profile
TMALR-0000249,CUST-000090,30,11141.63,8556.6,7,0,1,1,0.0,0,0.0,0,within_profile
TMALR-0000250,CUST-000119,30,404065.92,269377.28,55,0,3,1,0.0,0,0.0,0,below_typology
TMALR-0000251,CUST-000002,30,11555.98,7703.98,19,0,3,2,0.0,0,0.0,0,below_typology
TMALR-0000252,CUST-000013,30,107556.89,43984.16,44,0,1,1,0.0,0,0.0,0,ambiguous_residual
TMALR-0000253,CUST-000045,30,7620.16,4688.9,17,0,1,1,0.0,0,0.0,0,within_profile
TMALR-0000254,CUST-000089,30,56589.1,0.0,32,1,1,1,0.0,0,0.0,0,below_typology
TMALR-0000255,CUST-000070,30,13835.15,6186.07,21,0,1,1,0.0,0,0.0,0,within_profile
TMALR-0000256,CUST-000078,30,39529.69,26353.13,35,0,1,1,0.0,0,0.85,0,documented_context
TMALR-0000257,CUST-000005,30,28650.62,23441.41,15,0,1,1,0.77,1,0.0,0,below_typology
TMALR-0000258,CUST-000009,30,101757.97,72451.75,42,0,1,1,0.0,0,0.0,0,within_profile
TMALR-0000259,CUST-000108,30,159586.15,42821.13,74,0,1,1,0.0,0,0.0,0,within_profile
TMALR-0000260,CUST-000045,30,22455.9,14970.6,25,0,1,1,0.0,0,0.75,0,documented_context
TMALR-0000261,CUST-000081,30,6510191.62,4340127.75,793,0,1,1,0.0,0,0.0,0,documented_context
TMALR-0000262,CUST-000092,30,54456.81,13769.19,53,0,1,1,0.0,0,0.0,0,ambiguous_residual
TMALR-0000263,CUST-000009,30,98903.07,36450.48,54,0,1,1,0.0,0,0.0,0,within_profile
TMALR-0000264,CUST-000002,30,10359.79,6906.53,26,0,1,1,0.0,0,0.71,0,documented_context
TMALR-0000265,CUST-000048,30,1051681.67,860466.82,464,0,1,1,0.67,1,0.0,0,below_typology
TMALR-0000266,CUST-000031,30,158071.09,143239.73,46,0,1,1,0.0,0,0.0,0,within_profile
TMALR-0000267,CUST-000094,30,1548454.98,0.0,169,1,1,1,0.0,0,0.0,0,below_typology
TMALR-0000268,CUST-000097,30,204376.11,0.0,51,2,1,1,0.0,0,0.0,0,below_typology
TMALR-0000269,CUST-000052,30,188538.18,154258.51,57,0,1,1,0.62,1,0.0,0,below_typology
TMALR-0000270,CUST-000049,30,1309327.73,788473.08,223,0,1,1,0.0,0,0.0,0,within_profile
TMALR-0000271,CUST-000031,30,364272.42,242848.28,85,0,3,1,0.0,0,0.0,0,below_typology
TMALR-0000272,CUST-000018,30,10439.63,6120.62,7,0,1,1,0.0,0,0.0,0,within_profile
TMALR-0000273,CUST-000032,30,9951.67,3942.08,19,0,1,1,0.0,0,0.0,0,within_profile
TMALR-0000274,CUST-000017,30,32082.7,21388.47,35,0,4,2,0.0,0,0.0,0,below_typology
TMALR-0000275,CUST-000105,30,64894.25,0.0,35,2,1,1,0.0,0,0.0,0,below_typology
TMALR-0000276,CUST-000025,30,603961.93,453663.04,181,0,1,1,0.0,0,0.0,0,ambiguous_residual
TMALR-0000277,CUST-000077,30,13255.43,8836.95,29,0,1,1,0.0,0,0.0,0,documented_context
TMALR-0000278,CUST-000045,30,14520.06,9680.04,42,0,1,1,0.0,0,0.62,0,documented_context
TMALR-0000279,CUST-000098,30,22973.5,6258.54,18,0,1,1,0.0,0,0.0,0,within_profile
TMALR-0000280,CUST-000037,30,611672.82,407781.88,432,0,4,1,0.0,0,0.0,0,below_typology
TMALR-0000281,CUST-000084,30,711570.37,423422.14,136,0,1,1,0.0,0,0.0,0,within_profile
TMALR-0000282,CUST-000074,30,174250.3,142568.43,117,0,1,1,0.68,1,0.0,0,below_typology
TMALR-0000283,CUST-000046,30,279456.3,231862.38,5,0,1,1,0.83,1,0.0,1,
TMALR-0000284,CUST-000042,30,143735.08,95823.38,69,0,1,1,0.0,0,0.75,0,documented_context
TMALR-0000285,CUST-000096,30,467399.03,0.0,132,1,1,1,0.0,0,0.0,0,below_typology
TMALR-0000286,CUST-000095,30,8360.78,4041.08,12,0,1,1,0.0,0,0.0,0,within_profile
TMALR-0000287,CUST-000098,30,22572.47,9348.72,14,0,1,1,0.0,0,0.0,0,within_profile
TMALR-0000288,CUST-000037,30,863807.83,0.0,618,1,1,1,0.0,0,0.0,0,below_typology
TMALR-0000289,CUST-000100,30,16223.36,8933.9,8,0,1,1,0.0,0,0.0,0,within_profile
TMALR-0000290,CUST-000040,30,9884.68,6589.79,40,0,1,1,0.0,0,0.0,0,documented_context
TMALR-0000291,CUST-000043,30,283181.39,237873.07,7,0,1,1,0.84,1,0.0,1,
TMALR-0000292,CUST-000042,30,422529.82,0.0,72,2,1,1,0.0,0,0.0,0,below_typology
TMALR-0000293,CUST-000084,30,736166.89,710822.35,162,0,1,1,0.0,0,0.0,0,within_profile
TMALR-0000294,CUST-000049,30,3523927.81,2349285.21,259,0,3,1,0.0,0,0.0,0,below_typology
TMALR-0000295,CUST-000046,30,38344.37,25562.92,14,0,4,2,0.0,0,0.0,0,below_typology
TMALR-0000296,CUST-000075,30,9498.94,6332.63,21,0,3,2,0.0,0,0.0,0,below_typology
TMALR-0000297,CUST-000086,30,4455821.39,2970547.59,82,0,3,1,0.0,0,0.0,0,below_typology
TMALR-0000298,CUST-000049,30,1665825.49,1411285.69,169,0,1,1,0.0,0,0.0,0,within_profile
TMALR-0000299,CUST-000088,30,324797.75,0.0,77,1,1,1,0.0,0,0.0,0,below_typology
TMALR-0000300,CUST-000040,30,12208.28,5592.64,10,0,1,1,0.0,0,0.0,0,within_profile
TMALR-0000301,CUST-000024,30,1797131.4,1470380.24,327,0,1,1,0.72,1,0.0,0,below_typology
TMALR-0000302,CUST-000090,30,68549.69,0.0,11,1,1,1,0.0,0,0.0,0,below_typology
TMALR-0000303,CUST-000004,30,20242.49,10368.46,12,0,1,1,0.0,0,0.0,0,within_profile
TMALR-0000304,CUST-000098,30,31033.7,20689.13,84,0,1,1,0.0,0,0.0,0,documented_context
TMALR-0000305,CUST-000046,30,38577.76,31563.62,16,0,1,1,0.68,1,0.0,0,below_typology
TMALR-0000306,CUST-000094,30,1108667.93,739111.95,198,0,3,2,0.0,0,0.0,0,below_typology
TMALR-0000307,CUST-000011,30,163688.29,18677.33,88,0,1,1,0.0,0,0.0,0,ambiguous_residual
TMALR-0000308,CUST-000074,30,187598.39,125065.59,157,0,1,1,0.0,0,0.76,0,documented_context
TMALR-0000309,CUST-000100,30,63701.79,0.0,11,2,1,1,0.0,0,0.0,0,below_typology
TMALR-0000310,CUST-000021,30,259942.02,173294.68,113,0,4,1,0.0,0,0.0,0,below_typology
TMALR-0000311,CUST-000049,30,4918083.89,3278722.59,427,0,1,1,0.0,0,0.85,0,documented_context
TMALR-0000312,CUST-000031,30,666353.43,393303.75,164,0,1,1,0.0,0,0.0,0,ambiguous_residual
TMALR-0000313,CUST-000018,30,14986.33,10824.8,7,0,1,1,0.0,0,0.0,0,within_profile
TMALR-0000314,CUST-000112,30,15557.93,12729.22,36,0,1,1,0.65,1,0.0,0,below_typology
TMALR-0000315,CUST-000062,30,14804.54,14760.67,18,0,1,1,0.0,0,0.0,0,within_profile
TMALR-0000316,CUST-000057,30,38612.27,25741.51,99,0,1,1,0.0,0,0.0,0,documented_context
TMALR-0000317,CUST-000054,30,23347.0,12659.29,20,0,1,1,0.0,0,0.0,0,within_profile
TMALR-0000318,CUST-000016,30,855698.56,570465.71,184,0,3,1,0.0,0,0.0,0,below_typology
TMALR-0000319,CUST-000057,30,20261.26,13507.5,73,0,1,1,0.0,0,0.0,0,documented_context
TMALR-0000320,CUST-000054,30,94993.08,27509.6,56,0,1,1,0.0,0,0.0,0,ambiguous_residual
TMALR-0000321,CUST-000119,30,191380.2,171080.93,31,0,1,1,0.0,0,0.0,0,within_profile
TMALR-0000322,CUST-000078,30,22670.79,15113.86,31,0,1,1,0.0,0,0.66,0,documented_context
TMALR-0000323,CUST-000083,30,10818.71,9649.75,11,0,1,1,0.0,0,0.0,0,within_profile
TMALR-0000324,CUST-000066,30,300010.08,245462.79,36,0,1,1,0.67,1,0.0,0,below_typology
TMALR-0000325,CUST-000088,30,260088.09,232194.08,121,0,1,1,0.0,0,0.0,0,ambiguous_residual
TMALR-0000326,CUST-000040,30,7567.2,5263.42,7,0,1,1,0.0,0,0.0,0,within_profile
TMALR-0000327,CUST-000082,30,53033.82,42155.37,48,0,1,1,0.0,0,0.0,0,ambiguous_residual
TMALR-0000328,CUST-000083,30,563952.36,481626.03,15,0,10,1,0.0,0,0.0,1,
TMALR-0000329,CUST-000012,30,718177.49,619342.35,75,0,1,1,0.0,0,0.0,0,within_profile
TMALR-0000330,CUST-000101,30,406177.09,0.0,40,1,1,1,0.0,0,0.0,0,below_typology
TMALR-0000331,CUST-000077,30,24890.23,0.0,14,2,1,1,0.0,0,0.0,0,below_typology
TMALR-0000332,CUST-000024,30,3186102.16,0.0,253,1,1,1,0.0,0,0.0,0,below_typology
TMALR-0000333,CUST-000063,30,13727.36,12605.39,9,0,1,1,0.0,0,0.0,0,within_profile
TMALR-0000334,CUST-000046,30,29324.2,0.0,6,3,1,1,0.0,0,0.0,1,
TMALR-0000335,CUST-000087,30,14846.34,8303.88,27,0,1,1,0.0,0,0.0,0,within_profile
TMALR-0000336,CUST-000001,30,191905.69,0.0,69,2,1,1,0.0,0,0.0,0,below_typology
TMALR-0000337,CUST-000064,30,56614.62,37743.08,13,0,3,1,0.0,0,0.0,0,below_typology
TMALR-0000338,CUST-000065,30,21659.88,5678.3,17,0,1,1,0.0,0,0.0,0,within_profile
TMALR-0000339,CUST-000097,30,257846.18,0.0,64,2,1,1,0.0,0,0.0,0,below_typology
TMALR-0000340,CUST-000115,30,239824.45,159882.97,316,0,1,1,0.0,0,0.0,0,documented_context
TMALR-0000341,CUST-000007,30,4154673.04,3399277.94,116,0,1,1,0.63,1,0.0,0,below_typology
TMALR-0000342,CUST-000017,30,29573.14,0.0,6,3,1,1,0.0,0,0.0,1,
TMALR-0000343,CUST-000092,30,15382.35,10254.9,90,0,1,1,0.0,0,0.0,0,documented_context
TMALR-0000344,CUST-000017,30,35055.89,23370.59,18,0,1,1,0.0,0,0.83,0,documented_context
TMALR-0000345,CUST-000091,30,153853.1,69686.16,55,0,1,1,0.0,0,0.0,0,within_profile
TMALR-0000346,CUST-000109,30,6678.46,4264.34,11,0,1,1,0.0,0,0.0,0,within_profile
TMALR-0000347,CUST-000092,30,33296.47,0.0,32,1,1,1,0.0,0,0.0,0,below_typology
TMALR-0000348,CUST-000005,30,15626.49,9786.82,6,0,1,1,0.0,0,0.0,0,within_profile
TMALR-0000349,CUST-000070,30,92831.91,25333.73,66,0,1,1,0.0,0,0.0,0,ambiguous_residual
TMALR-0000350,CUST-000117,30,24969.54,17979.4,10,0,1,1,0.0,0,0.0,0,within_profile
TMALR-0000351,CUST-000115,30,282886.83,231452.86,86,0,1,1,0.79,1,0.0,0,below_typology
TMALR-0000352,CUST-000059,30,251467.46,92039.99,58,0,1,1,0.0,0,0.0,0,within_profile
TMALR-0000353,CUST-000047,30,396373.97,264249.32,321,0,3,2,0.0,0,0.0,0,below_typology
TMALR-0000354,CUST-000098,30,128006.97,33417.16,61,0,1,1,0.0,0,0.0,0,ambiguous_residual
TMALR-0000355,CUST-000119,30,150978.15,113942.59,31,0,1,1,0.0,0,0.0,0,within_profile
TMALR-0000356,CUST-000042,30,512476.3,159252.41,151,0,1,1,0.0,0,0.0,0,ambiguous_residual
TMALR-0000357,CUST-000067,30,196122.89,117200.11,91,0,1,1,0.0,0,0.0,0,within_profile
TMALR-0000358,CUST-000035,30,8258.99,2378.8,12,0,1,1,0.0,0,0.0,0,within_profile
TMALR-0000359,CUST-000043,30,107716.69,71811.12,123,0,1,1,0.0,0,0.75,0,documented_context
TMALR-0000360,CUST-000050,30,108998.36,72665.57,58,0,3,1,0.0,0,0.0,0,below_typology
TMALR-0000361,CUST-000118,30,113617.89,31991.89,31,0,1,1,0.0,0,0.0,0,ambiguous_residual
TMALR-0000362,CUST-000009,30,110055.84,93437.15,48,0,1,1,0.0,0,0.0,0,within_profile
TMALR-0000363,CUST-000057,30,18989.66,11542.61,20,0,1,1,0.0,0,0.0,0,within_profile
TMALR-0000364,CUST-000039,30,162940.84,52662.19,50,0,1,1,0.0,0,0.0,0,within_profile
TMALR-0000365,CUST-000090,30,15549.02,14814.3,9,0,1,1,0.0,0,0.0,0,within_profile
TMALR-0000366,CUST-000031,30,216790.05,133507.88,41,0,1,1,0.0,0,0.0,0,within_profile
TMALR-0000367,CUST-000022,30,15862.7,10575.13,34,0,1,1,0.0,0,0.71,0,documented_context
TMALR-0000368,CUST-000059,30,141119.99,50062.49,49,0,1,1,0.0,0,0.0,0,within_profile
TMALR-0000369,CUST-000027,30,163458.52,108972.35,104,0,1,1,0.0,0,0.68,0,documented_context
TMALR-0000370,CUST-000074,30,342460.07,0.0,136,1,1,1,0.0,0,0.0,0,below_typology
TMALR-0000371,CUST-000082,30,7802.71,6683.3,19,0,1,1,0.0,0,0.0,0,within_profile
TMALR-0000372,CUST-000005,30,17728.35,16682.85,11,0,1,1,0.0,0,0.0,0,within_profile
TMALR-0000373,CUST-000062,30,22341.76,14894.51,28,0,1,1,0.0,0,0.61,0,documented_context
TMALR-0000374,CUST-000035,30,7945.39,6644.3,10,0,1,1,0.0,0,0.0,0,within_profile
TMALR-0000375,CUST-000063,30,52098.87,0.0,12,1,1,1,0.0,0,0.0,0,below_typology
TMALR-0000376,CUST-000025,30,174715.24,61654.95,50,0,1,1,0.0,0,0.0,0,within_profile
TMALR-0000377,CUST-000002,30,13754.04,9169.36,23,0,4,2,0.0,0,0.0,0,below_typology
TMALR-0000378,CUST-000041,30,11810.96,7873.98,30,0,3,1,0.0,0,0.0,0,below_typology
TMALR-0000379,CUST-000006,30,13970.47,9313.65,25,0,1,1,0.0,0,0.68,0,documented_context
TMALR-0000380,CUST-000020,30,17993.5,7819.94,12,0,1,1,0.0,0,0.0,0,within_profile
TMALR-0000381,CUST-000007,30,18160362.02,2497047.14,223,0,1,1,0.0,0,0.0,0,ambiguous_residual
TMALR-0000382,CUST-000119,30,267250.65,87397.19,26,0,1,1,0.0,0,0.0,0,within_profile
TMALR-0000383,CUST-000087,30,29635.58,19757.05,93,0,1,1,0.0,0,0.0,0,documented_context
TMALR-0000384,CUST-000018,30,34033.1,22688.73,10,0,4,1,0.0,0,0.0,0,below_typology
TMALR-0000385,CUST-000029,30,121796.02,118917.86,30,0,1,1,0.0,0,0.0,0,within_profile
TMALR-0000386,CUST-000103,30,31421.34,20947.56,40,0,3,1,0.0,0,0.0,0,below_typology
TMALR-0000387,CUST-000020,30,49960.47,33306.98,75,0,1,1,0.0,0,0.0,0,documented_context
TMALR-0000388,CUST-000084,30,745605.13,660375.57,128,0,1,1,0.0,0,0.0,0,within_profile
TMALR-0000389,CUST-000055,30,367870.6,98852.62,124,0,1,1,0.0,0,0.0,0,within_profile
TMALR-0000390,CUST-000088,30,548407.57,187232.45,119,0,1,1,0.0,0,0.0,0,ambiguous_residual
TMALR-0000391,CUST-000044,30,25439.57,16959.72,82,0,1,1,0.0,0,0.0,0,documented_context
TMALR-0000392,CUST-000073,30,148119.63,16876.96,51,0,1,1,0.0,0,0.0,0,ambiguous_residual
TMALR-0000393,CUST-000077,30,195732.06,180050.12,11,0,1,1,0.92,1,0.0,1,
TMALR-0000394,CUST-000028,30,9165.83,6110.55,10,0,1,1,0.0,0,0.77,0,documented_context
TMALR-0000395,CUST-000080,30,289279.49,192852.99,119,0,1,1,0.0,0,0.71,0,documented_context
TMALR-0000396,CUST-000008,30,9613.45,3446.42,12,0,1,1,0.0,0,0.0,0,within_profile
TMALR-0000397,CUST-000053,30,12521.62,8347.75,20,0,4,2,0.0,0,0.0,0,below_typology
TMALR-0000398,CUST-000061,30,1722980.95,835585.07,133,0,1,1,0.0,0,0.0,0,within_profile
TMALR-0000399,CUST-000102,30,41848.12,27898.75,30,0,4,1,0.0,0,0.0,0,below_typology
TMALR-0000400,CUST-000048,30,340883.62,311524.31,363,0,1,1,0.0,0,0.0,0,within_profile
TMALR-0000401,CUST-000078,30,26382.29,10705.27,19,0,1,1,0.0,0,0.0,0,within_profile
TMALR-0000402,CUST-000055,30,744545.32,0.0,148,1,1,1,0.0,0,0.0,0,below_typology
TMALR-0000403,CUST-000118,30,37425.98,24950.65,12,0,4,1,0.0,0,0.0,0,below_typology
TMALR-0000404,CUST-000070,30,13917.04,11568.45,17,0,1,1,0.0,0,0.0,0,within_profile
TMALR-0000405,CUST-000084,30,1071489.65,592059.66,105,0,1,1,0.0,0,0.0,0,within_profile
TMALR-0000406,CUST-000010,30,926678.34,617785.56,237,0,4,2,0.0,0,0.0,0,below_typology
TMALR-0000407,CUST-000082,30,8669.45,6938.12,19,0,1,1,0.0,0,0.0,0,within_profile
TMALR-0000408,CUST-000033,30,37155.01,24770.01,14,0,3,1,0.0,0,0.0,0,below_typology
TMALR-0000409,CUST-000011,30,47650.34,31766.89,98,0,1,1,0.0,0,0.0,0,documented_context
TMALR-0000410,CUST-000007,30,3383367.73,1154888.29,63,0,1,1,0.0,0,0.0,0,within_profile
TMALR-0000411,CUST-000060,30,33583.61,22930.02,23,0,1,1,0.0,0,0.0,0,ambiguous_residual
TMALR-0000412,CUST-000004,30,158014.88,25684.47,64,0,1,1,0.0,0,0.0,0,ambiguous_residual
TMALR-0000413,CUST-000015,30,532855.88,0.0,98,1,1,1,0.0,0,0.0,0,below_typology
TMALR-0000414,CUST-000054,30,14117.4,5909.05,18,0,1,1,0.0,0,0.0,0,within_profile
TMALR-0000415,CUST-000076,30,165940.83,48663.36,81,0,1,1,0.0,0,0.0,0,within_profile
TMALR-0000416,CUST-000050,30,76754.72,24640.28,36,0,1,1,0.0,0,0.0,0,within_profile
TMALR-0000417,CUST-000089,30,20233.13,10573.96,17,0,1,1,0.0,0,0.0,0,within_profile
TMALR-0000418,CUST-000075,30,6987.22,1863.53,10,0,1,1,0.0,0,0.0,0,within_profile
TMALR-0000419,CUST-000099,30,29650.32,19766.88,57,0,1,1,0.0,0,0.0,0,documented_context
TMALR-0000420,CUST-000062,30,22899.73,12774.41,11,0,1,1,0.0,0,0.0,0,within_profile
TMALR-0000421,CUST-000087,30,44781.54,29854.36,25,0,3,1,0.0,0,0.0,0,below_typology
TMALR-0000422,CUST-000114,30,43002.49,24702.35,46,0,1,1,0.0,0,0.0,0,ambiguous_residual
TMALR-0000423,CUST-000115,30,361033.0,240688.67,309,0,1,1,0.0,0,0.0,0,documented_context
TMALR-0000424,CUST-000056,30,61008.56,36085.13,31,0,1,1,0.0,0,0.0,0,ambiguous_residual
TMALR-0000425,CUST-000056,30,9983.96,3378.04,10,0,1,1,0.0,0,0.0,0,within_profile
TMALR-0000426,CUST-000105,30,77992.76,17516.83,42,0,1,1,0.0,0,0.0,0,ambiguous_residual
TMALR-0000427,CUST-000099,30,85275.8,0.0,25,1,1,1,0.0,0,0.0,0,below_typology
TMALR-0000428,CUST-000109,30,7155.98,4770.65,49,0,1,1,0.0,0,0.0,0,documented_context
TMALR-0000429,CUST-000047,30,269259.67,144008.18,218,0,1,1,0.0,0,0.0,0,within_profile
TMALR-0000430,CUST-000047,30,209773.39,121187.67,265,0,1,1,0.0,0,0.0,0,within_profile
TMALR-0000431,CUST-000044,30,29498.75,24135.34,41,0,1,1,0.76,1,0.0,0,below_typology
TMALR-0000432,CUST-000006,30,5046.18,2466.62,21,0,1,1,0.0,0,0.0,0,within_profile
TMALR-0000433,CUST-000086,30,4231466.49,3462108.95,103,0,1,1,0.6,1,0.0,0,below_typology
TMALR-0000434,CUST-000000,30,144256.21,96170.81,154,0,1,1,0.0,0,0.0,0,documented_context
TMALR-0000435,CUST-000077,30,8758.1,6045.04,10,0,1,1,0.0,0,0.0,0,within_profile
TMALR-0000436,CUST-000048,30,2257987.72,0.0,426,2,1,1,0.0,0,0.0,0,below_typology
TMALR-0000437,CUST-000079,30,1735131.57,1419653.1,224,0,1,1,0.79,1,0.0,0,below_typology
TMALR-0000438,CUST-000068,30,21956.77,14637.85,30,0,1,1,0.0,0,0.65,0,documented_context
TMALR-0000439,CUST-000035,30,12717.78,4050.39,7,0,1,1,0.0,0,0.0,0,within_profile
TMALR-0000440,CUST-000038,30,56498.87,23424.0,49,0,1,1,0.0,0,0.0,0,ambiguous_residual
TMALR-0000441,CUST-000103,30,110104.32,33971.28,84,0,1,1,0.0,0,0.0,0,ambiguous_residual
TMALR-0000442,CUST-000038,30,16775.64,11183.76,77,0,1,1,0.0,0,0.0,0,documented_context
TMALR-0000443,CUST-000090,30,28961.68,0.0,5,3,1,1,0.0,0,0.0,1,
TMALR-0000444,CUST-000100,30,43129.61,28753.07,15,0,4,1,0.0,0,0.0,0,below_typology
TMALR-0000445,CUST-000023,30,57171.6,25888.95,59,0,1,1,0.0,0,0.0,0,ambiguous_residual
TMALR-0000446,CUST-000116,30,26525.99,17684.0,12,0,3,1,0.0,0,0.0,0,below_typology
TMALR-0000447,CUST-000039,30,228217.83,152145.22,156,0,1,1,0.0,0,0.68,0,documented_context
TMALR-0000448,CUST-000015,30,243637.61,199339.86,115,0,1,1,0.71,1,0.0,0,below_typology
TMALR-0000449,CUST-000024,30,1732317.92,1154878.61,316,0,4,2,0.0,0,0.0,0,below_typology
TMALR-0000450,CUST-000017,30,103200.16,58792.23,79,0,1,1,0.0,0,0.0,0,ambiguous_residual
TMALR-0000451,CUST-000018,30,86718.61,23572.89,28,0,1,1,0.0,0,0.0,0,ambiguous_residual
TMALR-0000452,CUST-000022,30,30040.45,20026.97,29,0,4,1,0.0,0,0.0,0,below_typology
TMALR-0000453,CUST-000097,30,55009.24,19775.95,45,0,1,1,0.0,0,0.0,0,within_profile
TMALR-0000454,CUST-000054,30,37854.6,25236.4,44,0,3,1,0.0,0,0.0,0,below_typology
TMALR-0000455,CUST-000000,30,197103.26,131402.17,182,0,1,1,0.0,0,0.0,0,documented_context
TMALR-0000456,CUST-000000,30,28872.52,0.0,4,3,1,1,0.0,0,0.0,1,
TMALR-0000457,CUST-000049,30,1942652.7,1339772.72,125,0,1,1,0.0,0,0.0,0,within_profile
TMALR-0000458,CUST-000058,30,1625531.32,575451.41,508,0,1,1,0.0,0,0.0,0,ambiguous_residual
TMALR-0000459,CUST-000043,30,443553.14,193670.42,231,0,1,1,0.0,0,0.0,0,ambiguous_residual
TMALR-0000460,CUST-000103,30,76824.65,53085.56,86,0,1,1,0.0,0,0.0,0,ambiguous_residual
TMALR-0000461,CUST-000074,30,162069.62,108046.42,82,0,1,1,0.0,0,0.8,0,documented_context
TMALR-0000462,CUST-000081,30,2380815.47,1224186.44,110,0,1,1,0.0,0,0.0,0,within_profile
TMALR-0000463,CUST-000078,30,40939.31,27292.87,21,0,1,1,0.0,0,0.59,0,documented_context
TMALR-0000464,CUST-000032,30,5606.8,4663.23,22,0,1,1,0.0,0,0.0,0,within_profile
TMALR-0000465,CUST-000084,30,705513.53,369812.34,163,0,1,1,0.0,0,0.0,0,within_profile
TMALR-0000466,CUST-000115,30,528179.17,0.0,106,2,1,1,0.0,0,0.0,0,below_typology
TMALR-0000467,CUST-000025,30,169461.53,61605.25,76,0,1,1,0.0,0,0.0,0,within_profile
TMALR-0000468,CUST-000052,30,78944.27,75297.46,43,0,1,1,0.0,0,0.0,0,within_profile
TMALR-0000469,CUST-000042,30,395709.12,387718.53,89,0,1,1,0.0,0,0.0,0,ambiguous_residual
TMALR-0000470,CUST-000063,30,25380.97,20766.24,10,0,1,1,0.61,1,0.0,0,below_typology
TMALR-0000471,CUST-000082,30,58103.42,6782.79,41,0,1,1,0.0,0,0.0,0,ambiguous_residual
TMALR-0000472,CUST-000022,30,23133.25,7479.46,20,0,1,1,0.0,0,0.0,0,within_profile
TMALR-0000473,CUST-000014,30,40500.93,0.0,26,1,1,1,0.0,0,0.0,0,below_typology
TMALR-0000474,CUST-000021,30,194894.51,129929.68,144,0,1,1,0.0,0,0.88,0,documented_context
TMALR-0000475,CUST-000043,30,141847.72,94565.15,75,0,1,1,0.0,0,0.69,0,documented_context
TMALR-0000476,CUST-000049,30,2401798.75,1330753.93,174,0,1,1,0.0,0,0.0,0,within_profile
TMALR-0000477,CUST-000016,30,363258.82,338563.22,156,0,1,1,0.0,0,0.0,0,within_profile
TMALR-0000478,CUST-000075,30,11246.12,7497.41,23,0,3,2,0.0,0,0.0,0,below_typology
TMALR-0000479,CUST-000110,30,53602.7,0.0,40,2,1,1,0.0,0,0.0,0,below_typology
TMALR-0000480,CUST-000052,30,90146.59,83545.99,48,0,1,1,0.0,0,0.0,0,within_profile
TMALR-0000481,CUST-000111,30,195602.93,162122.06,9,0,1,1,0.83,1,0.0,1,
TMALR-0000482,CUST-000076,30,188538.23,125692.15,240,0,1,1,0.0,0,0.0,0,documented_context
TMALR-0000483,CUST-000044,30,21306.25,14204.17,115,0,1,1,0.0,0,0.0,0,documented_context
TMALR-0000484,CUST-000119,30,159990.32,52014.64,44,0,1,1,0.0,0,0.0,0,within_profile
TMALR-0000485,CUST-000062,30,17617.94,11781.14,12,0,1,1,0.0,0,0.0,0,within_profile
TMALR-0000486,CUST-000048,30,1133164.64,755443.09,387,0,4,2,0.0,0,0.0,0,below_typology
TMALR-0000487,CUST-000040,30,14873.04,12168.85,13,0,1,1,0.6,1,0.0,0,below_typology
TMALR-0000488,CUST-000070,30,6788.65,6086.47,20,0,1,1,0.0,0,0.0,0,within_profile
TMALR-0000489,CUST-000065,30,15198.29,6626.46,22,0,1,1,0.0,0,0.0,0,within_profile
TMALR-0000490,CUST-000108,30,197591.55,131727.7,110,0,1,1,0.0,0,0.75,0,documented_context
TMALR-0000491,CUST-000084,30,3249879.0,0.0,232,1,1,1,0.0,0,0.0,0,below_typology
TMALR-0000492,CUST-000045,30,170600.15,126421.34,9,0,6,1,0.0,0,0.0,1,
TMALR-0000493,CUST-000049,30,2399825.5,1599883.67,330,0,1,1,0.0,0,0.62,0,documented_context
TMALR-0000494,CUST-000058,30,271378.63,215684.32,158,0,1,1,0.0,0,0.0,0,within_profile
TMALR-0000495,CUST-000081,30,3714207.8,1774958.53,198,0,1,1,0.0,0,0.0,0,within_profile
TMALR-0000496,CUST-000063,30,18143.9,12095.94,12,0,1,1,0.0,0,0.74,0,documented_context
TMALR-0000497,CUST-000107,30,873093.33,130752.59,224,0,1,1,0.0,0,0.0,0,ambiguous_residual
TMALR-0000498,CUST-000022,30,31763.23,21175.49,25,0,1,1,0.0,0,0.69,0,documented_context
TMALR-0000499,CUST-000064,30,150271.18,74865.68,28,0,1,1,0.0,0,0.0,0,ambiguous_residual
TMALR-0000500,CUST-000050,30,103645.23,27360.98,34,0,1,1,0.0,0,0.0,0,within_profile
TMALR-0000501,CUST-000089,30,40846.15,33419.58,30,0,1,1,0.7,1,0.0,0,below_typology
TMALR-0000502,CUST-000068,30,21710.15,14473.44,20,0,1,1,0.0,0,0.77,0,documented_context
TMALR-0000503,CUST-000086,30,2015519.73,810824.71,83,0,1,1,0.0,0,0.0,0,within_profile
TMALR-0000504,CUST-000081,30,5525535.94,3683690.63,220,0,4,2,0.0,0,0.0,0,below_typology
TMALR-0000505,CUST-000068,30,65648.91,12605.13,65,0,1,1,0.0,0,0.0,0,ambiguous_residual
TMALR-0000506,CUST-000018,30,8466.45,7910.25,6,0,1,1,0.0,0,0.0,0,within_profile
TMALR-0000507,CUST-000087,30,110740.36,21763.38,71,0,1,1,0.0,0,0.0,0,ambiguous_residual
TMALR-0000508,CUST-000003,30,193457.34,128971.56,129,0,1,1,0.0,0,0.0,0,documented_context
TMALR-0000509,CUST-000028,30,23797.35,0.0,12,2,1,1,0.0,0,0.0,0,below_typology
TMALR-0000510,CUST-000048,30,627762.9,169892.06,370,0,1,1,0.0,0,0.0,0,within_profile
TMALR-0000511,CUST-000001,30,140916.48,93944.32,75,0,3,2,0.0,0,0.0,0,below_typology
TMALR-0000512,CUST-000077,30,23877.46,0.0,13,2,1,1,0.0,0,0.0,0,below_typology
TMALR-0000513,CUST-000009,30,364778.02,275724.98,130,0,1,1,0.0,0,0.0,0,ambiguous_residual
TMALR-0000514,CUST-000071,30,24409.98,16273.32,10,0,3,2,0.0,0,0.0,0,below_typology
TMALR-0000515,CUST-000005,30,66751.82,39363.13,18,0,1,1,0.0,0,0.0,0,ambiguous_residual
TMALR-0000516,CUST-000084,30,1738116.59,1422095.39,264,0,1,1,0.67,1,0.0,0,below_typology
TMALR-0000517,CUST-000028,30,8373.49,4387.44,9,0,1,1,0.0,0,0.0,0,within_profile
TMALR-0000518,CUST-000051,30,29798.93,0.0,18,2,1,1,0.0,0,0.0,0,below_typology
TMALR-0000519,CUST-000096,30,155187.32,86365.47,78,0,1,1,0.0,0,0.0,0,within_profile
TMALR-0000520,CUST-000014,30,28719.83,23498.04,23,0,1,1,0.72,1,0.0,0,below_typology
TMALR-0000521,CUST-000087,30,119735.07,63753.16,75,0,1,1,0.0,0,0.0,0,ambiguous_residual
TMALR-0000522,CUST-000092,30,11392.17,3337.8,23,0,1,1,0.0,0,0.0,0,within_profile
TMALR-0000523,CUST-000055,30,419753.08,279835.39,151,0,1,1,0.0,0,0.78,0,documented_context
TMALR-0000524,CUST-000012,30,1081372.06,292875.76,66,0,1,1,0.0,0,0.0,0,within_profile
TMALR-0000525,CUST-000008,30,267588.21,259459.52,10,0,1,1,0.97,1,0.0,1,
TMALR-0000526,CUST-000106,30,1600316.48,418075.16,143,0,1,1,0.0,0,0.0,0,within_profile
TMALR-0000527,CUST-000095,30,34213.51,32937.48,41,0,1,1,0.0,0,0.0,0,ambiguous_residual
TMALR-0000528,CUST-000009,30,559943.96,449023.65,13,0,8,1,0.0,0,0.0,1,
TMALR-0000529,CUST-000002,30,18145.64,0.0,17,1,1,1,0.0,0,0.0,0,below_typology
TMALR-0000530,CUST-000089,30,40284.15,32959.76,28,0,1,1,0.62,1,0.0,0,below_typology
TMALR-0000531,CUST-000011,30,24596.91,7018.36,21,0,1,1,0.0,0,0.0,0,within_profile
TMALR-0000532,CUST-000020,30,20283.47,17215.01,13,0,1,1,0.0,0,0.0,0,within_profile
TMALR-0000533,CUST-000081,30,4656652.13,3809988.11,279,0,1,1,0.72,1,0.0,0,below_typology
TMALR-0000534,CUST-000111,30,124545.66,107395.66,28,0,1,1,0.0,0,0.0,0,within_profile
TMALR-0000535,CUST-000010,30,788732.18,645326.33,308,0,1,1,0.67,1,0.0,0,below_typology
TMALR-0000536,CUST-000065,30,22085.74,18070.15,31,0,1,1,0.76,1,0.0,0,below_typology
TMALR-0000537,CUST-000102,30,14589.39,13667.29,24,0,1,1,0.0,0,0.0,0,within_profile
TMALR-0000538,CUST-000082,30,34921.31,0.0,21,2,1,1,0.0,0,0.0,0,below_typology
TMALR-0000539,CUST-000062,30,51933.69,34622.46,21,0,1,1,0.0,0,0.78,0,documented_context
TMALR-0000540,CUST-000008,30,11313.72,7690.21,10,0,1,1,0.0,0,0.0,0,within_profile
TMALR-0000541,CUST-000074,30,72798.81,35846.63,90,0,1,1,0.0,0,0.0,0,within_profile
TMALR-0000542,CUST-000040,30,6547.63,5011.28,10,0,1,1,0.0,0,0.0,0,within_profile
TMALR-0000543,CUST-000018,30,31142.6,20761.74,32,0,1,1,0.0,0,0.0,0,documented_context
TMALR-0000544,CUST-000062,30,39100.58,26067.05,18,0,1,1,0.0,0,0.76,0,documented_context
TMALR-0000545,CUST-000017,30,89765.55,65384.42,69,0,1,1,0.0,0,0.0,0,ambiguous_residual
TMALR-0000546,CUST-000002,30,12075.8,8050.54,24,0,1,1,0.0,0,0.83,0,documented_context
TMALR-0000547,CUST-000026,30,2615021.41,1743347.6,827,0,1,1,0.0,0,0.0,0,documented_context
TMALR-0000548,CUST-000099,30,34874.74,28533.88,21,0,1,1,0.74,1,0.0,0,below_typology
TMALR-0000549,CUST-000065,30,39129.9,0.0,34,1,1,1,0.0,0,0.0,0,below_typology
TMALR-0000550,CUST-000076,30,334269.37,222846.25,227,0,1,1,0.0,0,0.0,0,documented_context
TMALR-0000551,CUST-000072,30,36518.54,29878.8,39,0,1,1,0.74,1,0.0,0,below_typology
TMALR-0000552,CUST-000097,30,51381.17,47646.19,34,0,1,1,0.0,0,0.0,0,within_profile
TMALR-0000553,CUST-000116,30,16865.28,10494.42,9,0,1,1,0.0,0,0.0,0,within_profile
TMALR-0000554,CUST-000083,30,18129.76,7364.86,14,0,1,1,0.0,0,0.0,0,within_profile
TMALR-0000555,CUST-000035,30,17925.36,11950.24,16,0,1,1,0.0,0,0.68,0,documented_context
TMALR-0000556,CUST-000114,30,22478.43,14985.62,19,0,3,2,0.0,0,0.0,0,below_typology
TMALR-0000557,CUST-000062,30,167102.5,28369.02,32,0,1,1,0.0,0,0.0,0,ambiguous_residual
TMALR-0000558,CUST-000029,30,417086.98,0.0,52,1,1,1,0.0,0,0.0,0,below_typology
TMALR-0000559,CUST-000091,30,142634.92,61615.69,52,0,1,1,0.0,0,0.0,0,within_profile
TMALR-0000560,CUST-000086,30,2148498.98,1666231.69,46,0,1,1,0.0,0,0.0,0,within_profile
TMALR-0000561,CUST-000005,30,12766.01,6071.13,6,0,1,1,0.0,0,0.0,0,within_profile
TMALR-0000562,CUST-000018,30,56441.55,37112.55,18,0,1,1,0.0,0,0.0,0,ambiguous_residual
TMALR-0000563,CUST-000072,30,36206.27,29623.31,37,0,1,1,0.73,1,0.0,0,below_typology
TMALR-0000564,CUST-000057,30,21663.18,12110.39,19,0,1,1,0.0,0,0.0,0,within_profile
TMALR-0000565,CUST-000018,30,62077.27,0.0,13,2,1,1,0.0,0,0.0,0,below_typology
TMALR-0000566,CUST-000057,30,37475.79,24983.86,81,0,1,1,0.0,0,0.0,0,documented_context
TMALR-0000567,CUST-000066,30,184661.24,98862.5,26,0,1,1,0.0,0,0.0,0,within_profile
TMALR-0000568,CUST-000060,30,9592.34,4515.2,10,0,1,1,0.0,0,0.0,0,within_profile
TMALR-0000569,CUST-000011,30,41014.02,27342.68,107,0,1,1,0.0,0,0.0,0,documented_context
TMALR-0000570,CUST-000099,30,120854.27,58828.3,42,0,1,1,0.0,0,0.0,0,ambiguous_residual
TMALR-0000571,CUST-000053,30,6543.81,4362.54,55,0,1,1,0.0,0,0.0,0,documented_context
TMALR-0000572,CUST-000094,30,1045354.2,855289.8,204,0,1,1,0.62,1,0.0,0,below_typology
TMALR-0000573,CUST-000029,30,326595.17,267214.23,41,0,1,1,0.77,1,0.0,0,below_typology
TMALR-0000574,CUST-000090,30,15705.3,15571.79,7,0,1,1,0.0,0,0.0,0,within_profile
TMALR-0000575,CUST-000026,30,1188126.75,809495.39,169,0,1,1,0.0,0,0.0,0,within_profile
TMALR-0000576,CUST-000035,30,13357.59,8905.06,15,0,1,1,0.0,0,0.75,0,documented_context
TMALR-0000577,CUST-000050,30,368417.46,185351.21,135,0,1,1,0.0,0,0.0,0,ambiguous_residual
TMALR-0000578,CUST-000071,30,15696.88,4009.14,8,0,1,1,0.0,0,0.0,0,within_profile
TMALR-0000579,CUST-000017,30,22651.12,9810.34,22,0,1,1,0.0,0,0.0,0,within_profile
TMALR-0000580,CUST-000021,30,150175.12,100116.75,109,0,1,1,0.0,0,0.83,0,documented_context
TMALR-0000581,CUST-000087,30,41258.43,33756.9,27,0,1,1,0.6,1,0.0,0,below_typology
TMALR-0000582,CUST-000118,30,14213.16,12785.36,7,0,1,1,0.0,0,0.0,0,within_profile
TMALR-0000583,CUST-000092,30,20770.91,16994.38,35,0,1,1,0.72,1,0.0,0,below_typology
TMALR-0000584,CUST-000007,30,18542246.21,3849296.69,232,0,1,1,0.0,0,0.0,0,ambiguous_residual
TMALR-0000585,CUST-000084,30,1315223.06,691384.79,116,0,1,1,0.0,0,0.0,0,within_profile
TMALR-0000586,CUST-000089,30,56744.67,0.0,26,2,1,1,0.0,0,0.0,0,below_typology
TMALR-0000587,CUST-000020,30,14834.71,10620.32,14,0,1,1,0.0,0,0.0,0,within_profile
TMALR-0000588,CUST-000025,30,487657.35,0.0,106,1,1,1,0.0,0,0.0,0,below_typology
TMALR-0000589,CUST-000068,30,26429.42,17619.61,24,0,1,1,0.0,0,0.89,0,documented_context
TMALR-0000590,CUST-000024,30,2831952.63,0.0,265,2,1,1,0.0,0,0.0,0,below_typology
TMALR-0000591,CUST-000071,30,37058.23,0.0,11,2,1,1,0.0,0,0.0,0,below_typology
TMALR-0000592,CUST-000070,30,17702.51,11801.68,77,0,1,1,0.0,0,0.0,0,documented_context
TMALR-0000593,CUST-000043,30,86339.26,49062.05,60,0,1,1,0.0,0,0.0,0,within_profile
TMALR-0000594,CUST-000014,30,10884.26,6819.43,18,0,1,1,0.0,0,0.0,0,within_profile
TMALR-0000595,CUST-000101,30,196689.28,131126.19,64,0,1,1,0.0,0,0.73,0,documented_context
TMALR-0000596,CUST-000106,30,453164.06,410235.23,10,0,8,2,0.0,0,0.0,1,
TMALR-0000597,CUST-000040,30,9744.82,2938.88,7,0,1,1,0.0,0,0.0,0,within_profile
TMALR-0000598,CUST-000024,30,1408535.35,939023.57,832,0,1,1,0.0,0,0.0,0,documented_context
TMALR-0000599,CUST-000025,30,200246.43,66428.65,55,0,1,1,0.0,0,0.0,0,within_profile
TMALR-0000600,CUST-000010,30,544869.38,234598.66,192,0,1,1,0.0,0,0.0,0,within_profile
TMALR-0000601,CUST-000005,30,40375.79,26917.2,12,0,4,2,0.0,0,0.0,0,below_typology
TMALR-0000602,CUST-000117,30,122495.62,63342.63,56,0,1,1,0.0,0,0.0,0,ambiguous_residual
TMALR-0000603,CUST-000054,30,35834.27,29318.95,38,0,1,1,0.67,1,0.0,0,below_typology
TMALR-0000604,CUST-000057,30,48748.61,32499.07,84,0,1,1,0.0,0,0.0,0,documented_context
TMALR-0000605,CUST-000026,30,847791.28,751138.09,168,0,1,1,0.0,0,0.0,0,within_profile
TMALR-0000606,CUST-000033,30,14517.17,8116.27,11,0,1,1,0.0,0,0.0,0,within_profile
TMALR-0000607,CUST-000026,30,2302175.23,1534783.49,326,0,4,2,0.0,0,0.0,0,below_typology
TMALR-0000608,CUST-000073,30,46952.56,38415.73,21,0,1,1,0.65,1,0.0,0,below_typology
TMALR-0000609,CUST-000048,30,944831.78,773044.18,485,0,1,1,0.63,1,0.0,0,below_typology
TMALR-0000610,CUST-000063,30,13411.68,4051.87,8,0,1,1,0.0,0,0.0,0,within_profile
TMALR-0000611,CUST-000062,30,19313.63,9571.25,15,0,1,1,0.0,0,0.0,0,within_profile
TMALR-0000612,CUST-000006,30,8353.32,5568.88,20,0,1,1,0.0,0,0.84,0,documented_context
TMALR-0000613,CUST-000035,30,14792.13,9861.42,16,0,1,1,0.0,0,0.88,0,documented_context
TMALR-0000614,CUST-000015,30,124187.46,52246.32,68,0,1,1,0.0,0,0.0,0,within_profile
TMALR-0000615,CUST-000068,30,20687.63,13791.75,30,0,4,2,0.0,0,0.0,0,below_typology
TMALR-0000616,CUST-000010,30,816195.61,667796.41,256,0,1,1,0.78,1,0.0,0,below_typology
TMALR-0000617,CUST-000118,30,29164.27,23861.67,14,0,1,1,0.68,1,0.0,0,below_typology
TMALR-0000618,CUST-000043,30,48092.27,32726.45,53,0,1,1,0.0,0,0.0,0,within_profile
TMALR-0000619,CUST-000034,30,23925.19,15950.12,23,0,4,2,0.0,0,0.0,0,below_typology
TMALR-0000620,CUST-000016,30,2625960.83,807524.87,481,0,1,1,0.0,0,0.0,0,ambiguous_residual
TMALR-0000621,CUST-000021,30,100979.55,90028.62,87,0,1,1,0.0,0,0.0,0,within_profile
TMALR-0000622,CUST-000098,30,19004.93,7047.1,13,0,1,1,0.0,0,0.0,0,within_profile
TMALR-0000623,CUST-000083,30,23818.7,14788.24,11,0,1,1,0.0,0,0.0,0,within_profile
TMALR-0000624,CUST-000016,30,1173544.68,0.0,211,1,1,1,0.0,0,0.0,0,below_typology
TMALR-0000625,CUST-000041,30,37343.84,17023.71,86,0,1,1,0.0,0,0.0,0,ambiguous_residual
TMALR-0000626,CUST-000017,30,69678.78,0.0,32,2,1,1,0.0,0,0.0,0,below_typology
TMALR-0000627,CUST-000072,30,33302.25,27247.3,34,0,1,1,0.66,1,0.0,0,below_typology
TMALR-0000628,CUST-000103,30,30784.38,20522.92,34,0,4,1,0.0,0,0.0,0,below_typology
TMALR-0000629,CUST-000104,30,1400180.92,1188479.56,97,0,1,1,0.0,0,0.0,0,within_profile
TMALR-0000630,CUST-000062,30,51786.62,34524.42,24,0,1,1,0.0,0,0.55,0,documented_context
TMALR-0000631,CUST-000029,30,181337.19,91570.42,24,0,1,1,0.0,0,0.0,0,within_profile
TMALR-0000632,CUST-000031,30,303775.08,202516.72,108,0,4,1,0.0,0,0.0,0,below_typology
TMALR-0000633,CUST-000030,30,29116.72,23822.77,26,0,1,1,0.75,1,0.0,0,below_typology
TMALR-0000634,CUST-000095,30,7269.9,5250.45,8,0,1,1,0.0,0,0.0,0,within_profile
TMALR-0000635,CUST-000014,30,16257.63,7465.09,12,0,1,1,0.0,0,0.0,0,within_profile
TMALR-0000636,CUST-000002,30,4944.77,1307.19,8,0,1,1,0.0,0,0.0,0,within_profile
TMALR-0000637,CUST-000016,30,510174.31,200244.14,94,0,1,1,0.0,0,0.0,0,within_profile
TMALR-0000638,CUST-000043,30,132642.38,88428.26,110,0,4,2,0.0,0,0.0,0,below_typology
TMALR-0000639,CUST-000010,30,679260.39,185496.15,119,0,1,1,0.0,0,0.0,0,within_profile
TMALR-0000640,CUST-000060,30,6405.0,1927.14,6,0,1,1,0.0,0,0.0,0,within_profile
TMALR-0000641,CUST-000098,30,20094.63,12556.24,25,0,1,1,0.0,0,0.0,0,within_profile
TMALR-0000642,CUST-000025,30,846712.33,200682.55,197,0,1,1,0.0,0,0.0,0,ambiguous_residual
TMALR-0000643,CUST-000087,30,82368.2,0.0,36,1,1,1,0.0,0,0.0,0,below_typology
TMALR-0000644,CUST-000015,30,402194.13,0.0,106,2,1,1,0.0,0,0.0,0,below_typology
TMALR-0000645,CUST-000027,30,803258.62,548149.67,152,0,1,1,0.0,0,0.0,0,ambiguous_residual
TMALR-0000646,CUST-000101,30,63056.26,0.0,8,7,1,1,0.0,0,0.0,1,
TMALR-0000647,CUST-000059,30,347307.35,231538.23,79,0,1,1,0.0,0,0.82,0,documented_context
TMALR-0000648,CUST-000087,30,39857.36,32610.57,36,0,1,1,0.61,1,0.0,0,below_typology
TMALR-0000649,CUST-000068,30,11521.86,9904.26,13,0,1,1,0.0,0,0.0,0,within_profile
TMALR-0000650,CUST-000095,30,11750.68,7833.78,24,0,1,1,0.0,0,0.81,0,documented_context
TMALR-0000651,CUST-000048,30,56620.63,0.0,6,6,1,1,0.0,0,0.0,1,
TMALR-0000652,CUST-000089,30,18786.89,9252.81,19,0,1,1,0.0,0,0.0,0,within_profile
TMALR-0000653,CUST-000111,30,315930.96,258488.97,82,0,1,1,0.63,1,0.0,0,below_typology
TMALR-0000654,CUST-000104,30,4434248.74,0.0,173,2,1,1,0.0,0,0.0,0,below_typology
TMALR-0000655,CUST-000079,30,7011078.31,1640230.89,441,0,1,1,0.0,0,0.0,0,ambiguous_residual
TMALR-0000656,CUST-000066,30,315476.25,210317.5,132,0,1,1,0.0,0,0.0,0,documented_context
TMALR-0000657,CUST-000036,30,2062993.93,917043.36,134,0,1,1,0.0,0,0.0,0,within_profile
TMALR-0000658,CUST-000106,30,1285738.63,1036801.2,78,0,1,1,0.0,0,0.0,0,within_profile
TMALR-0000659,CUST-000004,30,28999.04,9620.52,19,0,1,1,0.0,0,0.0,0,within_profile
TMALR-0000660,CUST-000035,30,10302.85,6868.56,11,0,1,1,0.0,0,0.8,0,documented_context
TMALR-0000661,CUST-000117,30,510458.98,365067.52,14,0,8,2,0.0,0,0.0,1,
TMALR-0000662,CUST-000105,30,90894.54,25135.09,72,0,1,1,0.0,0,0.0,0,ambiguous_residual
TMALR-0000663,CUST-000009,30,100051.55,91112.49,32,0,1,1,0.0,0,0.0,0,within_profile
TMALR-0000664,CUST-000029,30,127606.73,101556.34,31,0,1,1,0.0,0,0.0,0,within_profile
TMALR-0000665,CUST-000022,30,30600.62,25036.87,36,0,1,1,0.62,1,0.0,0,below_typology
TMALR-0000666,CUST-000058,30,283740.22,167987.3,127,0,1,1,0.0,0,0.0,0,within_profile
TMALR-0000667,CUST-000064,30,43502.65,35593.08,11,0,1,1,0.68,1,0.0,0,below_typology
TMALR-0000668,CUST-000041,30,7136.93,4305.91,23,0,1,1,0.0,0,0.0,0,within_profile
TMALR-0000669,CUST-000030,30,13715.86,10595.35,18,0,1,1,0.0,0,0.0,0,within_profile
TMALR-0000670,CUST-000057,30,18638.27,11465.84,23,0,1,1,0.0,0,0.0,0,within_profile
TMALR-0000671,CUST-000066,30,429769.72,0.0,52,2,1,1,0.0,0,0.0,0,below_typology
TMALR-0000672,CUST-000040,30,6873.94,2333.27,9,0,1,1,0.0,0,0.0,0,within_profile
TMALR-0000673,CUST-000071,30,46473.26,0.0,12,1,1,1,0.0,0,0.0,0,below_typology
TMALR-0000674,CUST-000033,30,17082.81,8238.31,8,0,1,1,0.0,0,0.0,0,within_profile
TMALR-0000675,CUST-000051,30,9432.29,7255.2,9,0,1,1,0.0,0,0.0,0,within_profile
TMALR-0000676,CUST-000062,30,47916.25,39204.2,25,0,1,1,0.76,1,0.0,0,below_typology
TMALR-0000677,CUST-000004,30,91080.29,0.0,27,1,1,1,0.0,0,0.0,0,below_typology
TMALR-0000678,CUST-000112,30,8661.75,5198.02,30,0,1,1,0.0,0,0.0,0,within_profile
TMALR-0000679,CUST-000083,30,28679.35,8155.35,15,0,1,1,0.0,0,0.0,0,within_profile
TMALR-0000680,CUST-000067,30,101249.09,51700.03,50,0,1,1,0.0,0,0.0,0,within_profile
TMALR-0000681,CUST-000006,30,9010.6,2263.78,21,0,1,1,0.0,0,0.0,0,within_profile
TMALR-0000682,CUST-000011,30,45214.89,30143.26,34,0,3,1,0.0,0,0.0,0,below_typology
TMALR-0000683,CUST-000095,30,22461.06,0.0,17,2,1,1,0.0,0,0.0,0,below_typology
TMALR-0000684,CUST-000018,30,33049.97,22033.32,28,0,1,1,0.0,0,0.0,0,documented_context
TMALR-0000685,CUST-000071,30,47329.74,0.0,13,1,1,1,0.0,0,0.0,0,below_typology
TMALR-0000686,CUST-000040,30,18203.13,12135.42,30,0,1,1,0.0,0,0.0,0,documented_context
TMALR-0000687,CUST-000024,30,750731.83,356275.88,113,0,1,1,0.0,0,0.0,0,within_profile
TMALR-0000688,CUST-000078,30,138041.35,30072.47,71,0,1,1,0.0,0,0.0,0,ambiguous_residual
TMALR-0000689,CUST-000029,30,612319.78,330394.75,116,0,1,1,0.0,0,0.0,0,ambiguous_residual
TMALR-0000690,CUST-000006,30,5561.13,2541.92,11,0,1,1,0.0,0,0.0,0,within_profile
TMALR-0000691,CUST-000043,30,61598.74,53888.05,60,0,1,1,0.0,0,0.0,0,within_profile
TMALR-0000692,CUST-000026,30,28475.35,0.0,4,3,1,1,0.0,0,0.0,1,
TMALR-0000693,CUST-000079,30,1987708.59,1626307.03,228,0,1,1,0.73,1,0.0,0,below_typology
TMALR-0000694,CUST-000067,30,498669.56,379072.22,184,0,1,1,0.0,0,0.0,0,ambiguous_residual
TMALR-0000695,CUST-000006,30,22289.66,0.0,30,2,1,1,0.0,0,0.0,0,below_typology
TMALR-0000696,CUST-000080,30,227495.77,151663.85,60,0,1,1,0.0,0,0.65,0,documented_context
TMALR-0000697,CUST-000048,30,623927.14,251260.58,356,0,1,1,0.0,0,0.0,0,within_profile
TMALR-0000698,CUST-000011,30,44450.91,29633.94,37,0,3,1,0.0,0,0.0,0,below_typology
TMALR-0000699,CUST-000042,30,410465.79,0.0,67,2,1,1,0.0,0,0.0,0,below_typology
TMALR-0000700,CUST-000038,30,12222.8,3181.37,19,0,1,1,0.0,0,0.0,0,within_profile
TMALR-0000701,CUST-000112,30,24224.5,0.0,44,2,1,1,0.0,0,0.0,0,below_typology
TMALR-0000702,CUST-000050,30,57339.94,51601.24,32,0,1,1,0.0,0,0.0,0,within_profile
TMALR-0000703,CUST-000080,30,313805.54,256749.99,84,0,1,1,0.63,1,0.0,0,below_typology
TMALR-0000704,CUST-000042,30,489875.41,396441.87,135,0,1,1,0.0,0,0.0,0,ambiguous_residual
TMALR-0000705,CUST-000024,30,1847878.18,1231918.79,822,0,1,1,0.0,0,0.0,0,documented_context
TMALR-0000706,CUST-000116,30,16533.88,13884.68,10,0,1,1,0.0,0,0.0,0,within_profile
TMALR-0000707,CUST-000071,30,14623.8,5805.29,5,0,1,1,0.0,0,0.0,0,within_profile
TMALR-0000708,CUST-000003,30,181924.16,56184.14,26,0,1,1,0.0,0,0.0,0,within_profile
TMALR-0000709,CUST-000119,30,400726.97,327867.52,58,0,1,1,0.65,1,0.0,0,below_typology
TMALR-0000710,CUST-000023,30,9652.06,2476.89,17,0,1,1,0.0,0,0.0,0,within_profile
TMALR-0000711,CUST-000076,30,314921.97,209947.98,106,0,3,2,0.0,0,0.0,0,below_typology
TMALR-0000712,CUST-000059,30,353359.29,235572.86,99,0,1,1,0.0,0,0.85,0,documented_context
TMALR-0000713,CUST-000024,30,633924.09,384302.33,235,0,1,1,0.0,0,0.0,0,within_profile
TMALR-0000714,CUST-000028,30,48185.53,5635.17,28,0,1,1,0.0,0,0.0,0,ambiguous_residual
TMALR-0000715,CUST-000056,30,70468.74,30782.77,23,0,1,1,0.0,0,0.0,0,ambiguous_residual
TMALR-0000716,CUST-000051,30,13041.12,6070.14,16,0,1,1,0.0,0,0.0,0,within_profile
TMALR-0000717,CUST-000095,30,8512.25,4368.55,12,0,1,1,0.0,0,0.0,0,within_profile
TMALR-0000718,CUST-000013,30,17921.93,6034.57,11,0,1,1,0.0,0,0.0,0,within_profile
TMALR-0000719,CUST-000050,30,159453.39,106302.26,46,0,3,1,0.0,0,0.0,0,below_typology
TMALR-0000720,CUST-000038,30,13459.11,9517.5,14,0,1,1,0.0,0,0.0,0,within_profile
TMALR-0000721,CUST-000088,30,343000.62,272914.59,161,0,1,1,0.0,0,0.0,0,ambiguous_residual
TMALR-0000722,CUST-000017,30,20633.27,13755.51,33,0,1,1,0.0,0,0.86,0,documented_context
TMALR-0000723,CUST-000041,30,4868.98,3925.14,23,0,1,1,0.0,0,0.0,0,within_profile
TMALR-0000724,CUST-000058,30,163859.39,110509.72,200,0,1,1,0.0,0,0.0,0,within_profile
TMALR-0000725,CUST-000093,30,486909.22,424480.0,58,0,1,1,0.0,0,0.0,0,within_profile
TMALR-0000726,CUST-000049,30,4462810.27,3651390.22,348,0,1,1,0.78,1,0.0,0,below_typology
TMALR-0000727,CUST-000098,30,12824.79,8530.0,24,0,1,1,0.0,0,0.0,0,within_profile
TMALR-0000728,CUST-000018,30,13301.88,5338.27,7,0,1,1,0.0,0,0.0,0,within_profile
TMALR-0000729,CUST-000055,30,347691.25,231794.17,133,0,1,1,0.0,0,0.86,0,documented_context
TMALR-0000730,CUST-000097,30,52127.64,29629.3,47,0,1,1,0.0,0,0.0,0,within_profile
TMALR-0000731,CUST-000112,30,6317.61,4862.77,26,0,1,1,0.0,0,0.0,0,within_profile
TMALR-0000732,CUST-000076,30,338752.44,277161.09,88,0,1,1,0.65,1,0.0,0,below_typology
TMALR-0000733,CUST-000026,30,1189641.9,793094.6,866,0,1,1,0.0,0,0.0,0,documented_context
TMALR-0000734,CUST-000109,30,131625.97,128390.78,5,0,1,1,0.98,1,0.0,1,
TMALR-0000735,CUST-000022,30,25635.52,20974.52,32,0,1,1,0.73,1,0.0,0,below_typology
TMALR-0000736,CUST-000022,30,37123.9,24749.27,44,0,1,1,0.0,0,0.68,0,documented_context
TMALR-0000737,CUST-000098,30,491298.89,447488.5,15,0,13,1,0.0,0,0.0,1,
TMALR-0000738,CUST-000088,30,92464.5,61961.49,39,0,1,1,0.0,0,0.0,0,within_profile
TMALR-0000739,CUST-000007,30,1857049.69,726065.85,73,0,1,1,0.0,0,0.0,0,within_profile
TMALR-0000740,CUST-000088,30,158638.77,129795.35,73,0,1,1,0.65,1,0.0,0,below_typology
TMALR-0000741,CUST-000067,30,167526.25,76335.14,89,0,1,1,0.0,0,0.0,0,within_profile
TMALR-0000742,CUST-000093,30,3011945.3,0.0,95,1,1,1,0.0,0,0.0,0,below_typology
TMALR-0000743,CUST-000000,30,365815.79,167478.94,158,0,1,1,0.0,0,0.0,0,ambiguous_residual
TMALR-0000744,CUST-000078,30,24549.32,14779.15,18,0,1,1,0.0,0,0.0,0,within_profile
TMALR-0000745,CUST-000001,30,135400.3,90266.87,91,0,3,2,0.0,0,0.0,0,below_typology
TMALR-0000746,CUST-000098,30,30366.86,20244.58,32,0,4,1,0.0,0,0.0,0,below_typology
TMALR-0000747,CUST-000106,30,1085142.89,461213.27,156,0,1,1,0.0,0,0.0,0,within_profile
TMALR-0000748,CUST-000061,30,2247226.56,1838639.91,174,0,1,1,0.77,1,0.0,0,below_typology
TMALR-0000749,CUST-000094,30,491132.75,327421.83,506,0,1,1,0.0,0,0.0,0,documented_context
TMALR-0000750,CUST-000002,30,10021.32,6680.88,22,0,3,1,0.0,0,0.0,0,below_typology
TMALR-0000751,CUST-000048,30,715678.96,235109.27,288,0,1,1,0.0,0,0.0,0,within_profile
TMALR-0000752,CUST-000110,30,33384.92,22256.61,33,0,3,2,0.0,0,0.0,0,below_typology
TMALR-0000753,CUST-000030,30,29848.68,19899.12,27,0,3,2,0.0,0,0.0,0,below_typology
TMALR-0000754,CUST-000004,30,34219.72,9991.45,16,0,1,1,0.0,0,0.0,0,within_profile
TMALR-0000755,CUST-000061,30,27918.31,0.0,4,3,1,1,0.0,0,0.0,1,
TMALR-0000756,CUST-000039,30,707018.38,561590.13,284,0,1,1,0.0,0,0.0,0,ambiguous_residual
TMALR-0000757,CUST-000086,30,14203127.31,10197733.61,134,0,1,1,0.0,0,0.0,0,ambiguous_residual
TMALR-0000758,CUST-000014,30,69506.98,10117.49,53,0,1,1,0.0,0,0.0,0,ambiguous_residual
TMALR-0000759,CUST-000059,30,184829.25,163293.77,81,0,1,1,0.0,0,0.0,0,within_profile
TMALR-0000760,CUST-000097,30,66096.88,20007.05,32,0,1,1,0.0,0,0.0,0,within_profile
TMALR-0000761,CUST-000040,30,11976.01,5099.95,7,0,1,1,0.0,0,0.0,0,within_profile
TMALR-0000762,CUST-000079,30,807048.2,713639.68,174,0,1,1,0.0,0,0.0,0,within_profile
TMALR-0000763,CUST-000090,30,21817.99,10638.4,5,0,1,1,0.0,0,0.0,0,within_profile
TMALR-0000764,CUST-000069,30,376675.25,305670.86,164,0,1,1,0.0,0,0.0,0,ambiguous_residual
TMALR-0000765,CUST-000006,30,4290.45,2656.8,18,0,1,1,0.0,0,0.0,0,within_profile
TMALR-0000766,CUST-000088,30,179624.84,119749.9,69,0,4,1,0.0,0,0.0,0,below_typology
TMALR-0000767,CUST-000066,30,158237.99,105491.99,137,0,1,1,0.0,0,0.0,0,documented_context
TMALR-0000768,CUST-000102,30,22575.22,12671.98,20,0,1,1,0.0,0,0.0,0,within_profile
TMALR-0000769,CUST-000057,30,33738.08,22492.05,72,0,1,1,0.0,0,0.0,0,documented_context
TMALR-0000770,CUST-000046,30,19901.39,8133.3,10,0,1,1,0.0,0,0.0,0,within_profile
TMALR-0000771,CUST-000058,30,1027245.31,925150.32,422,0,1,1,0.0,0,0.0,0,ambiguous_residual
TMALR-0000772,CUST-000038,30,25987.1,17324.74,68,0,1,1,0.0,0,0.0,0,documented_context
TMALR-0000773,CUST-000099,30,24076.28,16050.85,49,0,1,1,0.0,0,0.0,0,documented_context
TMALR-0000774,CUST-000075,30,10007.99,8188.36,23,0,1,1,0.63,1,0.0,0,below_typology
TMALR-0000775,CUST-000026,30,1463447.96,697289.2,227,0,1,1,0.0,0,0.0,0,within_profile
TMALR-0000776,CUST-000066,30,288951.53,192634.35,132,0,1,1,0.0,0,0.0,0,documented_context
TMALR-0000777,CUST-000109,30,11394.5,7596.34,60,0,1,1,0.0,0,0.0,0,documented_context
TMALR-0000778,CUST-000022,30,22159.0,14772.67,34,0,1,1,0.0,0,0.76,0,documented_context
TMALR-0000779,CUST-000104,30,2569787.11,2102553.09,182,0,1,1,0.61,1,0.0,0,below_typology
TMALR-0000780,CUST-000074,30,130881.24,58571.12,46,0,1,1,0.0,0,0.0,0,within_profile
TMALR-0000781,CUST-000068,30,10221.02,4707.33,16,0,1,1,0.0,0,0.0,0,within_profile
TMALR-0000782,CUST-000038,30,85784.09,13355.98,52,0,1,1,0.0,0,0.0,0,ambiguous_residual
TMALR-0000783,CUST-000117,30,78174.5,0.0,20,2,1,1,0.0,0,0.0,0,below_typology
TMALR-0000784,CUST-000007,30,12152191.13,4736312.31,149,0,1,1,0.0,0,0.0,0,ambiguous_residual
TMALR-0000785,CUST-000042,30,133961.81,89307.87,51,0,1,1,0.0,0,0.56,0,documented_context
TMALR-0000786,CUST-000080,30,293364.76,195576.51,82,0,4,1,0.0,0,0.0,0,below_typology
TMALR-0000787,CUST-000024,30,1772153.09,1181435.4,313,0,4,1,0.0,0,0.0,0,below_typology
TMALR-0000788,CUST-000016,30,1308946.71,1166844.24,251,0,1,1,0.0,0,0.0,0,ambiguous_residual
TMALR-0000789,CUST-000055,30,1042172.11,0.0,151,2,1,1,0.0,0,0.0,0,below_typology
TMALR-0000790,CUST-000089,30,99866.57,49125.38,47,0,1,1,0.0,0,0.0,0,ambiguous_residual
TMALR-0000791,CUST-000057,30,40471.07,26980.72,28,0,3,2,0.0,0,0.0,0,below_typology
TMALR-0000792,CUST-000064,30,24213.5,6910.48,9,0,1,1,0.0,0,0.0,0,within_profile
TMALR-0000793,CUST-000004,30,199264.51,185948.07,5,0,1,1,0.93,1,0.0,1,
TMALR-0000794,CUST-000115,30,437190.9,291460.6,262,0,1,1,0.0,0,0.0,0,documented_context
TMALR-0000795,CUST-000011,30,122727.71,40416.51,83,0,1,1,0.0,0,0.0,0,ambiguous_residual
TMALR-0000796,CUST-000066,30,311027.42,207351.62,98,0,1,1,0.0,0,0.0,0,documented_context
TMALR-0000797,CUST-000059,30,287237.51,191491.67,149,0,1,1,0.0,0,0.75,0,documented_context
TMALR-0000798,CUST-000102,30,12571.95,10275.65,23,0,1,1,0.0,0,0.0,0,within_profile
TMALR-0000799,CUST-000100,30,17416.14,16178.17,8,0,1,1,0.0,0,0.0,0,within_profile
